lat,lon,A,T,quadrant
40.771196491803295,-73.94672557377054,0.037717903118168306,0.8159175642681298,Unsustained node
40.69590727000001,-73.98321465,0.20238330493324336,0.7846039687990645,Stress / balance
40.583151104,-73.973074768,0.12310486097175995,0.7270843522826391,Unsustained place
40.702293,-73.79116999999998,0.04110837997506477,0.7771934914682126,Unsustained node
40.60885929906544,-74.15330850467288,0.01370279332502159,0.6934621631214204,Dependence
40.72592277419356,-73.89534064516127,0.0725551319097684,0.7702792484732462,Unsustained place
40.72467904487179,-73.75405994871792,0.01370279332502159,0.7664138110257589,Dependence
40.79487852325581,-73.97163802906978,0.08357577846773542,0.8305502403955666,Stress / balance
40.71042394047618,-73.85964504761904,0.01370279332502159,0.7683274162272091,Dependence
40.60251660655738,-73.99322783606556,0.052779714960795775,0.8290666765970297,Stress / balance
40.76880299999999,-73.95837000000003,0.06979893745729754,0.808895983657665,Stress / balance
40.72255917156863,-73.9404645,0.04514954525972522,0.809367551462004,Stress / balance
40.79677048800001,-73.9293149,0.09165810903705632,0.6722926845127923,Unsustained place
40.58420188038277,-73.96382555023924,0.07320582033753238,0.7293944999754749,Unsustained place
40.73013938016529,-73.86236991735535,0.05617019181769224,0.7761242898393023,Unsustained place
40.75727388095238,-73.97812048809521,0.02740558665004318,0.8381272935917614,Unsustained node
40.65069254929576,-73.95244864788732,0.06021135710235269,0.8036763905083768,Stress / balance
40.76931800000001,-73.86660000000002,0.0,0.661286337886224,Dependence
40.68309399999999,-73.8058194059406,0.02740558665004318,0.8049176624225157,Unsustained node
40.71228827272728,-73.7853294242424,0.10131973707741745,0.7590131791915136,Unsustained place
40.86235647887322,-73.89405707042253,0.06851396662510796,0.796010730363011,Stress / balance
40.73134559999999,-73.92602033333335,0.0,0.7940252102490113,Unsustained node
40.75538123655912,-73.82828111827955,0.07659629719442884,0.7682262201641868,Unsustained place
40.66607699999999,-73.995224,0.024723439882988613,0.7871556691300766,Unsustained node
40.73661728571428,-73.86581053571429,0.0,0.7866565072144607,Unsustained node
40.85314999999999,-73.90561,0.09323740650809657,0.6657289033451788,Unsustained place
40.83356815,-73.86146242,0.07953461318307498,0.802243390776058,Stress / balance
40.749897,-73.93782,0.11234038363538448,0.8009264381372356,Stress / balance
40.63048449756097,-73.88592258536586,0.02740558665004318,0.7545753520566436,Dependence
40.75140140151515,-73.97106347727274,0.1451102638195368,0.7907021191170291,Stress / balance
40.76990155555555,-73.83649051851854,0.06989838693247767,0.7454400049760964,Unsustained place
40.71582,-73.80799,0.028056275077807162,0.7688079020767369,Dependence
40.68439500000001,-73.97834999999999,0.1972751806207258,0.8286971538434725,Stress / balance
40.66184253846154,-73.8930931153846,0.1024225863734318,0.8344746220385957,Stress / balance
40.56151320000002,-74.17184616666667,0.06314967309099881,0.7373117920509566,Unsustained place
40.60603547368421,-74.07605421052632,0.01370279332502159,0.6667984902051375,Dependence
40.63390011224491,-73.94775567346939,0.024723439882988613,0.814218136165533,Unsustained node
40.78454229310344,-73.97359362068967,0.1161253796984534,0.8112301822922514,Stress / balance
40.58489359375,-73.95269796875,0.0761441363261785,0.7781560035419178,Stress / balance
40.64238935106384,-73.92538868085107,0.03144675193470363,0.774936292277465,Dependence
40.58581789333334,-73.95180484000001,0.08018530161083895,0.8047741841293926,Stress / balance
40.66838997637795,-73.92011869291342,0.04514954525972522,0.7679672884613111,Unsustained place
40.75399182,-73.90030252,0.03144675193470363,0.7642035905980638,Dependence
40.748773511363645,-73.89265896590906,0.11931986490869105,0.7959614238883641,Stress / balance
40.75822608641976,-73.77732172839507,0.0,0.7183541757423644,Dependence
40.75961769306932,-73.99549593069308,0.07391415042737429,0.7942127416022191,Stress / balance
40.66752100000001,-73.78062911392405,0.0,0.7904547194761102,Unsustained node
40.811264,-73.95782,0.17086250531312347,0.7651195976746334,Unsustained place
40.722476339622645,-73.98715309433963,0.14646928233714268,0.8146832551316922,Stress / balance
40.81934,-73.93012,0.05617019181769224,0.7598631021304337,Unsustained place
40.70256266538461,-73.96058157692306,0.15161329691781747,0.746725780707925,Unsustained place
40.81465102631579,-73.93623350000003,0.10465257227223601,0.8016544185228255,Stress / balance
40.84008999999999,-73.88036,0.08761694375239587,0.6550381146648288,Unsustained place
40.726624925925925,-73.75730896296297,0.01370279332502159,0.33678109185870786,Dependence
40.732130782608685,-73.87024608695651,0.052129026533031794,0.6954292399544494,Unsustained place
40.75725570676692,-73.83398886466168,0.02740558665004318,0.7955342899072427,Unsustained node
40.887406611570256,-73.89443867768594,0.01370279332502159,0.6377651556958474,Dependence
40.75398715384616,-73.97211273076921,0.06851396662510796,0.7913584919727856,Stress / balance
40.81802695000001,-73.96042508333333,0.06851396662510796,0.800301249475004,Stress / balance
40.77299396610171,-73.98216224576271,0.3972728231096405,0.7795417716563855,Stress / balance
40.61304307246378,-74.12251326086957,0.01370279332502159,0.772752066573623,Dependence
40.67176957377051,-73.95311140983608,0.024723439882988613,0.8189789711893933,Unsustained node
40.638786,-73.94538000000001,0.03144675193470363,0.6827678820001849,Dependence
40.71619290495867,-73.99609921900827,0.1972751806207258,0.7915577126695228,Stress / balance
40.822949035714295,-73.93811857142857,0.1642132409468247,0.8093381129011488,Stress / balance
40.654098478873216,-73.96176939436619,0.052129026533031794,0.8037763931012523,Stress / balance
40.67827308,-73.91080579999999,0.06021135710235269,0.8241172871548255,Stress / balance
40.6665011392405,-73.80628311392402,0.01370279332502159,0.7123773156213802,Dependence
40.66637641880342,-73.80173923076923,0.0,0.4731774314925494,Dependence
40.88256088000001,-73.82694070000001,0.0,0.6379465209514718,Dependence
40.66708034374999,-73.810318484375,0.03144675193470363,0.8132014868781117,Unsustained node
40.702595,-73.8553,0.02740558665004318,0.7618754166895556,Dependence
40.61132830833333,-74.09845420833332,0.05877829089933052,0.6970802409459377,Unsustained place
40.748743315068495,-73.98013989041095,0.027331538964626884,0.8226313178579612,Unsustained node
40.76780300000002,-73.95601,0.04873854967613533,0.7957545645375292,Stress / balance
40.77465218,-73.9541016,0.035487917219364076,0.8022058847036865,Unsustained node
40.66526079861111,-73.73540990277777,0.0384262332080102,0.7563363045694248,Dependence
40.77622377358492,-73.97595754716983,0.0384262332080102,0.78424950948795,Unsustained node
40.73258203571429,-73.9251524642857,0.0,0.8121084285593103,Unsustained node
40.74287865562915,-73.9928271655629,0.14396925710626338,0.801290777609184,Stress / balance
40.63590472072071,-73.7402267747748,0.0,0.7617103404349009,Dependence
40.753837278688536,-73.8058076065574,0.01370279332502159,0.7514758123242415,Dependence
40.63050535294118,-73.92810960784315,0.01370279332502159,0.7575839498922535,Dependence
40.87461943537415,-73.90967659183674,0.052779714960795775,0.7314023544000635,Unsustained place
40.75268852830187,-74.00053203773584,0.08221675995012954,0.731419471273129,Unsustained place
40.84781608928571,-73.90751660714285,0.052129026533031794,0.7510982023244925,Unsustained place
40.82656596226414,-73.9310836226415,0.052129026533031794,0.6758110900202827,Unsustained place
40.762177,-73.96612999999999,0.1817866096996118,0.8031404132880169,Stress / balance
40.75502842307693,-73.87269376923078,0.07659629719442884,0.800666023060916,Stress / balance
40.78859188405797,-73.95530292753622,0.0835181368056575,0.7916496365651045,Stress / balance
40.632095,-73.91860999999999,0.08871979304841021,0.7813761684836406,Stress / balance
40.7640298125,-73.809022125,0.04514954525972522,0.8472823551113285,Stress / balance
40.65263,-74.00618000000001,0.12016654498311383,0.8111743462604476,Stress / balance
40.718667629310346,-73.98856844252872,0.31904642486464374,0.8121191682038813,Stress / balance
40.673072048484855,-73.91124051515153,0.04514954525972522,0.7799784551266208,Stress / balance
40.66437863013698,-73.92375410958905,0.07391415042737429,0.8391741270682338,Stress / balance
40.71343746268657,-73.93482752238806,0.01370279332502159,0.8264122519947787,Unsustained node
40.66077000000001,-73.91975000000001,0.03144675193470363,0.8150408435243526,Unsustained node
40.75355331578948,-73.98875954385966,0.09889375953195445,0.8177279615012636,Stress / balance
40.75455,-73.74316999999999,0.01370279332502159,0.16917440345804738,Dependence
40.731905375,-73.87123484375,0.052129026533031794,0.6792969006337722,Unsustained place
40.83874000000001,-73.91376500000001,0.1271460262564204,0.7194383936233744,Unsustained place
40.78883999999999,-73.81381,0.03144675193470363,0.7712398796703608,Dependence
40.80442225490196,-73.91921774509802,0.07659629719442884,0.7802125475345661,Stress / balance
40.7283035625,-73.87112017708336,0.0,0.7856525021975717,Unsustained node
40.717185999999984,-74.01289999999997,0.09591955327515113,0.7474623891934802,Unsustained place
40.844524,-73.90272500000002,0.05481117330008636,0.7947357675803535,Stress / balance
40.83140947368422,-73.92645140350879,0.04110837997506477,0.6955644747411637,Dependence
40.625757862745104,-74.01651764705882,0.06289350386940726,0.8183175610744878,Stress / balance
40.67659911320755,-73.93038981132075,0.04514954525972522,0.8112250375917182,Stress / balance
40.67612617857143,-73.81919958333334,0.04514954525972522,0.8518758588674611,Stress / balance
40.59514492063491,-74.0008720634921,0.04110837997506477,0.7590940207520791,Dependence
40.75704059836066,-73.96695538524592,0.11208421441379293,0.7694237821439589,Unsustained place
40.63458490566038,-74.02354247169811,0.1260685787501699,0.7988731556429196,Stress / balance
40.8037,-73.93582000000002,0.17452555741494985,0.8085440397353663,Stress / balance
40.74700954263565,-73.97719105426357,0.05473712561467006,0.7877099810657375,Stress / balance
40.592815,-73.90808000000001,0.02740558665004318,0.6237555758640804,Dependence
40.69122397297296,-73.85085591891892,0.03144675193470363,0.7639634800765427,Dependence
40.7433318559322,-73.95121576271187,0.10829921835072404,0.7845570911565432,Stress / balance
40.585006814814825,-73.92888096296296,0.12470956023256403,0.5639733631528985,Unsustained place
40.709392164383566,-73.96072556164383,0.15344876361044926,0.8081911580001,Stress / balance
40.77794934821429,-73.98206958928573,0.1327664890121211,0.7695985308842516,Unsustained place
40.71824818965517,-73.81507982758622,0.0,0.7478673684609789,Dependence
40.72070636538462,-73.76021471153845,0.03144675193470363,0.8160294067655267,Unsustained node
40.66928999999999,-73.84244500000001,0.02740558665004318,0.7045915725864877,Dependence
40.68914317808219,-73.99070616438358,0.20620232716165493,0.8373263535523042,Stress / balance
40.68591081967213,-73.84684427868851,0.07097583443872815,0.7768105173706359,Stress / balance
40.798609024691366,-73.94159096296299,0.10940206764673835,0.8076336613057151,Stress / balance
40.72597792485549,-74.0110230635838,0.02740558665004318,0.7628490998550419,Dependence
40.69733439655172,-73.78453586206898,0.04110837997506477,0.7931249590742236,Unsustained node
40.749820653543296,-73.97219667716537,0.1314074704945152,0.7841517077867125,Stress / balance
40.84285434391534,-73.83864931216932,0.0898469296512001,0.7385555548241891,Unsustained place
40.836502,-73.82516499999998,0.04514954525972522,0.7796654502853022,Stress / balance
40.82206755172415,-73.90063731034483,0.07659629719442884,0.6224162426672301,Unsustained place
40.69810335714286,-73.92528553571428,0.024723439882988613,0.7830880535882057,Unsustained node
40.669631731707305,-73.91069662601625,0.04514954525972522,0.815409821333691,Stress / balance
40.74347386363635,-73.73286075757575,0.037717903118168306,0.6478257375854006,Dependence
40.700511803921565,-73.79675923529412,0.0,0.782659155376699,Unsustained node
40.76733727272726,-73.96868218181818,0.0669346691540677,0.8192220128092387,Stress / balance
40.71789498816568,-73.98569938461539,0.2273883158275874,0.7832992712437793,Stress / balance
40.72644400000001,-73.76579000000002,0.02740558665004318,0.5619438552223113,Dependence
40.719535712121214,-73.99439666666665,0.09459642502570244,0.8272065681660968,Stress / balance
40.84029210126583,-73.92147354430382,0.04110837997506477,0.7270911721846316,Dependence
40.666367050847455,-73.78498440677964,0.01370279332502159,0.7359191603005574,Dependence
40.61700999999999,-73.969124,0.03144675193470363,0.8370568175896828,Unsustained node
40.58461758208955,-73.95086492537314,0.051420696443189896,0.7960818603454877,Stress / balance
40.76295437704919,-73.97392768032785,0.12202741346550947,0.7882718251979873,Stress / balance
40.903508107142855,-73.85032616666666,0.024723439882988613,0.6386916068539924,Dependence
40.66725974137931,-73.99454206896553,0.024723439882988613,0.7890395419913103,Unsustained node
40.76395588163264,-73.82814777959183,0.09029909051945044,0.7624528058910002,Unsustained place
40.74186148623855,-73.90750055045872,0.0,0.7830493638264642,Unsustained node
40.58036267499999,-73.967594375,0.05885233858474681,0.7548981758267947,Unsustained place
40.61617166071429,-73.95458535714286,0.035487917219364076,0.798359835838918,Unsustained node
40.85511136,-73.87218619999999,0.01370279332502159,0.6548076181036123,Dependence
40.64729744230769,-73.9802948846154,0.06289350386940726,0.8191587779420529,Stress / balance
40.71700536363636,-73.82646272727274,0.01370279332502159,0.6887013021653614,Dependence
40.57047644047619,-74.10975880952383,0.017743958609682038,0.7276358362730413,Dependence
40.82369922950819,-73.87810462295081,0.05323187582904612,0.7146476654618626,Unsustained place
40.85591999999999,-73.91719999999998,0.10686615214770186,0.7048531809651948,Unsustained place
40.814124825396846,-73.94084510317465,0.12937601215522462,0.7785800934094417,Stress / balance
40.64394362068965,-73.87581120689654,0.01370279332502159,0.7675053758378982,Dependence
40.62050563235295,-73.99248397058824,0.04246739849267065,0.8330292537820105,Stress / balance
40.74877847222222,-73.89351833333333,0.11931986490869105,0.7901537863427532,Stress / balance
40.65697769026548,-73.88941469026545,0.0806374624790893,0.767566172508162,Unsustained place
40.66065731304348,-73.88578883478263,0.0669346691540677,0.7133517489426583,Unsustained place
40.67919592391304,-73.95531347826083,0.06719083837565926,0.7666635504043045,Unsustained place
40.85817377358491,-73.91694094339624,0.06843991893969166,0.5852123941274386,Unsustained place
40.80183753846154,-73.93421051538463,0.06916465505287193,0.7754126344470627,Unsustained place
40.70241,-73.79253000000001,0.04110837997506477,0.775622370453324,Dependence
40.598361032258055,-73.90630548387097,0.01370279332502159,0.5172731129450265,Dependence
40.75340700000002,-73.85235600000003,0.08357577846773542,0.7350715747052239,Unsustained place
40.6663938347826,-73.75178600000001,0.024723439882988613,0.7931192736133281,Unsustained node
40.75450330985915,-73.96880341549296,0.09996071855981159,0.8224518912404827,Stress / balance
40.84938775342465,-73.87137452054793,0.01370279332502159,0.6229224493110712,Dependence
40.66689302684565,-73.80545899328857,0.01370279332502159,0.7040865637140268,Dependence
40.829945,-73.93005,0.01370279332502159,0.7057159579525033,Dependence
40.787061517241376,-73.94194172413792,0.17158724142630372,0.7401119451215507,Unsustained place
40.71266847252747,-73.90058912087915,0.0,0.8138871305595481,Unsustained node
40.84931472,-73.93374320000001,0.07391415042737429,0.876127324845754,Stress / balance
40.56039400000001,-74.12005600000002,0.0,0.7515752937962881,Dependence
40.6998538392857,-73.99103174107142,0.1383869517678218,0.7549867317737137,Unsustained place
40.75782466666666,-73.86100166666667,0.03144675193470363,0.803626652694434,Unsustained node
40.756663505747134,-73.82878514942527,0.10131973707741745,0.7629176992778876,Unsustained place
40.853474,-73.90645600000002,0.09323740650809657,0.6800386950240822,Unsustained place
40.744094956521735,-73.99565343478258,0.196123685429059,0.8002122065386125,Stress / balance
40.87910171874999,-73.84326093749999,0.01370279332502159,0.6829354131629755,Dependence
40.80271152222222,-73.93654500555554,0.12533484687056418,0.7913408431725028,Stress / balance
40.72891609090909,-73.92789304347826,0.01370279332502159,0.7093399150957777,Dependence
40.66627967108752,-73.76097159151195,0.0806374624790893,0.7692946784227079,Unsustained place
40.58612237254901,-73.93604156862746,0.02740558665004318,0.6979803268093069,Dependence
40.714472071428574,-73.94438849999999,0.06021135710235269,0.8436832420264758,Stress / balance
40.663520277777785,-73.95721472222223,0.0669346691540677,0.7866001185231128,Stress / balance
40.7672,-73.887825,0.04110837997506477,0.7369042422595306,Dependence
40.677397328125,-73.98306146875001,0.07391415042737429,0.7754322724390692,Unsustained place
40.67055500000001,-73.85634000000003,0.04110837997506477,0.7583624626702634,Dependence
40.68644803921569,-73.76118411764705,0.0,0.7042553663489884,Dependence
40.81569580000002,-73.95831025,0.1642132409468247,0.8145071914747206,Stress / balance
40.77120000000001,-73.83344999999998,0.06989838693247767,0.7641248953689841,Unsustained place
40.78950368421052,-73.82043914473682,0.0,0.7643756859043992,Dependence
40.86134700000001,-73.897736,0.08761694375239587,0.7953091746539012,Stress / balance
40.64404,-73.877525,0.02740558665004318,0.7503425483233387,Dependence
40.7005794375,-73.80774833928568,0.09191427825864787,0.7501605112470167,Unsustained place
40.81657098529411,-73.9167511470588,0.08754289606697957,0.7581420282186223,Unsustained place
40.59582917894737,-74.08590926315789,0.04246739849267065,0.633707354937971,Unsustained place
40.795254351063846,-73.97322308510637,0.07953461318307498,0.8265311279332885,Stress / balance
40.82522177173912,-73.94761608695651,0.09165810903705632,0.8585937769604273,Stress / balance
40.785866000000006,-73.95093499999999,0.13341717743988507,0.7895746782929502,Stress / balance
40.74464005882353,-73.99897258823529,0.2354960481866721,0.8168106089071779,Stress / balance
40.85049556692916,-73.91545850393699,0.0806374624790893,0.7231836872313397,Unsustained place
40.71162928395062,-73.72938956790122,0.07953461318307498,0.7470786266943008,Unsustained place
40.74447522754491,-73.77175982035926,0.01370279332502159,0.5405927118547132,Dependence
40.667960000000015,-73.77155000000003,0.0,0.8111941247805172,Unsustained node
40.82953037037037,-73.93197277777779,0.02740558665004318,0.721155314200044,Dependence
40.663738697674425,-73.95385883720927,0.01370279332502159,0.797905651434297,Unsustained node
40.7679372763158,-73.98571085526318,0.08279340069247723,0.7784995388159239,Stress / balance
40.75603499999999,-73.98695000000001,0.3155429998129302,0.7896874204910949,Stress / balance
40.59175499999999,-73.9083,0.02740558665004318,0.6091263593697961,Dependence
40.823780000000006,-73.83642599999999,0.035487917219364076,0.7151143008986264,Dependence
40.60850446575342,-74.13215506849315,0.0,0.6988467886183956,Dependence
40.84479358181817,-73.92258745454546,0.09591955327515113,0.7116195175740098,Unsustained place
40.74285467424243,-73.93394753787878,0.06979893745729754,0.8128095608923893,Stress / balance
40.765477180851065,-73.91369751063827,0.0,0.8384420119768268,Unsustained node
40.817552019607845,-73.95693215686276,0.13680765429678154,0.7786887972622392,Stress / balance
40.82163462987014,-73.93909059740258,0.11906369568709951,0.8222633319085693,Stress / balance
40.63521875438597,-73.96762284210526,0.0,0.8041060036848747,Unsustained node
40.72044079729731,-74.00671932432432,0.22628546653157305,0.7772919901042806,Stress / balance
40.751,-73.82571000000002,0.05481117330008636,0.769392891792231,Unsustained place
40.73202285416667,-73.91902727083335,0.0,0.7112297690474347,Dependence
40.7663648,-73.781064,0.0,0.6808253301484468,Dependence
40.86275995569621,-73.90493512658229,0.01370279332502159,0.7698712778842605,Dependence
40.81759204411766,-73.95318814705884,0.1394157533784198,0.7957683613665293,Stress / balance
40.70721541071429,-73.78954401785714,0.01370279332502159,0.7519141781392031,Dependence
40.62295766101696,-74.14939150847455,0.035487917219364076,0.7178239190691208,Dependence
40.67688503703704,-73.90005925925925,0.06314967309099881,0.7680897142358141,Unsustained place
40.70904000000001,-73.84146,0.01370279332502159,0.7017761536310176,Dependence
40.698036,-73.962845,0.06851396662510796,0.7910386869766772,Stress / balance
40.67635366129032,-73.91093330107526,0.07391415042737429,0.7778578523067373,Stress / balance
40.66899,-73.99641,0.01370279332502159,0.7865976641953866,Unsustained node
40.620422358490565,-74.02445462264151,0.01370279332502159,0.779384313772698,Unsustained node
40.655421,-73.95007087500001,0.0842264668954994,0.780236983749915,Stress / balance
40.582947402298856,-73.98045160919538,0.01370279332502159,0.507681331504526,Dependence
40.72543486206897,-73.99677575862069,0.1440687065814435,0.788154790225019,Stress / balance
40.67818793150684,-73.87065310958906,0.017743958609682038,0.8104339647181832,Unsustained node
40.736540277777785,-73.98903425925927,0.24799654274049926,0.7897328107678107,Stress / balance
40.82405889655173,-73.90872045689655,0.13544863577917565,0.6939643869523207,Unsustained place
40.66639302739727,-73.73857315068494,0.052129026533031794,0.7565209336935748,Unsustained place
40.75837757553957,-73.99438669064746,0.1260685787501699,0.7386772261604632,Unsustained place
40.77930305084746,-73.98113008474576,0.15051044762180313,0.7977797876385482,Stress / balance
40.72258125757577,-73.85140136363636,0.03144675193470363,0.7538061097975117,Dependence
40.6574242063492,-73.83943507936509,0.0,0.7607787391731903,Dependence
40.84767999999998,-73.91237,0.16715155693547085,0.7271395614852064,Unsustained place
40.73715109452736,-73.93082172139304,0.01370279332502159,0.7781078173766814,Unsustained node
40.74188573333333,-73.99354822424242,0.175416009040967,0.8105922656327926,Stress / balance
40.76211615492959,-73.9601559154929,0.037717903118168306,0.7921975995838514,Unsustained node
40.7179,-73.83202,0.06289350386940726,0.6688142546880568,Unsustained place
40.64633426373627,-73.97083857142856,0.08467862776374974,0.8063728293077037,Stress / balance
40.851850000000006,-73.902725,0.06583181985805339,0.7525673654689068,Unsustained place
40.639627267605626,-73.95482126760564,0.0,0.8327880321306682,Unsustained node
40.60240810126584,-73.99457240506331,0.052779714960795775,0.8133241194495954,Stress / balance
40.87047664473684,-73.8462759868421,0.024723439882988613,0.6925801966155665,Dependence
40.714044474576255,-73.99746540677965,0.1668953877138793,0.7930179746208045,Stress / balance
40.761223,-73.92380000000001,0.04246739849267065,0.8187654817357222,Stress / balance
40.62707,-74.01865,0.02740558665004318,0.7810768983154064,Unsustained node
40.75894684210525,-73.83191775438596,0.16853597724284058,0.7793815839448934,Stress / balance
40.696785,-73.95659,0.0,0.8271223176445865,Unsustained node
40.71447633802814,-74.01354035211268,0.19322352685767197,0.7748732650327944,Unsustained place
40.741234000000006,-73.84573000000002,0.01370279332502159,0.4030472353767319,Dependence
40.72234300000003,-73.77716999999996,0.03144675193470363,0.6787047369284727,Dependence
40.81494342857143,-73.9149546031746,0.10124568939200115,0.6862432134221537,Unsustained place
40.693713087719296,-73.98721477192981,0.33804808841393696,0.7952453118705188,Stress / balance
40.63930138666666,-73.96879388,0.1024225863734318,0.8225827007041122,Stress / balance
40.80180000000001,-73.96108,0.15613091037750382,0.793702148133385,Stress / balance
40.636232392857146,-74.0123805357143,0.04246739849267065,0.8407759575534307,Stress / balance
40.87683427631579,-73.86472671052633,0.05617019181769224,0.6884764829455767,Unsustained place
40.76099996610169,-73.99076483615819,0.21342935328097423,0.8086860845673037,Stress / balance
40.83942156989246,-73.88398301075271,0.08625792523479,0.7341230770042175,Unsustained place
40.66278194285714,-73.88085548571429,0.0,0.7257624153184885,Dependence
40.806846048780486,-73.91747280487806,0.1327664890121211,0.6603730313317465,Unsustained place
40.6652483,-73.80203340000001,0.0,0.6330100565022209,Dependence
40.74599472131147,-73.9779271748634,0.0861838775493737,0.7926440549681937,Stress / balance
40.840906,-73.904755625,0.09029909051945044,0.7653800545541017,Unsustained place
40.711823,-73.83612,0.02740558665004318,0.7569883122563504,Dependence
40.70076928767123,-73.985978630137,0.13434578648316134,0.7874344432484423,Stress / balance
40.767117,-73.956505,0.08638240510888734,0.7947903448957908,Stress / balance
40.787918134615374,-73.95582676923075,0.06981534348063592,0.7905154323590257,Stress / balance
40.67624,-73.86610399999999,0.08357577846773542,0.798119233851482,Stress / balance
40.87897753521127,-73.904818028169,0.052129026533031794,0.6635288518538017,Unsustained place
40.812580171875,-73.9292836875,0.0384262332080102,0.7486329546530276,Dependence
40.83015400000001,-73.93963999999997,0.12200201167574562,0.8097716204030564,Stress / balance
40.67058,-73.93096,0.07391415042737429,0.8497219938053233,Stress / balance
40.75337277165353,-73.9963428031496,0.13304806002347647,0.7782391802854224,Stress / balance
40.67012397484277,-73.95528000000002,0.024723439882988613,0.830828476125017,Unsustained node
40.71614,-73.83356999999998,0.09316335882268026,0.775362913650323,Unsustained place
40.72637600000001,-73.76623999999998,0.02740558665004318,0.5624787947876685,Dependence
40.76291647916667,-73.96981701041669,0.10157590629900902,0.8221284667832468,Stress / balance
40.74477107692307,-73.93261261538461,0.08754289606697957,0.7972912497042094,Stress / balance
40.65652700793651,-73.93088984126983,0.038368591545932286,0.8499743246594831,Unsustained node
40.747755181818185,-73.98086250909093,0.08350173078231912,0.8108581350925599,Stress / balance
40.675507,-74.00075,0.04514954525972522,0.789593040986604,Stress / balance
40.62279243589743,-74.02836314102566,0.04246739849267065,0.8386917912392003,Stress / balance
40.78545199315068,-73.98403352054794,0.01370279332502159,0.7528966171497575,Dependence
40.66499299999999,-73.80228999999996,0.0,0.6996393982507441,Dependence
40.76298124590162,-73.97186672131149,0.12202741346550947,0.7957047010939179,Stress / balance
40.61640907608697,-74.10352402173913,0.01370279332502159,0.7333698879253064,Dependence
40.62366647368422,-73.99772061403509,0.09569927432171677,0.8499011268909822,Stress / balance
40.63717945283019,-74.00780696226417,0.0,0.8515726054983486,Unsustained node
40.66478082882883,-73.89408186486486,0.08357577846773542,0.8120947966830705,Stress / balance
40.65487074172185,-73.96190774834437,0.052129026533031794,0.7857411600111401,Stress / balance
40.80417922972972,-73.96669847297298,0.17791603427184632,0.8108124324318704,Stress / balance
40.79235854237288,-73.96418305084747,0.07391415042737429,0.7665068434781779,Unsustained place
40.75330399999999,-73.92041222222224,0.01370279332502159,0.810037524436349,Unsustained node
40.662608016393456,-73.91964406557379,0.01370279332502159,0.7993997731223926,Unsustained node
40.64204866666668,-74.07533506410255,0.11520465193861432,0.7244993777259187,Unsustained place
40.78167874,-73.98672676000001,0.02740558665004318,0.777949551673726,Unsustained node
40.708324000000005,-73.84314,0.01370279332502159,0.7485719725795588,Dependence
40.704033,-73.81710999999999,0.04246739849267065,0.7769353819308518,Stress / balance
40.689684127118646,-73.99235622881352,0.1884583685519729,0.7924863118918539,Stress / balance
40.73237213114752,-73.98493008196722,0.22798136259327345,0.7859699573881184,Stress / balance
40.73565480392157,-73.93682588235293,0.01370279332502159,0.7707754555698512,Dependence
40.832664,-73.86362262745097,0.06583181985805339,0.8076509317370884,Stress / balance
40.868790957983215,-73.83167705882349,0.0,0.7066513146096144,Dependence
40.70665737572255,-74.01591210404622,0.21523941818384218,0.7544051539702397,Unsustained place
40.75985496341463,-73.93681829268293,0.04514954525972522,0.7990753835783302,Stress / balance
40.74472602684563,-73.93359083892615,0.06979893745729754,0.7931802726588357,Stress / balance
40.83885665,-73.87808046666669,0.06987298514271384,0.6670483572587804,Unsustained place
40.66111001851852,-73.92014953703702,0.03144675193470363,0.8096621559733188,Unsustained node
40.76116828,-73.82938060000001,0.06987298514271384,0.7827304674386768,Stress / balance
40.738194,-73.8492,0.03144675193470363,0.7718158965538221,Dependence
40.833021062015504,-73.86272427906977,0.07953461318307498,0.7949567794272121,Stress / balance
40.75711671428571,-73.99730755844158,0.02740558665004318,0.7818790948416912,Unsustained node
40.7214675076923,-73.8439707846154,0.1507920186331585,0.7990406700784614,Stress / balance
40.659275,-73.88900000000001,0.1556544622024779,0.7546715158573513,Unsustained place
40.61952458461539,-73.9172450769231,0.0,0.8010962007814212,Unsustained node
40.76022999999999,-73.96152499999998,0.07953461318307498,0.7672653864518415,Unsustained place
40.83654987341772,-73.87135455696205,0.04514954525972522,0.7249943453061174,Unsustained place
40.74844446428572,-73.99620871428571,0.08350173078231912,0.7633907966191402,Unsustained place
40.75775500000002,-73.79303999999996,0.0,0.7707954897079888,Dependence
40.74514799999999,-73.93348000000002,0.06979893745729754,0.7959041222425349,Stress / balance
40.88812984375,-73.89272328125,0.0,0.7451206601924814,Dependence
40.67841264150944,-73.72922222641509,0.0,0.7954190038556032,Unsustained node
40.58510647058823,-73.95455068627453,0.0898469296512001,0.7020528563714975,Unsustained place
40.701766734375,-73.80793609375002,0.08089363170068084,0.801033612473031,Stress / balance
40.756492504273496,-73.98804917094017,0.31958416509759063,0.7731500672752878,Unsustained place
40.63658749056604,-74.01918501886793,0.01370279332502159,0.7711361785514086,Dependence
40.78943383783783,-73.7822921081081,0.02740558665004318,0.7592393442022791,Dependence
40.75324941558442,-74.00383694805193,0.05481117330008636,0.7425900725777673,Unsustained place
40.742151893333336,-74.00820753333333,0.08221675995012954,0.8033806194727989,Stress / balance
40.76498479999999,-73.88709507692309,0.04110837997506477,0.7899568131482592,Unsustained node
40.74197,-73.84115999999999,0.0,0.6653476023374154,Dependence
40.74439539215686,-73.88605784313724,0.06512348976821149,0.8068148134111941,Stress / balance
40.74981274603175,-73.86268234920631,0.09727857179275701,0.7939607356503848,Stress / balance
40.79413257407406,-73.9428101851852,0.09165810903705632,0.7994321597309255,Stress / balance
40.66924727672955,-73.93944018867924,0.024723439882988613,0.830713317761857,Unsustained node
40.6632859468085,-73.9609064893617,0.12310486097175995,0.7900677868278911,Stress / balance
40.68662031746032,-73.82318904761905,0.024723439882988613,0.8128125564023173,Unsustained node
40.72904599999998,-74.01072999999998,0.0,0.7796332825538439,Unsustained node
40.78689228571428,-73.80790792857144,0.01370279332502159,0.7111230749766546,Dependence
40.74830856896551,-73.93909041379311,0.06583181985805339,0.7694861460421075,Unsustained place
40.619125869158864,-73.99019397196261,0.04246739849267065,0.8436544732698564,Stress / balance
40.84921566666667,-73.82723666666668,0.01370279332502159,0.7056645774788282,Dependence
40.60883234285715,-73.97301079999998,0.05617019181769224,0.8236595175074288,Stress / balance
40.61028487850467,-74.09740871028039,0.027331538964626884,0.699531270164844,Dependence
40.84702467857142,-73.89808221428572,0.09727857179275701,0.8322783094190425,Stress / balance
40.70982851485149,-74.01467970297031,0.15906922636614995,0.7642780702401548,Unsustained place
40.7545314,-73.98006332592594,0.1289074452636359,0.8396942365246324,Stress / balance
40.7440883888889,-73.97636120370372,0.1664686286353928,0.7834036135044371,Stress / balance
40.70191377380951,-73.93699136904763,0.03144675193470363,0.7846132984152984,Unsustained node
40.71576528947369,-73.74652319298245,0.01370279332502159,0.6942432012423301,Dependence
40.74529418292682,-73.9984992195122,0.28350986174962717,0.789582610699629,Stress / balance
40.756773786885226,-73.98271542622953,0.09316335882268026,0.8060695638715508,Stress / balance
40.68886748659005,-73.99912272030652,0.04514954525972522,0.7575347329754047,Unsustained place
40.75555246753248,-73.98360015584413,0.14261023858865748,0.8141718795424763,Stress / balance
40.84495671900826,-73.90736276859506,0.0898469296512001,0.6309429265269677,Unsustained place
40.679657600000006,-73.77721654545454,0.01370279332502159,0.7413263539507559,Dependence
40.62875645454545,-73.91824933333332,0.01370279332502159,0.7255689559327176,Dependence
40.729865569767455,-73.74475395348838,0.0,0.775041373114004,Dependence
40.67788203225808,-73.95282774193551,0.01370279332502159,0.7768571248765247,Unsustained node
40.732915000000006,-73.92047903999999,0.0,0.6383111773299125,Dependence
40.64631858865248,-73.91279821985817,0.0,0.7986851212253934,Unsustained node
40.747630391891896,-73.89370182432432,0.13034051146665807,0.7747771792132699,Unsustained place
40.588924000000006,-74.16762500000002,0.0,0.7590773194438638,Dependence
40.752779410828026,-73.98562520700638,0.11788679870566887,0.8016159083873491,Stress / balance
40.63287901550388,-73.94771627906978,0.024723439882988613,0.8228426784006482,Unsustained node
40.68305711363637,-73.97376852272728,0.06583181985805339,0.7725805588091368,Unsustained place
40.67310700000001,-73.99960562841531,0.02740558665004318,0.7727862153524973,Dependence
40.82418197297297,-73.8587954054054,0.04919071054438567,0.7839745313520139,Stress / balance
40.81686403692308,-73.88274416,0.04514954525972522,0.7519416665095932,Unsustained place
40.67209585915494,-73.91133929577465,0.03144675193470363,0.7645191313420657,Dependence
40.73953458653846,-73.97969767307691,0.14229642770498802,0.7678901624753107,Unsustained place
40.88595652459016,-73.82788710382513,0.0,0.6756389590400373,Dependence
40.841843,-73.94538999999997,0.037717903118168306,0.6549367989819949,Dependence
40.68051695054945,-73.9749177032967,0.07391415042737429,0.8562435256549258,Stress / balance
40.74615817307692,-73.73569250000001,0.05473712561467006,0.6067308314844343,Unsustained place
40.70625888043479,-73.79244317391306,0.0,0.804487257303735,Unsustained node
40.88471283544302,-73.83129278481009,0.0,0.7252023445157146,Dependence
40.82449519753085,-73.87256777777777,0.06289350386940726,0.6754346509062846,Unsustained place
40.650517,-73.92359000000002,0.07097583443872815,0.7905721666985481,Stress / balance
40.81772891935484,-73.92409880645164,0.0761441363261785,0.601769820741318,Unsustained place
40.76376897959184,-73.82888408163265,0.06289350386940726,0.7667218010884753,Unsustained place
40.717019833333325,-73.79939427777778,0.06289350386940726,0.7463619734880452,Unsustained place
40.580616,-74.15253399999999,0.01370279332502159,0.7080086199081941,Dependence
40.65562795901638,-73.95987070491805,0.052129026533031794,0.7640258110542001,Unsustained place
40.66312399999998,-73.96243999999996,0.09165810903705632,0.7754821449090388,Unsustained place
40.63061895488722,-74.0092472180451,0.04514954525972522,0.8665279758854767,Stress / balance
40.598553,-73.997345,0.037717903118168306,0.8326403643224858,Unsustained node
40.54242299999999,-74.14592,0.01370279332502159,0.7415673808090828,Dependence
40.805907935483866,-73.92522426451612,0.04110837997506477,0.7347725367838376,Dependence
40.68073735294117,-73.97450539215686,0.07391415042737429,0.8556100809672772,Stress / balance
40.75831,-73.96294000000002,0.05885233858474681,0.8029910848116291,Stress / balance
40.839798,-73.87360399999999,0.06583181985805339,0.6390506856361768,Unsustained place
40.80460957861636,-73.93724984276729,0.1985983088701745,0.8062124015611143,Stress / balance
40.688621360824754,-73.98916841237116,0.10789495375829988,0.8205738041468604,Stress / balance
40.61216755357142,-73.91893396428573,0.01370279332502159,0.7944167539634776,Unsustained node
40.60924268235295,-74.14989082352942,0.03144675193470363,0.7066049301707406,Dependence
40.69620534999999,-73.743572875,0.08467862776374974,0.7060568262691143,Unsustained place
40.73689395890411,-73.97850353424658,0.14633759298964846,0.7702326148961133,Unsustained place
40.78182297530864,-73.94418596296298,0.11208421441379293,0.7454826415357945,Unsustained place
40.838180808823545,-73.90114932352942,0.04110837997506477,0.6736047721118645,Dependence
40.86225917355372,-73.89588509090908,0.09323740650809657,0.8302602499780736,Stress / balance
40.73108760869565,-73.87160903623189,0.0384262332080102,0.7022527429453982,Dependence
40.60998711347518,-73.96237325531915,0.07724698562219284,0.8540980068462543,Stress / balance
40.74793204166667,-73.97358501388891,0.10623186974327625,0.798379307293308,Stress / balance
40.66795730851064,-73.87008891489364,0.03144675193470363,0.7924767458836179,Unsustained node
40.81908449180328,-73.93069885245906,0.01370279332502159,0.7598053832893734,Dependence
40.81274299999999,-73.9376428037383,0.051420696443189896,0.7716243742709943,Unsustained place
40.69454289130433,-73.95615078260869,0.017743958609682038,0.8117190493215873,Unsustained node
40.73666498387097,-73.99734703225803,0.2712147328378639,0.8005103968304461,Stress / balance
40.64944333333334,-73.96306474712647,0.0384262332080102,0.7645228264482039,Dependence
40.746559722222216,-73.76510222222223,0.04514954525972522,0.5781463653465903,Unsustained place
40.812163189655166,-73.94228705172414,0.0761441363261785,0.7763034004908469,Unsustained place
40.849433267326745,-73.90601015841587,0.05617019181769224,0.7244715535544698,Unsustained place
40.77158838095238,-73.87614761904764,0.02740558665004318,0.7179457873796149,Dependence
40.6849358,-73.91013750909092,0.07391415042737429,0.8405443454968173,Stress / balance
40.61383794927536,-73.98144717391304,0.06021135710235269,0.8377300792697384,Stress / balance
40.87600281132075,-73.86207935849058,0.07097583443872815,0.7054589893886147,Unsustained place
40.752975000000006,-73.91023999999999,0.01370279332502159,0.7817782652209475,Unsustained node
40.69834665384615,-73.80642940384615,0.07417031964896584,0.8246086794549679,Stress / balance
40.69867776000001,-73.95885640000002,0.09029909051945044,0.8148040415346163,Stress / balance
40.782025745283015,-73.97172620754716,0.06987298514271384,0.7329159049366042,Unsustained place
40.75551540000001,-73.96806335714284,0.09029909051945044,0.7936521832111945,Stress / balance
40.69143300000001,-73.89062999999999,0.01370279332502159,0.6755442251413601,Dependence
40.89538410222221,-73.8635543288889,0.07275365946928204,0.7309300304953062,Unsustained place
40.62472835632183,-73.96516000000003,0.035487917219364076,0.8343937874622452,Unsustained node
40.7478312183908,-73.83301639080462,0.01370279332502159,0.7514101823786092,Dependence
40.85842246666665,-73.88511951111113,0.04514954525972522,0.7888040170178714,Stress / balance
40.84064252727271,-73.83836596363636,0.08286744837789353,0.6942721149126436,Unsustained place
40.73549032307693,-73.86970207692308,0.06583181985805339,0.777311162980669,Stress / balance
40.68484078431373,-73.80606784313726,0.01370279332502159,0.6983035520690538,Dependence
40.74711568421052,-73.94237842105264,0.12064299315813974,0.7988984539171667,Stress / balance
40.696354,-73.94070999999998,0.051420696443189896,0.7130963772327635,Unsustained place
40.69988356573706,-73.96185167330677,0.12174584245415408,0.8051180239091572,Stress / balance
40.66281835,-73.99894225000003,0.0,0.8280085764641388,Unsustained node
40.72695772131147,-73.99990278688524,0.16423864273658856,0.823306627428559,Stress / balance
40.82914105882354,-73.93729118823529,0.09323740650809657,0.7959729094937565,Stress / balance
40.70104598850576,-73.94045082758618,0.11155800586012629,0.7982168867631165,Stress / balance
40.66563074576271,-73.75815102542373,0.0806374624790893,0.7407992245797168,Unsustained place
40.71828142857142,-73.98740607792206,0.2983641502663155,0.8011187368747001,Stress / balance
40.79545599999999,-73.96564000000002,0.06289350386940726,0.7609661529144639,Unsustained place
40.741936,-73.97263000000001,0.04803021958629343,0.7127932278563499,Unsustained place
40.7623982962963,-73.82750805555557,0.04514954525972522,0.7515327155116885,Unsustained place
40.72447568811882,-73.72465517326732,0.0,0.7176306020012325,Dependence
40.68777,-73.98700999999998,0.07795531571203473,0.8088782897917954,Stress / balance
40.79702324444444,-73.9346675,0.035487917219364076,0.8073297690056159,Unsustained node
40.75076631578948,-73.99079212280702,0.15102278606498626,0.759170192554726,Unsustained place
40.632262328767126,-73.96677238356163,0.0,0.8033046458909617,Unsustained node
40.80506203731343,-73.92328181343284,0.06289350386940726,0.805001570114392,Stress / balance
40.67688234246575,-73.91912671232876,0.06244134300115692,0.766760616607456,Unsustained place
40.58201194736842,-73.959948,0.04514954525972522,0.7923716916405472,Stress / balance
40.59671434246575,-73.98526712328767,0.08357577846773542,0.8111309549253582,Stress / balance
40.767963,-73.91169000000001,0.01370279332502159,0.8068071435583196,Unsustained node
40.73627500000001,-73.772865,0.04110837997506477,0.6575486927217898,Dependence
40.69612999999998,-73.98711399999999,0.20238330493324336,0.7811103878687093,Stress / balance
40.69980950847458,-73.95719686440677,0.1024225863734318,0.8142117278523706,Stress / balance
40.816532,-73.92822,0.05975919623410235,0.66078872197444,Unsustained place
40.652612367647045,-73.94977291176471,0.024723439882988613,0.7850851987428477,Unsustained node
40.83050171428571,-73.86161764285715,0.0,0.7780129268746594,Unsustained node
40.76431883168316,-73.99205648514852,0.0806374624790893,0.813988904128246,Stress / balance
40.757411362318855,-73.93917891304349,0.03144675193470363,0.815229054445509,Unsustained node
40.867005680000005,-73.92311592000001,0.13680765429678154,0.7792913829721624,Stress / balance
40.73134936585367,-73.98257774390244,0.21066416306207794,0.7432422627058034,Unsustained place
40.75898266031746,-73.99595057142857,0.05617019181769224,0.7431094546757023,Unsustained place
40.6577637863248,-73.8961136239316,0.02740558665004318,0.8140242054208322,Unsustained node
40.806477,-73.908455,0.024723439882988613,0.6871757446088566,Dependence
40.68859515463918,-73.87564,0.04919071054438567,0.7487930109583856,Unsustained place
40.80539341666668,-73.92088753333334,0.10131973707741745,0.8137227811172525,Stress / balance
40.67191103676471,-73.89588007352941,0.04919071054438567,0.8425834321658774,Stress / balance
40.60173407272726,-73.93503567272724,0.03144675193470363,0.8295792344531278,Unsustained node
40.58738874400001,-73.96036711199997,0.03144675193470363,0.7739175006202358,Dependence
40.88541664,-73.89736823999999,0.0861838775493737,0.6592282644209695,Unsustained place
40.66775734408603,-73.89481945161292,0.0669346691540677,0.7711219373646653,Unsustained place
40.80405403529413,-73.91735404705884,0.0725551319097684,0.6925340766655541,Unsustained place
40.657398625,-73.74506875,0.01370279332502159,0.6616492811970823,Dependence
40.75153989565218,-73.99394413043478,0.1577714999064651,0.7323462170409984,Unsustained place
40.83011199999999,-73.85026600000003,0.0806374624790893,0.8176090282842581,Stress / balance
40.74917199999999,-73.96702600000003,0.05481117330008636,0.5949951548764074,Unsustained place
40.76634789583333,-73.88755937500001,0.04110837997506477,0.7629961905098979,Dependence
40.69025803418805,-73.99875623931622,0.05481117330008636,0.7535231116349911,Unsustained place
40.78919067241379,-73.95479456896553,0.0835181368056575,0.8057943927175104,Stress / balance
40.63608667605634,-73.950898028169,0.01370279332502159,0.8121993911996638,Unsustained node
40.61124557692308,-74.11470078461538,0.03144675193470363,0.6082806405652038,Dependence
40.76987562,-73.92779440000001,0.04175906840282875,0.8389551355108402,Stress / balance
40.822533,-73.88509,0.02740558665004318,0.7221862000053059,Dependence
40.74412464150944,-73.92703739622641,0.06021135710235269,0.8117684543309962,Stress / balance
40.754255714285705,-73.90897678571427,0.05617019181769224,0.7859751645047806,Stress / balance
40.69223219230769,-73.98730480769231,0.3409123567171668,0.8301924701801952,Stress / balance
40.764643021390384,-73.82349052406416,0.03144675193470363,0.7861606480512597,Unsustained node
40.77882,-73.95399499999999,0.1644948119581801,0.8009045428118989,Stress / balance
40.69977,-73.98294,0.18059818103890088,0.7689060970339332,Unsustained place
40.67000600000002,-73.95327999999996,0.049446879765977225,0.8259107425009965,Stress / balance
40.76358156521737,-73.97142391304344,0.12202741346550947,0.787915089883742,Stress / balance
40.75762982758619,-73.98208562068965,0.0384262332080102,0.808675480267217,Unsustained node
40.673001530864205,-73.78809148148147,0.04919071054438567,0.7834746629425605,Stress / balance
40.84954576190477,-73.93642644444446,0.10965823686832991,0.8582163590539913,Stress / balance
40.84087399999999,-73.91979,0.0384262332080102,0.6511333264754615,Dependence
40.63396552040817,-74.01477270408165,0.04110837997506477,0.775240312400465,Dependence
40.73048487387387,-73.95154905405404,0.024723439882988613,0.7749354110025044,Dependence
40.85930300000002,-73.89884000000002,0.05617019181769224,0.7858880787349616,Stress / balance
40.832623000000005,-73.92537,0.04514954525972522,0.7137745895887934,Unsustained place
40.72096513207547,-73.84289773584906,0.1507920186331585,0.787927265824879,Stress / balance
40.785068181818176,-73.94059590909092,0.10465257227223601,0.6603015727647569,Unsustained place
40.71946572727271,-73.89115763636363,0.0,0.7769576774878628,Unsustained node
40.74860806578947,-73.89530931578945,0.07953461318307498,0.7842964209329877,Stress / balance
40.75586321311475,-73.88247344262294,0.04110837997506477,0.8440874531386352,Unsustained node
40.71311794117647,-74.00408294117646,0.19187499681845946,0.752167817121255,Unsustained place
40.8232600120482,-73.9429390361446,0.11906369568709951,0.8389745535743349,Stress / balance
40.715109968750006,-73.83222614583332,0.09720452410734072,0.780362478831721,Stress / balance
40.666008000000005,-73.78953600000001,0.01370279332502159,0.7505897257140458,Dependence
40.67887632786887,-73.8342328852459,0.0669346691540677,0.7733425112977785,Unsustained place
40.760545506849326,-73.97996512328766,0.13573020679053105,0.8115558717820984,Stress / balance
40.78498732894736,-73.98259934210527,0.05617019181769224,0.8029752258798954,Stress / balance
40.822838,-73.92876400000003,0.02740558665004318,0.6638024451596505,Dependence
40.61196000000001,-73.96816000000001,0.01370279332502159,0.850201700659261,Unsustained node
40.72293,-73.98864999999998,0.2123265039849599,0.7917731827293253,Stress / balance
40.80466357281553,-73.9322400970874,0.12397582835295828,0.6787973586249564,Unsustained place
40.56769601351351,-74.11255886486485,0.017743958609682038,0.7440711260791539,Dependence
40.67065450909089,-73.95799262727272,0.0849347969853413,0.7901537674049747,Stress / balance
40.7589697719298,-73.91900484210524,0.05617019181769224,0.8338741753276024,Stress / balance
40.68701092307692,-73.82218265384614,0.0,0.7969299356009887,Unsustained node
40.78076,-73.82542400000001,0.01370279332502159,0.7355088774458601,Dependence
40.75102844444444,-73.9346705138889,0.11234038363538448,0.7766000862646727,Unsustained place
40.852516,-73.90001,0.02740558665004318,0.7781978509637307,Unsustained node
40.7434165,-73.83583153846153,0.01370279332502159,0.6923493835218987,Dependence
40.54330964285714,-74.16424982142857,0.024723439882988613,0.7742219923119784,Dependence
40.769678,-73.91410964912279,0.02740558665004318,0.7794075724362091,Unsustained node
40.64936579365079,-74.01295341269842,0.07391415042737429,0.8177217419801763,Stress / balance
40.83609784,-73.87039000000001,0.05885233858474681,0.7709715080866981,Unsustained place
40.71018959302325,-73.95843413953489,0.20421877162587518,0.8002294757627211,Stress / balance
40.7969982195122,-73.93778136585365,0.0,0.7733232530906029,Dependence
40.6030808888889,-73.99262999999999,0.08826763218015986,0.8553191321820857,Stress / balance
40.82897874,-73.94859840000001,0.03144675193470363,0.8182389905858503,Unsustained node
40.624958,-74.14577499999999,0.04514954525972522,0.7708671598365446,Unsustained place
40.76688723076924,-73.92137104615385,0.09165810903705632,0.8162883801937064,Stress / balance
40.68068699999999,-73.84459,0.0384262332080102,0.8190899622907005,Unsustained node
40.67185756666666,-73.9141836833333,0.01370279332502159,0.8164719469611926,Unsustained node
40.846894157303375,-73.92054842696632,0.10962234660017273,0.6732062300576299,Unsustained place
40.8165068375,-73.946573375,0.1545516129064636,0.8301025610632027,Stress / balance
40.80828030769231,-73.92781153846155,0.10131973707741745,0.8020392722734321,Stress / balance
40.859873385416655,-73.89323114583334,0.07953461318307498,0.8064203549223079,Stress / balance
40.62465036842105,-74.14174561403509,0.03144675193470363,0.7739822574162055,Dependence
40.7878853695652,-73.95367654347824,0.10824157668864612,0.8064027616387134,Stress / balance
40.67577566666668,-73.73955656666666,0.017743958609682038,0.8155936085864628,Unsustained node
40.69688330357143,-73.81524067857143,0.02740558665004318,0.8042858623705097,Unsustained node
40.663483,-73.96270000000001,0.05617019181769224,0.7468184650746826,Unsustained place
40.5903009122807,-73.95274314035088,0.035487917219364076,0.8141165019492197,Unsustained node
40.609568961538464,-73.75371173076925,0.04514954525972522,0.7099184865328798,Unsustained place
40.67181788461538,-73.77450105128202,0.01370279332502159,0.8110051508140955,Unsustained node
40.67013403703703,-73.92247792592595,0.03144675193470363,0.7800502968726288,Unsustained node
40.637452142857136,-73.92886,0.0,0.7748241282727845,Dependence
40.60822300000001,-74.12940000000002,0.0,0.6820732273407022,Dependence
40.681682125,-73.87158077777778,0.024723439882988613,0.7758107623685322,Dependence
40.75288799999999,-73.96374000000003,0.08625792523479,0.7422068197426068,Unsustained place
40.64753840677968,-73.89466898305085,0.017743958609682038,0.7787866833467482,Unsustained node
40.68185098039216,-73.9758861764706,0.08089363170068084,0.8714806049531079,Stress / balance
40.71931291512914,-74.00176965313652,0.1824949397894537,0.7662224986398678,Unsustained place
40.696190377777775,-73.80446211111112,0.04919071054438567,0.8305160673292843,Stress / balance
40.65413401851852,-73.91233280864196,0.010312316468125124,0.8074899345599582,Unsustained node
40.70989600000001,-73.83941000000002,0.01370279332502159,0.711404390911172,Dependence
40.66548984615383,-73.75235666666669,0.0,0.7682443209936286,Dependence
40.74913889090909,-73.97271494545454,0.11770467716949362,0.7765822295917071,Unsustained place
40.7180965086207,-73.99386012931032,0.18221336877809832,0.8166556224292912,Stress / balance
40.70484423076924,-73.79165407692305,0.02740558665004318,0.7918383059694512,Unsustained node
40.73021380952381,-73.88739977380955,0.04919071054438567,0.7831001224565884,Stress / balance
40.75676747826087,-73.87362963768118,0.10400188384447204,0.8115976233946169,Stress / balance
40.71992954545454,-73.98750118181817,0.18627993585252262,0.8288102192801285,Stress / balance
40.72744911688312,-73.90713407792207,0.02740558665004318,0.736039372235279,Dependence
40.83648,-73.897736,0.03144675193470363,0.7439518496380358,Dependence
40.80913442857141,-73.92287747142855,0.07659629719442884,0.7716955217554168,Unsustained place
40.82557567195768,-73.91847296296294,0.11908909747686333,0.6343754504115994,Unsustained place
40.76535407462687,-73.81732141791042,0.0,0.8095618056051791,Unsustained node
40.76875804545455,-73.98209864935063,0.10829921835072404,0.7365141623036218,Unsustained place
40.67069591397848,-73.91701645161288,0.05885233858474681,0.7931247122430892,Stress / balance
40.72996000925927,-73.91194972222223,0.0,0.6355310678553723,Dependence
40.69978988461538,-73.95005688461539,0.06987298514271384,0.8138989001143235,Stress / balance
40.72177825454546,-73.99983374545454,0.052129026533031794,0.819391637052307,Stress / balance
40.670734,-73.93372999999998,0.06021135710235269,0.8227524578366415,Stress / balance
40.74144699999999,-73.84602999999998,0.01370279332502159,0.6002060270436866,Dependence
40.73228007407407,-74.00354259259258,0.2862406544123342,0.8171686731804093,Stress / balance
40.6751024375,-73.904377265625,0.049446879765977225,0.7357337428954701,Unsustained place
40.76937719642857,-73.91232223214286,0.01370279332502159,0.7836231695553668,Unsustained node
40.83422238271606,-73.8517146419753,0.07953461318307498,0.7142052048738712,Unsustained place
40.88409471830985,-73.82602788732395,0.0,0.712981874935068,Dependence
40.87365852702703,-73.90804135135134,0.07391415042737429,0.7515330752451329,Unsustained place
40.747621748953975,-73.97673232217576,0.08214271226471324,0.7922322683407423,Stress / balance
40.82417759322034,-73.94095584745766,0.05885233858474681,0.8374136459629392,Stress / balance
40.82125833962263,-73.94608169811322,0.06289350386940726,0.8220000313478024,Stress / balance
40.66611999999999,-73.82224999999997,0.02740558665004318,0.8278546826935473,Unsustained node
40.64506359574468,-73.95803012765957,0.0,0.8351857016155089,Unsustained node
40.71396764285714,-73.7380725,0.07097583443872815,0.7546153490325875,Unsustained place
40.71349792125985,-73.85960582677168,0.02740558665004318,0.7699413569287342,Dependence
40.760857883928566,-73.96107450892853,0.05481117330008636,0.7840396307705716,Stress / balance
40.821087825396845,-73.89891523809524,0.15344876361044926,0.6631522815679197,Unsustained place
40.84687400000001,-73.90877,0.052129026533031794,0.7019030920645791,Unsustained place
40.72771725294118,-73.92925365882353,0.01370279332502159,0.5721373569245555,Dependence
40.842129366197184,-73.82560873239436,0.0,0.7528352978289536,Dependence
40.600851543859655,-73.91266382456142,0.01370279332502159,0.747143298232825,Dependence
40.784256818181824,-73.94223090909092,0.12239653088191804,0.7038967786779695,Unsustained place
40.86277803076924,-73.90620224615384,0.01370279332502159,0.7617313304767267,Dependence
40.76106952000001,-73.9753564,0.13977137207519152,0.8222450682724545,Stress / balance
40.73359185507247,-73.99957889855074,0.20818588922511932,0.7999184795768889,Stress / balance
40.8778928,-73.87017599999999,0.052129026533031794,0.7201788410384511,Unsustained place
40.67214599999999,-73.84317999999999,0.02740558665004318,0.7932889638613669,Unsustained node
40.67019643103448,-73.90700031034484,0.0725551319097684,0.8332064846629119,Stress / balance
40.83340414705883,-73.85918025490196,0.07953461318307498,0.738318211981302,Unsustained place
40.793560000000014,-73.96702000000002,0.10536090236207792,0.7602793744857793,Unsustained place
40.584727310344825,-73.96014456896552,0.05885233858474681,0.7173469578773917,Unsustained place
40.72017422988507,-73.84478675862067,0.13304806002347647,0.7716235095000075,Unsustained place
40.65621921428571,-73.91465133928571,0.010312316468125124,0.8298709629352043,Unsustained node
40.71701399999999,-73.82970999999999,0.05473712561467006,0.7115027015807084,Unsustained place
40.80175223200001,-73.9312112,0.01370279332502159,0.7361785025257569,Dependence
40.737688138888885,-73.88221895833334,0.017743958609682038,0.7585151442071634,Dependence
40.740180256410255,-73.89974107692306,0.09252907641825467,0.7613015098240604,Unsustained place
40.76360744736843,-73.77092855263157,0.024723439882988613,0.7326642898703694,Dependence
40.80771088888888,-73.92954166666665,0.04514954525972522,0.7499865301403694,Unsustained place
40.68426599999999,-73.78300449999999,0.01370279332502159,0.7788323522998387,Unsustained node
40.637745,-74.07603000000003,0.05617019181769224,0.7793631708688671,Stress / balance
40.82415853731342,-73.9138577313433,0.07953461318307498,0.6815772869092301,Unsustained place
40.74347254901961,-73.92147988235295,0.05617019181769224,0.7813914715785814,Stress / balance
40.88220809677418,-73.8804462903226,0.062383701339079,0.7883974014194837,Stress / balance
40.84658065934065,-73.92584615384615,0.06851396662510796,0.5522396106783916,Unsustained place
40.52091599999999,-74.235115,0.017743958609682038,0.7369157914882931,Dependence
40.70912991525424,-73.99617593220337,0.06851396662510796,0.6944913921583442,Unsustained place
40.5829820900474,-73.98636288151658,0.02740558665004318,0.7627735321410728,Dependence
40.80853,-73.90497,0.04246739849267065,0.643931605555398,Unsustained place
40.755215,-73.99668,0.052129026533031794,0.7897763217026661,Stress / balance
40.60872699999999,-74.08838999999999,0.04919071054438567,0.7362595790164026,Unsustained place
40.82463616923077,-73.89191750769231,0.14242811705248223,0.7017987150734439,Unsustained place
40.7038503963964,-73.95984466666667,0.18710121413718156,0.7788164222254149,Stress / balance
40.71388217391304,-73.75402967391305,0.01370279332502159,0.7911915073923874,Unsustained node
40.71072548387096,-73.79300366666668,0.07391415042737429,0.7656147856843257,Unsustained place
40.612716442307686,-73.98264276923076,0.04246739849267065,0.835414269575715,Stress / balance
40.74016167415731,-73.98639116853933,0.10829921835072404,0.8155619661546304,Stress / balance
40.73771,-73.974266,0.09310571716060236,0.6967925188540147,Unsustained place
40.5762978125,-73.96854181249999,0.11502253040243905,0.7727108234070312,Unsustained place
40.76614749180328,-73.91977959016394,0.07391415042737429,0.8013648568765717,Stress / balance
40.68199503947368,-73.96864355263159,0.16155649596953398,0.7711936247690658,Unsustained place
40.758305,-74.00014499999999,0.052129026533031794,0.7649129969060747,Unsustained place
40.74027264130434,-73.89585739130432,0.09029909051945044,0.8159412267827538,Stress / balance
40.71328533870968,-73.87162999999997,0.0,0.7582402033149357,Dependence
40.739574,-73.79166999999998,0.035487917219364076,0.7334924998055048,Dependence
40.77056220168065,-73.83552075630256,0.06989838693247767,0.7840110596885566,Stress / balance
40.66747427184466,-73.77360579611651,0.0,0.7667438038067376,Dependence
40.67808008219178,-73.94137306849315,0.04873854967613533,0.7551815066715086,Unsustained place
40.68065698113208,-73.89669169811322,0.01370279332502159,0.6570243631776209,Dependence
40.865557756302536,-73.92726525210084,0.09727857179275701,0.8321320404555029,Stress / balance
40.58608085294119,-73.9323398529412,0.12470956023256403,0.7322850455600692,Unsustained place
40.66032548333333,-73.76796573333333,0.017743958609682038,0.7166019893598163,Dependence
40.680128387096765,-73.94329146774191,0.09720452410734072,0.7801084067300728,Stress / balance
40.66685798529412,-73.80435661764707,0.0,0.764660376055109,Dependence
40.75021414634146,-73.97905792682927,0.052129026533031794,0.7914887786575432,Stress / balance
40.7002398852459,-73.94108244262296,0.11155800586012629,0.7863741787774925,Stress / balance
40.60717880451128,-74.16238765413534,0.04919071054438567,0.7609622904223813,Unsustained place
40.86193236986301,-73.89364890410958,0.06851396662510796,0.7902803592175995,Stress / balance
40.85819127083332,-73.88435327083334,0.04514954525972522,0.7621382761590823,Unsustained place
40.835396,-73.92031000000004,0.11234038363538448,0.6543742188054522,Unsustained place
40.64443218181818,-73.92959352272725,0.0,0.8429909748452853,Unsustained node
40.66546945945946,-73.74743670270271,0.02740558665004318,0.6480278780804352,Dependence
40.66708968292684,-73.7637562195122,0.0,0.7583659067059152,Dependence
40.67370428000001,-73.76382440000002,0.0384262332080102,0.8031846124168293,Unsustained node
40.72851340384615,-73.88254450000001,0.02740558665004318,0.7452222693883759,Dependence
40.652801764705885,-73.9199534509804,0.0,0.8261716993200778,Unsustained node
40.69731385333334,-73.93224746666667,0.01370279332502159,0.8058131184799276,Unsustained node
40.84632152173913,-73.84464318840578,0.05826848836900225,0.6803712893252354,Unsustained place
40.65609166666668,-73.93958159420295,0.056112550155614324,0.8166839142382589,Stress / balance
40.666887622641504,-73.76637056603774,0.0,0.8107740815234119,Unsustained node
40.76014321212122,-73.99880545454545,0.0,0.7911495601197203,Unsustained node
40.73663007407407,-73.90787787037037,0.0,0.7468757983599836,Dependence
40.71407165217392,-73.95432897826088,0.1642132409468247,0.7833816904107979,Stress / balance
40.67765664935065,-73.82867324675321,0.035487917219364076,0.8343957181895645,Unsustained node
40.73271361818183,-73.97450672727273,0.07953461318307498,0.729524954438083,Unsustained place
40.65086168,-73.9485774,0.04246739849267065,0.8335577525757059,Stress / balance
40.65607498850574,-73.92363540229886,0.03144675193470363,0.8283067875993071,Unsustained node
40.70542517910448,-73.78255955223881,0.01370279332502159,0.785809569728158,Unsustained node
40.67870938983052,-73.82048088135592,0.03144675193470363,0.8339129409785768,Unsustained node
40.75665691891892,-73.98635234234233,0.26609612004695293,0.7868999957859817,Stress / balance
40.83740482758621,-73.88770058620688,0.08357577846773542,0.7850649798920815,Stress / balance
40.737538351851846,-73.92995112037039,0.01370279332502159,0.7763842408687258,Dependence
40.74657009195403,-73.82618871264368,0.055461861727850344,0.8238321015820246,Stress / balance
40.704111802469136,-73.81534246913581,0.04246739849267065,0.7569774164072286,Unsustained place
40.72040966787003,-74.0032788194946,0.3072045000220177,0.7763749119080298,Unsustained place
40.722897,-73.91386000000001,0.0,0.720005599118604,Dependence
40.72240597619048,-73.99324661904761,0.09727857179275701,0.790756367332525,Stress / balance
40.74103649315069,-73.94616567123288,0.08089363170068084,0.8178199300993576,Stress / balance
40.76998631764704,-73.94786307058823,0.02740558665004318,0.7733572126225761,Dependence
40.83712400000001,-73.90964500000001,0.04514954525972522,0.7072189088260818,Unsustained place
40.73501532758621,-73.97984275862068,0.1293183704931467,0.7555421716426641,Unsustained place
40.86538367741933,-73.8934609677419,0.08357577846773542,0.7829059257193729,Stress / balance
40.62731166666666,-73.94188813333335,0.03144675193470363,0.8143319336254742,Unsustained node
40.67729301886792,-73.82632939622641,0.017743958609682038,0.8292053291776824,Unsustained node
40.65006483673469,-73.96097295918366,0.024723439882988613,0.7959482527949329,Unsustained node
40.821001260869565,-73.89688101449273,0.12872532372746065,0.7098614328087217,Unsustained place
40.85165445098039,-73.91566098039216,0.0806374624790893,0.6782367632137254,Unsustained place
40.75833031034482,-73.96894844827584,0.11906369568709951,0.7776708143009188,Stress / balance
40.77949986363636,-73.95558727272727,0.15751533068487356,0.8053306770834308,Stress / balance
40.76412420312501,-73.98848835937501,0.07795531571203473,0.792285326835408,Stress / balance
40.74975884507042,-73.98782188732396,0.14000213950701923,0.7776549893677416,Stress / balance
40.76659999999999,-73.89117,0.01370279332502159,0.6653591513619957,Dependence
40.566456602564095,-74.11380312820513,0.017743958609682038,0.7577341816845228,Dependence
40.7422,-73.84096500000001,0.0,0.7413852684467639,Dependence
40.66819076073621,-73.84211950920245,0.02740558665004318,0.7024142557214886,Dependence
40.67640635036496,-74.00103836496349,0.03144675193470363,0.7696592000392939,Dependence
40.74335431666668,-73.83385100000001,0.01370279332502159,0.624071397848676,Dependence
40.75266663291139,-73.97307050632908,0.05885233858474681,0.7974959637521775,Stress / balance
40.745444714285725,-73.97539775510205,0.11431420031259716,0.7933695842332688,Stress / balance
40.76059931987579,-73.96433846583852,0.15751533068487356,0.7430268998087883,Unsustained place
40.66387905454545,-73.95097718181819,0.0384262332080102,0.7602381160010724,Dependence
40.6345204347826,-73.94946839855072,0.05617019181769224,0.8017371994361421,Stress / balance
40.76479802564103,-73.98428307692309,0.09720452410734072,0.7837274587658528,Stress / balance
40.85346884090909,-73.82624975000002,0.0384262332080102,0.7617771232927157,Dependence
40.82364706818181,-73.94385655681818,0.10131973707741745,0.827309830669037,Stress / balance
40.60725183928572,-74.00263874999999,0.0384262332080102,0.8149021392641606,Unsustained node
40.75769472222222,-73.9694033111111,0.14378713557008813,0.7842913807248809,Stress / balance
40.65093991379311,-73.90597405172412,0.017743958609682038,0.80004370196705,Unsustained node
40.69077743589743,-73.72728038461538,0.0,0.7380344669995766,Dependence
40.73177700000001,-73.77011000000002,0.04110837997506477,0.7261966742114856,Dependence
40.6975551,-73.85277609999997,0.01370279332502159,0.8028212257405566,Unsustained node
40.7621404723618,-73.9787959798995,0.2454138454486248,0.7972995654626256,Stress / balance
40.71991088888889,-73.80902177777776,0.028056275077807162,0.7655399359632427,Dependence
40.77702613333334,-73.96381116666664,0.0669346691540677,0.7759410151549104,Unsustained place
40.82937143137255,-73.84739274509802,0.04514954525972522,0.6991533780883311,Unsustained place
40.68727284722223,-73.97979330555556,0.23815279316396287,0.7973908724211882,Stress / balance
40.74828816831683,-73.97835960396039,0.07248108422435211,0.8058979070729542,Stress / balance
40.834114000000014,-73.86327,0.07953461318307498,0.7792703228450952,Stress / balance
40.78088752631579,-73.96103035087721,0.04919071054438567,0.7771412158677837,Stress / balance
40.66960798039216,-73.91714035294117,0.05885233858474681,0.8269228830737159,Stress / balance
40.718459095238096,-73.99476467857143,0.1370638235183731,0.8068919399349245,Stress / balance
40.740913000000006,-73.95226000000001,0.08357577846773542,0.690363468445317,Unsustained place
40.65906666666667,-73.88457499999998,0.0669346691540677,0.7830562241459122,Stress / balance
40.69870286363636,-73.93830799999999,0.06987298514271384,0.7469960794872997,Unsustained place
40.7610499402985,-73.98701101492537,0.13412550752972696,0.7894302716759054,Stress / balance
40.65740761016949,-73.89880067796608,0.052129026533031794,0.7645976184224137,Unsustained place
40.83355699999999,-73.85774000000006,0.05885233858474681,0.6888269600994108,Unsustained place
40.7599105235602,-73.95881965968587,0.04110837997506477,0.7720017199473009,Dependence
40.78296000000001,-73.94402999999998,0.1401404894916001,0.7945965804719507,Stress / balance
40.75488361424731,-73.99151290591398,0.18924365363093257,0.8158059661135051,Stress / balance
40.8141925,-73.93435874999999,0.037717903118168306,0.8024387021150675,Unsustained node
40.78962014285714,-73.94007232142859,0.04514954525972522,0.7557073281238973,Unsustained place
40.80904486666668,-73.92856233333336,0.10131973707741745,0.7530247960603289,Unsustained place
40.82692,-73.87199,0.07659629719442884,0.7763049607620491,Unsustained place
40.73897209999999,-73.8160504,0.1684746851849195,0.7659330477854317,Unsustained place
40.865798488888885,-73.91999628888891,0.11638154892004493,0.8326630006749134,Stress / balance
40.72921378431372,-73.78115070588235,0.0,0.6226295724423249,Dependence
40.663242262500006,-73.89365529999998,0.06987298514271384,0.810044659188969,Stress / balance
40.79292936619718,-73.94790830985914,0.12174584245415408,0.7767986311980557,Stress / balance
40.66639228125,-73.80263901041667,0.0,0.6886262136229567,Dependence
40.68426036875,-73.8460325,0.07097583443872815,0.8187565360004976,Stress / balance
40.74285619117647,-74.00398058823527,0.0943402558041109,0.7817136179294581,Stress / balance
40.74311014201183,-73.97212562130177,0.1102730350279367,0.7899239205284668,Stress / balance
40.76489431578947,-73.97255561403509,0.12202741346550947,0.779704119541059,Stress / balance
40.717307187500005,-73.99112409375,0.4233044779307073,0.8434618871864485,Stress / balance
40.7541233272727,-73.72306877272729,0.017743958609682038,0.7853096679890333,Unsustained node
40.686928,-73.98484000000002,0.10940206764673835,0.8271353667768143,Stress / balance
40.677773,-73.93587000000002,0.07320582033753238,0.7593073619442576,Unsustained place
40.63384736363637,-73.91141665454548,0.04514954525972522,0.8035085288806079,Stress / balance
40.82543312676056,-73.86285225352114,0.03144675193470363,0.7079246889853235,Dependence
40.74460400000001,-73.97127082352941,0.09317976484601864,0.7634288649077189,Unsustained place
40.83674422857141,-73.88587542857144,0.09727857179275701,0.7817876583138064,Stress / balance
40.7123499090909,-73.8912878909091,0.04246739849267065,0.6363534719231588,Unsustained place
40.69591269736842,-73.74261317105264,0.06289350386940726,0.6975003315236113,Unsustained place
40.65140127433628,-73.75888823008849,0.01370279332502159,0.6808201397391739,Dependence
40.854874,-73.91679399999998,0.06843991893969166,0.7084553369259938,Unsustained place
40.66609,-73.82808999999999,0.01370279332502159,0.7046502552690013,Dependence
40.714450425,-73.93059200000002,0.0,0.6624748631303637,Dependence
40.753165802816895,-73.82193901408449,0.06851396662510796,0.7827828730648614,Stress / balance
40.73880045238094,-73.81413630952382,0.14106909853487634,0.775373248517638,Unsustained place
40.75391475438597,-73.99758389473685,0.04110837997506477,0.7775692895600087,Unsustained node
40.68052101818181,-73.84310441818182,0.05617019181769224,0.7844762990013936,Stress / balance
40.71213462745098,-74.00561421568628,0.27231646765088996,0.751349421178571,Unsustained place
40.61461878823528,-73.9686656470588,0.017743958609682038,0.8054913742919235,Unsustained node
40.76499940298507,-73.82058880597015,0.0,0.8103214621048541,Unsustained node
40.756367,-73.96012,0.04110837997506477,0.8262187675211947,Unsustained node
40.82098241071429,-73.89392098214284,0.06583181985805339,0.6546716170379269,Unsustained place
40.76685119565217,-73.95375847826088,0.04868090801405741,0.8056803314806464,Stress / balance
40.65055360465117,-73.95581295348838,0.14757213163315702,0.8296562137361754,Stress / balance
40.6608171,-73.84029299999999,0.0,0.7710840352782561,Dependence
40.76258240677965,-73.80462205084748,0.0384262332080102,0.7942846380105346,Unsustained node
40.70114814705882,-73.9609222352941,0.12578700773881452,0.7716345835066651,Unsustained place
40.700592000000015,-73.85457,0.02740558665004318,0.754172161116086,Dependence
40.76515048571427,-73.95213422857141,0.03432742626127184,0.639051960266002,Dependence
40.73676266666667,-73.85447333333335,0.06289350386940726,0.8191178468771296,Stress / balance
40.707760578947365,-73.93220975438595,0.0384262332080102,0.8249988873130925,Unsustained node
40.85089283076923,-73.93831976923077,0.090555259741042,0.8086070227619597,Stress / balance
40.84299254545456,-73.82625400000002,0.017743958609682038,0.7002794628385451,Dependence
40.8178763244681,-73.89331377659575,0.05617019181769224,0.723678977735158,Unsustained place
40.86255327884615,-73.89704836538459,0.13831290408240549,0.8099220244563616,Stress / balance
40.76117359375,-73.97950281249999,0.19192580039798712,0.8085848666365789,Stress / balance
40.82743150980392,-73.83671447058823,0.04919071054438567,0.6513083977921531,Unsustained place
40.735413247191005,-73.91834741573037,0.0,0.7392847943165428,Dependence
40.762292012195125,-73.97230963414633,0.09730397358252085,0.8131480275803589,Stress / balance
40.66654720588234,-73.99621774509804,0.0,0.7731210728850522,Dependence
40.6779770866142,-73.87208211023625,0.03144675193470363,0.8176973651549715,Unsustained node
40.835856568627456,-73.87212725490195,0.04514954525972522,0.7052784728241219,Unsustained place
40.61255106153845,-73.96285849230769,0.0,0.8079209597304648,Unsustained node
40.77564042253521,-73.96052253521124,0.11971438411486349,0.8194660964667059,Stress / balance
40.74761436538461,-73.88389173076924,0.13095530962626487,0.8292650974273011,Stress / balance
40.73329785714286,-73.98718392857145,0.26244947396846496,0.8398824450772362,Stress / balance
40.66165976923076,-74.00009711538462,0.024723439882988613,0.8274771579476861,Unsustained node
40.74710237037037,-73.76326259259258,0.0,0.608584740008525,Dependence
40.82751477777778,-73.92496730555553,0.10425805306606359,0.7029374703508777,Unsustained place
40.7367458348624,-73.8776639449541,0.05617019181769224,0.7872998530613997,Stress / balance
40.773335,-73.95506000000002,0.05323187582904612,0.806797763712828,Stress / balance
40.71024445,-73.82124875,0.06987298514271384,0.71528043008721,Unsustained place
40.75428598863636,-73.89745988636365,0.035487917219364076,0.8055214472721429,Unsustained node
40.80407516666666,-73.93266404761907,0.1457609522473008,0.7498927867234445,Unsustained place
40.65748342105263,-73.89306257894734,0.04919071054438567,0.7935147491866522,Stress / balance
40.748457861702136,-73.89593260638298,0.10425805306606359,0.776317467202508,Unsustained place
40.72644242857143,-73.99178025,0.19443445000444526,0.7670580700894342,Unsustained place
40.83095175342466,-73.82647993150684,0.035487917219364076,0.6491464400055945,Dependence
40.76867559493669,-73.96990359493671,0.03144675193470363,0.7912495537629117,Unsustained node
40.843598714285726,-73.89412607142857,0.08625792523479,0.7511077220997288,Unsustained place
40.81910200000001,-73.94092620754718,0.08467862776374974,0.8110390187861025,Stress / balance
40.72168491428572,-73.83597600000003,0.04110837997506477,0.6798694645173835,Dependence
40.6790742244898,-73.88077737755103,0.04919071054438567,0.756511959768343,Unsustained place
40.615204000000006,-73.96337,0.035487917219364076,0.8412021542933984,Unsustained node
40.72420058139535,-73.75497310465117,0.01370279332502159,0.754964026050616,Dependence
40.6781135,-73.90788444285711,0.05617019181769224,0.8027911149486946,Stress / balance
40.756282201923085,-73.83367865384618,0.04514954525972522,0.7854665854584825,Stress / balance
40.73987953846154,-73.99872115384616,0.16512009859618026,0.8188018099534781,Stress / balance
40.73648587500001,-73.854008,0.06289350386940726,0.8142019148510184,Stress / balance
40.73601317241379,-73.99782368965516,0.27819421411117046,0.8104130004119888,Stress / balance
40.771305000000005,-73.87664000000001,0.02740558665004318,0.7118453275394174,Dependence
40.66991800000001,-73.91889,0.05885233858474681,0.7973738286280131,Stress / balance
40.74603098404256,-73.93440801063828,0.027331538964626884,0.7800023813179602,Unsustained node
40.761486,-73.96062000000002,0.05481117330008636,0.7828984583023114,Stress / balance
40.74489200000001,-73.77022,0.03144675193470363,0.5563153186126824,Dependence
40.8627515181818,-73.90226513636361,0.09720452410734072,0.7844248452858341,Stress / balance
40.669457071428575,-73.86283279999998,0.06989838693247767,0.7441350623015397,Unsustained place
40.605669490196085,-73.96696688235295,0.09094977894721443,0.858437899207888,Stress / balance
40.7201,-73.79038000000004,0.01370279332502159,0.6909871290164897,Dependence
40.72329894047619,-74.00298154761903,0.13166363971610678,0.824195459489741,Stress / balance
40.74127935211271,-73.90256247887325,0.024015109793146715,0.7518919523214839,Dependence
40.7736,-73.98158000000001,0.35616444313457574,0.7987928013790755,Stress / balance
40.83589538461539,-73.88344373076923,0.04110837997506477,0.7124638341650601,Dependence
40.82918147500001,-73.92875765000001,0.052129026533031794,0.7239709899116157,Unsustained place
40.70810763963965,-73.93991855855855,0.07795531571203473,0.82548671710893,Stress / balance
40.73936362765957,-73.79188797872341,0.035487917219364076,0.732161892604937,Dependence
40.709225752066125,-73.8431598016529,0.01370279332502159,0.7489603166810793,Dependence
40.69024000000001,-73.99437,0.1748296229123676,0.7845063622730719,Stress / balance
40.73871815068493,-73.81035156164383,0.035487917219364076,0.6685570158448818,Dependence
40.84689136708862,-73.90140405063293,0.1327664890121211,0.8194455042520438,Stress / balance
40.86312058823529,-73.92059945098038,0.10131973707741745,0.8366363087005864,Stress / balance
40.5869538172043,-74.16416580645163,0.0,0.7348783858226531,Dependence
40.748993,-73.89687,0.09323740650809657,0.789029896541205,Stress / balance
40.74947000000001,-73.7564,0.017743958609682038,0.6869761005710653,Dependence
40.730120500000005,-73.92690766666664,0.0,0.6845685573540913,Dependence
40.71656377941176,-73.99698476470587,0.20399849267244083,0.8095014964697539,Stress / balance
40.84333206451614,-73.9154725161291,0.07953461318307498,0.6612008458266587,Unsustained place
40.808163,-73.92652999999999,0.06289350386940726,0.7749708517782947,Unsustained place
40.63551999999999,-74.01670000000001,0.01370279332502159,0.7564252418939655,Dependence
40.68815692413793,-73.84885279999999,0.0,0.7595301561659062,Dependence
40.70329370000001,-73.79609671428568,0.01370279332502159,0.7847419976088243,Unsustained node
40.76187244736843,-73.82966176315789,0.06987298514271384,0.7799396158145773,Stress / balance
40.75426,-73.74334,0.01370279332502159,0.34727322909636893,Dependence
40.66817440740741,-73.95345066666667,0.049446879765977225,0.794294894293862,Stress / balance
40.7252869,-73.8946528,0.06851396662510796,0.7721356021490404,Unsustained place
40.65542054639175,-73.88827282474227,0.03144675193470363,0.7586705179223101,Dependence
40.83141467307693,-73.91831057692308,0.03144675193470363,0.6684416127425526,Dependence
40.57798072941177,-73.95962023529412,0.06987298514271384,0.7543380630339199,Unsustained place
40.760188244897954,-73.98393965306121,0.11259655285697603,0.8444931673173272,Stress / balance
40.73437624,-73.87340256799999,0.02740558665004318,0.7819086189619369,Unsustained node
40.73439169491527,-73.86323118644069,0.04514954525972522,0.7255623428844192,Unsustained place
40.84046171875001,-73.8859868125,0.08221675995012954,0.7588407349510374,Unsustained place
40.67123014634146,-73.84296926829269,0.02740558665004318,0.813569607959193,Unsustained node
40.75227022368421,-73.9897042236842,0.052129026533031794,0.808142161682541,Stress / balance
40.860528095238095,-73.91448285714284,0.07946056549765868,0.7361166742778384,Unsustained place
40.66589092307692,-73.99641876923077,0.0,0.7709792406041552,Dependence
40.62588274324324,-74.13456649999998,0.0,0.758960892334757,Dependence
40.593163,-73.90859999999998,0.02740558665004318,0.5926877486300782,Dependence
40.57323,-74.14702000000003,0.04110837997506477,0.6384991219045987,Dependence
40.681521765432095,-73.72778160493827,0.0,0.715036146435401,Dependence
40.71496235294117,-74.00798720588236,0.1674077261570624,0.7863504741295835,Stress / balance
40.75155920000001,-73.98223718181819,0.06575777217263709,0.8085686504690344,Stress / balance
40.65841509722222,-74.00352958333332,0.03144675193470363,0.814443614218056,Unsustained node
40.5866160479452,-73.96616504109589,0.024015109793146715,0.770941678529308,Dependence
40.754864,-73.85254999999998,0.05885233858474681,0.7025204650872356,Unsustained place
40.74093288888889,-74.00534451388889,0.12872532372746065,0.8178602460277794,Stress / balance
40.86871248611111,-73.9023805,0.04803021958629343,0.6981144001384799,Unsustained place
40.611427,-74.11684400000001,0.04919071054438567,0.7616888611013244,Unsustained place
40.82685246728973,-73.92267237383179,0.11100676690754244,0.7186129059306539,Unsustained place
40.76414914035088,-73.96890307017543,0.1577714999064651,0.8227555433508412,Stress / balance
40.701244328125,-73.81623492187501,0.06648250828581737,0.7536673265638678,Unsustained place
40.74983925301205,-73.9389986746988,0.12604317696040607,0.8075453198451409,Stress / balance
40.74721730769231,-73.99338163076925,0.10124568939200115,0.8071448270719538,Stress / balance
40.81880951785713,-73.92827642857142,0.12265270010350961,0.6735814720991427,Unsustained place
40.74769000000001,-74.00417000000002,0.09029909051945044,0.785390618622849,Stress / balance
40.59528298245614,-74.16190877192982,0.01370279332502159,0.6919139887269888,Dependence
40.76587533333333,-73.957412,0.13675001263470365,0.81339300790193,Stress / balance
40.68531874074074,-73.98071074074073,0.18331621807411264,0.8250911679836485,Stress / balance
40.757702508196736,-73.96337049180329,0.0725551319097684,0.7941157095218859,Stress / balance
40.7564878313253,-73.99776740963854,0.02740558665004318,0.7737161854491474,Dependence
40.7546165762712,-73.99711716949155,0.09730397358252085,0.784053032539938,Stress / balance
40.84109601333333,-73.93972991999999,0.11522105796195269,0.8145367684846161,Stress / balance
40.751603686046494,-73.93383244186046,0.06987298514271384,0.7769293204394345,Stress / balance
40.67736277894737,-73.88684652631581,0.04919071054438567,0.7428490905886982,Unsustained place
40.71311037735849,-73.83370201886791,0.11090731743236232,0.756551717052284,Unsustained place
40.826255343283584,-73.82174974626867,0.017743958609682038,0.6640840718132945,Dependence
40.609585058823534,-73.81904909803922,0.03144675193470363,0.5866765239667052,Dependence
40.70253083333333,-73.81423333333333,0.0458002336874892,0.7773140072215561,Stress / balance
40.78722205263158,-73.9541653355263,0.07320582033753238,0.8128712010628883,Stress / balance
40.71211442105264,-73.73117263157893,0.07953461318307498,0.8021983234687181,Stress / balance
40.65361115384616,-73.8623603846154,0.024015109793146715,0.7049373673870405,Dependence
40.763395545454536,-73.92839290909092,0.04246739849267065,0.8085300614861968,Stress / balance
40.65013260655737,-73.89113057377051,0.02740558665004318,0.7892519456085573,Unsustained node
40.651573000000006,-73.97237000000005,0.04110837997506477,0.7651422773729452,Dependence
40.76577385507248,-73.8237197826087,0.03144675193470363,0.8031925555596771,Unsustained node
40.61785,-73.98807500000001,0.0,0.8559073057235984,Unsustained node
40.73541,-73.97515000000001,0.08279340069247723,0.7247092113337683,Unsustained place
40.63996361290322,-73.94841259677416,0.05617019181769224,0.8277211390549883,Stress / balance
40.79474422857143,-73.96987257142854,0.05617019181769224,0.8181452115372418,Stress / balance
40.8157076875,-73.916804125,0.08754289606697957,0.7647471039125067,Unsustained place
40.59783000000001,-73.96548499999999,0.0,0.8290156961885248,Unsustained node
40.726814,-73.83845999999998,0.04110837997506477,0.6843313678895501,Dependence
40.75783074683545,-73.99308360759494,0.1260685787501699,0.7806208629000895,Stress / balance
40.66626000000001,-73.99595999999998,0.0,0.7874938438745707,Unsustained node
40.73783950769232,-73.93579707692307,0.0,0.7275228009860082,Dependence
40.67237320792079,-73.78572946534656,0.04919071054438567,0.8184437194290364,Stress / balance
40.757759134020624,-73.78339474226806,0.010312316468125124,0.7330462330077123,Dependence
40.75425966666668,-73.82783151041667,0.08625792523479,0.7777751841545784,Stress / balance
40.73475079545455,-73.87454375,0.02740558665004318,0.7927190598902141,Unsustained node
40.74376699999999,-73.83748000000003,0.01370279332502159,0.7482518583491776,Dependence
40.72227773972603,-73.94110101369863,0.06289350386940726,0.8074699666771528,Stress / balance
40.73532013235295,-73.99412064705884,0.22069040556563618,0.804465826454915,Stress / balance
40.77655915,-73.95271139999997,0.07391415042737429,0.8173284164405444,Stress / balance
40.74068957142857,-73.84417642857144,0.01370279332502159,0.7828103740158285,Unsustained node
40.76975,-73.96061,0.11083326974694602,0.8030406397614549,Stress / balance
40.66703,-73.9952281632653,0.024723439882988613,0.7676207635015116,Dependence
40.84377798076923,-73.89596990384614,0.07659629719442884,0.7103079236456399,Unsustained place
40.81327348226951,-73.9303264539007,0.024723439882988613,0.7197756538584263,Dependence
40.65022039655172,-73.95991105172415,0.017743958609682038,0.8211637452466909,Unsustained node
40.74309415094339,-73.97401773584907,0.1664686286353928,0.7639124694401642,Unsustained place
40.70976598245613,-73.7955697368421,0.09165810903705632,0.7678100145847214,Unsustained place
40.61862686666666,-73.93249743333331,0.0,0.8152879304768282,Unsustained node
40.869495,-73.82618999999998,0.0,0.6362198351303568,Dependence
40.861075328947365,-73.89022135526317,0.17633673680080608,0.7743837624063411,Unsustained place
40.75145107017544,-73.97396789473684,0.12604317696040607,0.7806636286931877,Stress / balance
40.74971886631015,-73.9361639037433,0.08761694375239587,0.7669291752716875,Unsustained place
40.701943697368414,-73.94394639473687,0.1430047577948299,0.8174294848201606,Stress / balance
40.863690000000005,-73.91706999999998,0.05617019181769224,0.8071617591139979,Stress / balance
40.71245436363636,-73.9185240909091,0.0,0.8139402844483746,Unsustained node
40.6294779875,-73.944122275,0.0,0.8169887939396663,Unsustained node
40.81322592857142,-73.93137175,0.0384262332080102,0.7145071012982946,Dependence
40.69379048101266,-73.81167620253167,0.0,0.805477314171587,Unsustained node
40.77814547457626,-73.95448338983053,0.18223877056786214,0.7988745404458467,Stress / balance
40.7521518974359,-73.94419897435898,0.024723439882988613,0.7767298517259268,Dependence
40.76297051587299,-73.83197058730164,0.02740558665004318,0.7689449884654406,Dependence
40.7688668490566,-73.86845539622641,0.01370279332502159,0.6779217885851379,Dependence
40.651264,-74.003914,0.03144675193470363,0.817428209816232,Unsustained node
40.765057000000006,-73.81293,0.02740558665004318,0.8432692754450372,Unsustained node
40.76535945360825,-73.7442642268041,0.06851396662510796,0.6888341512546681,Unsustained place
40.75197594285715,-73.93195814285711,0.024723439882988613,0.7952808688860682,Unsustained node
40.77363745454544,-73.95986163636363,0.08826763218015986,0.8159002906439634,Stress / balance
40.85925995454546,-73.88677163636363,0.18710121413718156,0.7803747094875009,Stress / balance
40.742676,-73.839516,0.01370279332502159,0.7549351063603648,Dependence
40.69948480701754,-73.96104396491229,0.10400188384447204,0.8053636139697891,Stress / balance
40.7671748032787,-73.93764704918033,0.04110837997506477,0.8200681137821666,Unsustained node
40.76531000000001,-73.96385,0.13888954482475316,0.8046820427589455,Stress / balance
40.758965,-73.95819000000003,0.05481117330008636,0.7677555345306541,Unsustained place
40.66653266666666,-73.78808490196076,0.01370279332502159,0.7391640568351866,Dependence
40.72655851851852,-73.83802098765435,0.02740558665004318,0.6674023964370284,Dependence
40.819057,-73.92922999999999,0.09459642502570244,0.7288479916385964,Unsustained place
40.71200087012987,-73.82545745454546,0.06289350386940726,0.7410095204327565,Unsustained place
40.58155063414634,-73.96733648780487,0.09029909051945044,0.7627952974964081,Unsustained place
40.67590929885056,-73.89493904597698,0.0384262332080102,0.7808147712262832,Unsustained node
40.5817353275862,-73.83832120689654,0.052129026533031794,0.7335603832312401,Unsustained place
40.893419489932896,-73.85735369127516,0.024723439882988613,0.6729113024915734,Dependence
40.68984362666666,-73.85006990666669,0.017743958609682038,0.7881924996554383,Unsustained node
40.67135,-73.96133999999999,0.08089363170068084,0.8208225351860653,Stress / balance
40.60646589473684,-73.98912607017544,0.0806374624790893,0.8112458267702435,Stress / balance
40.70660438095238,-73.950414984127,0.1655722594644306,0.8210065933302475,Stress / balance
40.78356,-73.82448999999998,0.01370279332502159,0.6829462897490536,Dependence
40.86183734615385,-73.8928541346154,0.09323740650809657,0.7636473766690028,Unsustained place
40.682568234375,-73.792670078125,0.0,0.7569495648545799,Dependence
40.770328062992135,-73.87607141732283,0.02740558665004318,0.752794369324629,Dependence
40.750192157894745,-73.93983355263158,0.12200201167574562,0.798996057574794,Stress / balance
40.886446969696976,-73.89590045454545,0.03144675193470363,0.7324135619742155,Dependence
40.681125807407405,-73.96445874074077,0.07391415042737429,0.8348788939022926,Stress / balance
40.69801260439559,-73.97494681318682,0.04514954525972522,0.8388304809506009,Stress / balance
40.75093966197184,-73.98274408450703,0.04103433228964848,0.8047757398433145,Unsustained node
40.666263507462695,-73.89444134328357,0.11906369568709951,0.7761208232752559,Unsustained place
40.57854612222221,-74.16955515555557,0.06989838693247767,0.7315152087530526,Unsustained place
40.625567625,-73.94000175000001,0.04919071054438567,0.8100241534384436,Stress / balance
40.84646600000001,-73.82611183606555,0.04919071054438567,0.7343294064746293,Unsustained place
40.80421115929203,-73.91344672566372,0.09727857179275701,0.6634764405134438,Unsustained place
40.76912691919192,-73.98855075757575,0.17713365649658813,0.7801059809353098,Stress / balance
40.73272256140351,-73.94281561403507,0.01370279332502159,0.7531392101797647,Dependence
40.76132000000001,-73.91709999999998,0.03144675193470363,0.8509467035028944,Unsustained node
40.73512909433962,-73.87525475471696,0.052129026533031794,0.7973877515651764,Stress / balance
40.8050330909091,-73.91137063636363,0.0384262332080102,0.6963386804170056,Dependence
40.83484250724638,-73.89420101449277,0.01370279332502159,0.7729041140356451,Dependence
40.66454000000002,-73.82276,0.02740558665004318,0.733642969704124,Dependence
40.85381057692309,-73.91386230769231,0.07248108422435211,0.6448431008514535,Unsustained place
40.85163022580645,-73.92156329032258,0.0806374624790893,0.6069630172770012,Unsustained place
40.74265699999999,-73.84621400000003,0.01370279332502159,0.5933867611060233,Dependence
40.87875901315788,-73.87255235526317,0.06987298514271384,0.7822958328025384,Stress / balance
40.76002065573771,-73.85927065573769,0.01370279332502159,0.7390575672984059,Dependence
40.75578135135136,-74.0019889189189,0.10425805306606359,0.7638881598524339,Unsustained place
40.84894367213116,-73.93710983606555,0.0986375903103629,0.8638593129581627,Stress / balance
40.81413260377358,-73.9557329056604,0.14488998486610244,0.79064241661069,Stress / balance
40.805107692307686,-73.9109420769231,0.0384262332080102,0.7005110724762839,Dependence
40.636820159420274,-74.01177028985506,0.04246739849267065,0.8420850335326496,Stress / balance
40.81656284444444,-73.9195437222222,0.12310486097175995,0.7084011402212135,Unsustained place
40.69790223728815,-73.8023024915254,0.01370279332502159,0.7980566557328486,Unsustained node
40.75791659016392,-73.97766285245898,0.04514954525972522,0.8391406099708622,Stress / balance
40.73823802985074,-73.79911970149254,0.017743958609682038,0.6423862615241962,Dependence
40.80433703260871,-73.92156158695651,0.07659629719442884,0.8105267428456231,Stress / balance
40.678926242857145,-73.75968520000004,0.017743958609682038,0.7627482138496537,Dependence
40.85370364210525,-73.87185726315788,0.01370279332502159,0.6581585999229687,Dependence
40.76211690196079,-73.80373078431371,0.0384262332080102,0.7923059348952696,Unsustained node
40.75222661904761,-73.93910690476193,0.09165810903705632,0.7895476934282017,Stress / balance
40.89607999999999,-73.86692,0.0,0.7398708431893837,Dependence
40.75473630136987,-73.97577342465755,0.024723439882988613,0.806910771358776,Unsustained node
40.802020000000006,-73.94969000000003,0.06987298514271384,0.7949874578727535,Stress / balance
40.73648832352941,-73.90922764705886,0.0,0.7477249909546219,Dependence
40.6862866138614,-73.79389980198019,0.0,0.8108040165016445,Unsustained node
40.605931927272735,-74.00046181818185,0.049446879765977225,0.8242692215122157,Stress / balance
40.72935499999999,-73.86023000000002,0.04246739849267065,0.7395004425185919,Unsustained place
40.6806651682243,-73.90262813084114,0.10157590629900902,0.7547245255816295,Unsustained place
40.731949999999976,-73.86343399999998,0.08357577846773542,0.7703104414881615,Unsustained place
40.7411373770492,-73.79279213114756,0.017743958609682038,0.7498073001567418,Dependence
40.80713939130435,-73.94594927536231,0.10536090236207792,0.8147071046779257,Stress / balance
40.750440600000005,-73.97175493333332,0.1588130571445584,0.7732624194108151,Unsustained place
40.73979794736842,-73.81767403508772,0.04514954525972522,0.7536672045724151,Unsustained place
40.89406913432835,-73.86254985074626,0.09049761807896407,0.7184343023823331,Unsustained place
40.675323,-73.86331999999999,0.11098136511777862,0.7961942338012746,Stress / balance
40.71631200000001,-73.81938,0.01370279332502159,0.7292803312067089,Dependence
40.88709,-73.87802999999998,0.0384262332080102,0.7077702927529613,Dependence
40.76342400000001,-73.83015848484848,0.04514954525972522,0.7687279477974319,Unsustained place
40.72158151724138,-73.94186434482758,0.0943402558041109,0.8020676910721729,Stress / balance
40.67345350819671,-73.97298132786885,0.10131973707741745,0.7987310850530749,Stress / balance
40.72146251612903,-73.8045178870968,0.01370279332502159,0.7938308947525152,Unsustained node
40.66972599999999,-73.86095923076921,0.06989838693247767,0.7533826257207068,Unsustained place
40.60207101886792,-74.18784245283018,0.0,0.5883555430230831,Dependence
40.72545000000001,-73.837776,0.02740558665004318,0.680102135007199,Dependence
40.590706,-74.165794,0.0,0.7645144067792498,Dependence
40.7356195942029,-73.87597855072462,0.05617019181769224,0.7908020805751981,Stress / balance
40.75481986170213,-73.84498914893615,0.0384262332080102,0.7530085852348467,Dependence
40.74480911999999,-73.9914179,0.15623898422826277,0.7874551628416907,Stress / balance
40.70005162,-73.92458507999999,0.05617019181769224,0.8393444170839992,Stress / balance
40.76153459090909,-73.83111857954547,0.13977137207519152,0.7763406468198701,Unsustained place
40.769413787878776,-73.91024890909091,0.02740558665004318,0.7452882899211994,Dependence
40.87688466,-73.90338300000002,0.0384262332080102,0.666356797289198,Dependence
40.72224852083334,-73.98629436458334,0.09029909051945044,0.814364594410614,Stress / balance
40.83961499999999,-73.88443,0.08625792523479,0.756863102661863,Unsustained place
40.79851511235954,-73.93357787640451,0.035487917219364076,0.7589622364099298,Dependence
40.73248339726027,-73.76557830136987,0.04110837997506477,0.719756679321192,Dependence
40.71655700000001,-73.82869000000001,0.07946056549765868,0.6912780412402887,Unsustained place
40.72106607920792,-73.99822366336632,0.08357577846773542,0.8170539688602312,Stress / balance
40.73159999999999,-73.871983,0.0384262332080102,0.6890397843631979,Dependence
40.84417872,-73.90291984,0.05481117330008636,0.7624484842345828,Unsustained place
40.73585115000001,-73.98532305,0.07947697152099706,0.832145702510886,Stress / balance
40.76366842857143,-73.97349798701299,0.12202741346550947,0.7901020458566528,Stress / balance
40.6386365,-73.94827387804877,0.05617019181769224,0.7799902823932674,Stress / balance
40.78167,-73.8307598,0.0,0.7185782324109157,Dependence
40.762127,-73.99739,0.03144675193470363,0.7865481033772318,Unsustained node
40.62491200000001,-74.14670599999998,0.06289350386940726,0.7585082680296622,Unsustained place
40.695015,-73.98876000000001,0.13831290408240549,0.7979725580976891,Stress / balance
40.75482771257485,-73.98412955089819,0.194665217436273,0.8164844842483296,Stress / balance
40.69582509615385,-73.98241384615386,0.14915142910419726,0.7388261709925465,Unsustained place
40.7385476344086,-73.9996931612903,0.18984353847916885,0.8050027114168785,Stress / balance
40.74322500000002,-74.00864399999998,0.06851396662510796,0.7889229814456279,Stress / balance
40.84698810526315,-73.93821868421053,0.09459642502570244,0.8430200341538232,Stress / balance
40.71514782191781,-73.74933720547945,0.0,0.6604925725085564,Dependence
40.80940223529412,-73.8804335490196,0.01370279332502159,0.7498018884467954,Dependence
40.67255800000001,-73.99883000000003,0.06583181985805339,0.7791910854888946,Stress / balance
40.721619450000006,-73.99353155000001,0.13974597028542768,0.8102844053369012,Stress / balance
40.6016668358209,-74.1632956716418,0.01370279332502159,0.7044479652974904,Dependence
40.76524,-73.95787999999999,0.12304721930968204,0.813432223817342,Stress / balance
40.64133747619048,-73.96939011111114,0.0,0.7841536282025992,Unsustained node
40.69036384482758,-73.84106655172413,0.01370279332502159,0.7931827061518576,Unsustained node
40.7710643,-73.9187038333333,0.09727857179275701,0.7596032539647772,Unsustained place
40.74739608,-73.92547912,0.04514954525972522,0.7289912825407051,Unsustained place
40.714923765625,-73.7416425,0.035487917219364076,0.8046918089325368,Unsustained node
40.7042914074074,-73.79778103703701,0.08360118025749927,0.8021498540872757,Stress / balance
40.89431400000001,-73.86027000000001,0.09747709935227065,0.7482320546022533,Unsustained place
40.69662201470587,-73.98087284313726,0.13948980106383613,0.7458548052047206,Unsustained place
40.88426281111112,-73.900702,0.11090731743236232,0.7018232262363103,Unsustained place
40.74296965217391,-73.81431713043479,0.02740558665004318,0.7749731723799322,Dependence
40.65231084705883,-73.95604164705878,0.0806374624790893,0.8093335711986958,Stress / balance
40.59110587272727,-73.96513145454546,0.017743958609682038,0.7681462513684822,Dependence
40.63159083333334,-73.94755199999999,0.024723439882988613,0.8015406303122176,Unsustained node
40.76434336619716,-73.92346176056334,0.017743958609682038,0.842372315460763,Unsustained node
40.62293760344826,-73.937213,0.0,0.8087345909095858,Unsustained node
40.747287910891096,-73.97404680198021,0.06512348976821149,0.7912298696260072,Stress / balance
40.746900579545446,-73.83469197727273,0.01370279332502159,0.776726700784915,Dependence
40.64857603636365,-73.92425,0.12016654498311383,0.7922576636219497,Stress / balance
40.827034474576266,-73.85165525423729,0.017743958609682038,0.7773491369537298,Unsustained node
40.76554256626506,-73.95471186746988,0.04463974272939696,0.8008700137063347,Stress / balance
40.88108244615385,-73.87848181538462,0.09383045327378263,0.8316543773410794,Stress / balance
40.806916125,-73.9355693181818,0.20238330493324336,0.7780126452545089,Stress / balance
40.6876715,-73.85052633333335,0.03144675193470363,0.7621710093576807,Dependence
40.64895692753623,-73.89250333333337,0.04514954525972522,0.7875210585375025,Stress / balance
40.85206599999999,-73.868614,0.03144675193470363,0.7529108711431618,Dependence
40.74400833846154,-73.9877953846154,0.052129026533031794,0.808445080165524,Stress / balance
40.77949683333332,-73.9534989814815,0.17819760528320172,0.7958243342073343,Stress / balance
40.68231046753248,-73.84494838961037,0.05617019181769224,0.8298556485984554,Stress / balance
40.73393465517242,-73.92181568965516,0.0,0.45373461675947546,Dependence
40.68991499999999,-73.7779,0.02740558665004318,0.7828774200262041,Unsustained node
40.69488130263159,-73.98326805263156,0.12174584245415408,0.7836842068110903,Stress / balance
40.84128235294118,-73.86355784313724,0.01370279332502159,0.7695752277669308,Dependence
40.760254,-73.76935,0.017743958609682038,0.7861938965153669,Unsustained node
40.58651893548389,-74.09210162903226,0.0,0.6787988630498512,Dependence
40.680305,-73.84453599999999,0.0384262332080102,0.8163450184568103,Unsustained node
40.84366410344828,-73.87192551724138,0.0384262332080102,0.5852402230213415,Dependence
40.59831447169812,-73.96116528301886,0.0,0.8337962685782838,Unsustained node
40.62954382142857,-73.96607071428573,0.08764234554215972,0.7981198460298522,Stress / balance
40.749800462962966,-73.9914982962963,0.14665140387331793,0.7388060706555755,Unsustained place
40.64324639655173,-73.94875886206896,0.024723439882988613,0.8110076332104016,Unsustained node
40.83548400000001,-73.94940000000001,0.04110837997506477,0.7106803054560976,Dependence
40.758341777777765,-73.99641535555554,0.01370279332502159,0.7201731757706845,Dependence
40.69720000000001,-73.952934,0.01370279332502159,0.7607472973363614,Dependence
40.71369587341771,-74.01375797468353,0.204244173415639,0.7313496890145657,Unsustained place
40.806338580357135,-73.93315053571428,0.17655701575424043,0.6554573214602172,Unsustained place
40.76099399999999,-73.82443,0.04919071054438567,0.792579767356758,Stress / balance
40.768683935483885,-73.90561774193544,0.017743958609682038,0.7767627604091896,Unsustained node
40.6199573076923,-74.02366269230768,0.02740558665004318,0.7714279982353383,Dependence
40.590352754716974,-74.16615150943399,0.0,0.7751426363649149,Dependence
40.76646364814815,-73.9942064814815,0.03144675193470363,0.7675625740648111,Dependence
40.75331792233009,-73.70682006796117,0.07673718309186457,0.6706533148440734,Unsustained place
40.76671199999999,-73.98289,0.1289814929490522,0.7843387997798861,Stress / balance
40.69724163565892,-73.81332203875967,0.037717903118168306,0.7634263497391457,Dependence
40.7599943875969,-73.96479272868217,0.15751533068487356,0.7721575379358646,Unsustained place
40.76630117460319,-73.98189761904759,0.14261023858865748,0.8288946092697449,Stress / balance
40.74121,-73.84276999999999,0.0,0.7060603758807644,Dependence
40.71724318478262,-73.99548590217393,0.1754900567263833,0.8133397528871669,Stress / balance
40.6094,-74.09011,0.04919071054438567,0.7336330908035034,Unsustained place
40.67628664705882,-73.8921248627451,0.05617019181769224,0.8261429452243148,Stress / balance
40.76764913793103,-73.98208086206895,0.0768524664160204,0.7510715320573604,Unsustained place
40.66558225806452,-73.83132193548391,0.0,0.6003944071023908,Dependence
40.61427,-74.15665400000003,0.01370279332502159,0.725426890177048,Dependence
40.75773199999999,-73.99685999999998,0.01370279332502159,0.7360088255071701,Dependence
40.69847907407408,-73.96020759259258,0.08625792523479,0.8227332048495353,Stress / balance
40.77147699999998,-73.91823999999998,0.09727857179275701,0.7380846197602979,Unsustained place
40.7141827721519,-74.00630141772153,0.20315181259801804,0.7581506660150841,Unsustained place
40.7615030212766,-73.99782393617022,0.03144675193470363,0.8020025694537395,Unsustained node
40.666332,-73.81056,0.03144675193470363,0.81580928731685,Unsustained node
40.759589752808985,-73.96199864044942,0.06583181985805339,0.7751454839351167,Unsustained place
40.7502056375,-74.0023413,0.07659629719442884,0.7676225185124692,Unsustained place
40.71020031645571,-74.00112698734175,0.1451102638195368,0.7234934079899945,Unsustained place
40.61855851851851,-73.95502148148145,0.02740558665004318,0.8448174429849448,Unsustained node
40.65248339189189,-73.95266966216217,0.017743958609682038,0.7866324896637592,Unsustained node
40.89546923076923,-73.87712821538459,0.01370279332502159,0.698671684252741,Dependence
40.64376392647059,-73.97005879411763,0.017743958609682038,0.8113986339559924,Unsustained node
40.77201999999998,-73.95602400000001,0.035487917219364076,0.8058497231025288,Unsustained node
40.75802992727272,-73.85774036363635,0.06289350386940726,0.7828911003443582,Stress / balance
40.768051876923074,-73.87622440000001,0.02740558665004318,0.7518947039352168,Dependence
40.6639352,-73.7686169090909,0.017743958609682038,0.7952046141260871,Unsustained node
40.857958636363634,-73.87268681818182,0.01370279332502159,0.8580020405758593,Unsustained node
40.57924999999999,-74.07780999999997,0.037717903118168306,0.779253295400909,Unsustained node
40.766035671875,-73.983379046875,0.1246101107573839,0.8139501130853553,Stress / balance
40.6449265,-74.01767339285713,0.024015109793146715,0.791666248403208,Unsustained node
40.75751378571429,-73.82913678571427,0.09459642502570244,0.7568817601912523,Unsustained place
40.850111000000005,-73.91063685185185,0.10536090236207792,0.578866232617459,Unsustained place
40.6820412295082,-73.87793627868852,0.09165810903705632,0.8282502080686175,Stress / balance
40.85914,-73.81823999999997,0.01370279332502159,0.49207685236300447,Dependence
40.72353831578948,-74.00377624561403,0.18379266624913856,0.8228307576008096,Stress / balance
40.76890858730157,-73.88872944444441,0.01370279332502159,0.740673451094035,Dependence
40.75830337391305,-73.8556092173913,0.06289350386940726,0.7118487614468105,Unsustained place
40.78166838709677,-73.84594967741936,0.03144675193470363,0.7891407655834205,Unsustained node
40.67289359999999,-73.99922137142855,0.04110837997506477,0.776478007576954,Dependence
40.86606436923077,-73.894378,0.090555259741042,0.8009098317206222,Stress / balance
40.65173703816794,-73.9303717557252,0.017743958609682038,0.8318980127025106,Unsustained node
40.71381653968255,-73.92068857142854,0.0,0.7411290922810807,Dependence
40.62146181428572,-74.02621207142855,0.024723439882988613,0.8194211827736491,Unsustained node
40.87229938271605,-73.91268037037037,0.04873854967613533,0.7258366689064304,Unsustained place
40.78441905172414,-73.97740779310344,0.10940206764673835,0.80918037946095,Stress / balance
40.75392498360654,-73.99963459016394,0.09323740650809657,0.7751360555671966,Unsustained place
40.84445926666668,-73.84623008333332,0.0,0.7395060519662492,Dependence
40.62616973333333,-74.15752533333334,0.01370279332502159,0.7055712473140957,Dependence
40.61180226666667,-74.07063591666663,0.017743958609682038,0.7138603300396381,Dependence
40.79479388524592,-73.94442081967215,0.10536090236207792,0.8131318017266526,Stress / balance
40.776875,-73.94938,0.07795531571203473,0.8112678338431945,Stress / balance
40.772415,-73.97874,0.06289350386940726,0.7809568144452216,Stress / balance
40.78627856164383,-73.83620938356164,0.04110837997506477,0.75676497295319,Dependence
40.74866422,-74.00346631999999,0.0943402558041109,0.7652411066479573,Unsustained place
40.73972410416668,-74.00255039583332,0.15299660274219892,0.8188807261197839,Stress / balance
40.62356,-73.92737012307693,0.017743958609682038,0.7870863448257014,Unsustained node
40.73293765384615,-74.00006711538461,0.28910492271556404,0.799496933007575,Stress / balance
40.74127200000002,-73.97534999999998,0.14937535845347472,0.7430674457162088,Unsustained place
40.71948075324674,-73.9912905064935,0.21366012071280194,0.825292288068251,Stress / balance
40.75801796428571,-73.9662425,0.0943402558041109,0.7616448712992753,Unsustained place
40.76285163513514,-73.96772412162163,0.1440687065814435,0.8126500938394623,Stress / balance
40.61632827272726,-73.92994647272725,0.02740558665004318,0.8100155589845799,Unsustained node
40.75663828571428,-73.92089711688315,0.10832462014048788,0.8137865446134956,Stress / balance
40.763733,-73.96207400000002,0.11273490284155693,0.7897591163718187,Stress / balance
40.7653547341772,-73.8278711392405,0.09029909051945044,0.7848404744351157,Stress / balance
40.6246488923077,-73.99933415384614,0.07795531571203473,0.8357995157654629,Stress / balance
40.68474668478262,-73.86074314130437,0.01370279332502159,0.798976863864598,Unsustained node
40.763363,-73.95925,0.09499094423187487,0.8006910370065033,Stress / balance
40.7597247962963,-73.97426283333333,0.06987298514271384,0.8271407578282037,Stress / balance
40.746375717647055,-73.97969302352942,0.10124568939200115,0.8024969072395665,Stress / balance
40.76354600000001,-73.96934500000002,0.06314967309099881,0.8205028706796516,Stress / balance
40.68996398076924,-73.82596523076924,0.0,0.8303762988150951,Unsustained node
40.73833676923077,-73.80284923076921,0.01370279332502159,0.6307308253962256,Dependence
40.85085587037036,-73.90764796296297,0.09727857179275701,0.6333759011857991,Unsustained place
40.86482925842696,-73.91937119101122,0.07391415042737429,0.8384831037002985,Stress / balance
40.752891903225816,-73.98925264516127,0.06314967309099881,0.8147447895171096,Stress / balance
40.71195616666667,-73.9406981794872,0.09569927432171677,0.8050767189206836,Stress / balance
40.82248188043478,-73.88585179347825,0.02740558665004318,0.7212425720001612,Dependence
40.74955944444445,-74.0065332222222,0.05885233858474681,0.7822455998706104,Stress / balance
40.76793428301886,-73.73809037735847,0.04514954525972522,0.7052661003924803,Unsustained place
40.77718999999998,-73.95224999999998,0.16155649596953398,0.8195771928342128,Stress / balance
40.76739224528303,-73.98238558490566,0.0768524664160204,0.7539867484401579,Unsustained place
40.76091014545454,-73.96909383636364,0.172577142527501,0.8128019275275866,Stress / balance
40.84106606153847,-73.84121467692309,0.07953461318307498,0.7278574991640836,Unsustained place
40.752262,-73.83446000000002,0.01370279332502159,0.6964409753605897,Dependence
40.68972627450981,-73.99017156862746,0.22394628577133696,0.8269590975554135,Stress / balance
40.59034000000001,-74.06663000000002,0.02740558665004318,0.7559593847096711,Dependence
40.82842,-73.86067999999999,0.0,0.8020422361577619,Unsustained node
40.58367928571429,-73.94826615873018,0.02740558665004318,0.7818390375060466,Unsustained node
40.68077271428572,-74.00301142857147,0.04919071054438567,0.7346143728578776,Unsustained place
40.64653496341464,-73.95811024390245,0.0,0.8003436005787048,Unsustained node
40.742245454545454,-73.97769062121212,0.212268862322882,0.7804185025331244,Stress / balance
40.76427904761904,-73.97301771428573,0.12202741346550947,0.7795441590404846,Stress / balance
40.71599244827586,-73.74550306896552,0.01370279332502159,0.7279130219448421,Dependence
40.764732,-73.96637,0.102226594726773,0.81964706382889,Stress / balance
40.80674886885245,-73.92455739344264,0.07659629719442884,0.7676168976675756,Unsustained place
40.75524203773585,-73.99867047169812,0.04110837997506477,0.7924631697006278,Unsustained node
40.73231070175439,-73.8351901754386,0.01370279332502159,0.665589201116271,Dependence
40.7655345505618,-73.98007870786519,0.10829921835072404,0.7974696463490402,Stress / balance
40.782139999999984,-73.82484399999997,0.01370279332502159,0.7485314911925566,Dependence
40.75221675324676,-73.99345441558444,0.1824949397894537,0.7453758754216275,Unsustained place
40.710012477777774,-73.79470380000002,0.09165810903705632,0.777993086990082,Stress / balance
40.571992622807024,-74.10822763157896,0.04919071054438567,0.6669405712353362,Unsustained place
40.72634000000001,-73.76508000000001,0.02740558665004318,0.5667270801655854,Dependence
40.69899921666666,-73.806949,0.07417031964896584,0.7535128486885107,Unsustained place
40.74648117187501,-74.00134131249999,0.1889620826195772,0.7609338275853043,Unsustained place
40.705423531250005,-73.794848359375,0.024723439882988613,0.8114740985990256,Unsustained node
40.5452710754717,-74.16069133962266,0.0,0.7510692643428822,Dependence
40.5860454,-73.98804403999999,0.06851396662510796,0.7846454301160047,Stress / balance
40.60427521428572,-73.75289232142856,0.05617019181769224,0.7723660807959565,Unsustained place
40.67716137606838,-73.97243968376065,0.11638154892004493,0.8382824911088055,Stress / balance
40.86745283333334,-73.8974045128205,0.06583181985805339,0.7920358545707438,Stress / balance
40.58282576388889,-73.97479625,0.10536090236207792,0.7272302153209602,Unsustained place
40.74228299999999,-74.00442499999997,0.10131973707741745,0.7705811700014497,Unsustained place
40.769848,-73.98431999999998,0.20486946005363915,0.7506473534401857,Unsustained place
40.76617204210528,-73.95424976842108,0.04463974272939696,0.7952885090909818,Stress / balance
40.69250330769231,-73.85913365384616,0.06021135710235269,0.7915725930835891,Stress / balance
40.7546491875,-73.8330971875,0.0,0.798443626606292,Unsustained node
40.59329652941177,-73.96465198039216,0.0,0.8110042073520289,Unsustained node
40.67456078,-73.8594852,0.06851396662510796,0.7758716610423637,Unsustained place
40.751661265625,-73.99013725,0.12629934618199762,0.7786155862500748,Stress / balance
40.88056462295083,-73.84062993442625,0.04246739849267065,0.6746246438571499,Unsustained place
40.80405748214286,-73.90719907142856,0.0,0.6755001665549024,Dependence
40.80414648076923,-73.93686513461537,0.18150503868825643,0.8335838365304608,Stress / balance
40.85381300000001,-73.90851,0.13831290408240549,0.6415726242150425,Unsustained place
40.60023154666667,-73.99560226666667,0.04534807281923886,0.8561469635658435,Stress / balance
40.74601952941175,-73.9942562647059,0.11226633594996818,0.8117761556480846,Stress / balance
40.74381372413792,-73.82567131034483,0.03144675193470363,0.8305449232113123,Unsustained node
40.76431108843538,-73.97720741496599,0.1959669656826476,0.7771806116168858,Stress / balance
40.75082800000002,-74.00188999999996,0.07659629719442884,0.7749023124647395,Unsustained place
40.78384877272727,-73.98002303030303,0.10536090236207792,0.83769227574219,Stress / balance
40.752400460177,-73.92442576106195,0.01370279332502159,0.8133422570571384,Unsustained node
40.72509952325581,-73.99532626744187,0.1440687065814435,0.804036035365037,Stress / balance
40.76101798387098,-73.97330929032258,0.07391415042737429,0.8198924772054933,Stress / balance
40.70953621153847,-73.92174923076922,0.0,0.8355167753910331,Unsustained node
40.75034563333335,-73.983169,0.0,0.805676175029748,Unsustained node
40.76470641509434,-73.82301686792454,0.03144675193470363,0.7973729077079806,Unsustained node
40.75779359322034,-73.97142491525423,0.11234038363538448,0.8053815215332832,Stress / balance
40.78781,-73.82340999999998,0.03144675193470363,0.7703090990998609,Dependence
40.65441570666667,-73.92137901333334,0.0,0.7896526679075961,Unsustained node
40.61956609677418,-73.9335458709677,0.017743958609682038,0.8076015307478438,Unsustained node
40.68623524770642,-73.82417673394491,0.024723439882988613,0.7856447295047033,Unsustained node
40.62498999999999,-74.14402999999999,0.04514954525972522,0.8099393831034657,Stress / balance
40.75336999999999,-73.974655,0.11931986490869105,0.7675135367166458,Unsustained place
40.67905988235295,-73.7783691372549,0.01370279332502159,0.7795688356178966,Unsustained node
40.633083,-74.00558,0.07391415042737429,0.8586812183321779,Stress / balance
40.69873267889906,-73.91767134862383,0.08761694375239587,0.8124300697392386,Stress / balance
40.70206696969698,-73.99263303030304,0.21362423044464474,0.7373370714433216,Unsustained place
40.768112769230775,-73.95887557692308,0.08754289606697957,0.79984255482067,Stress / balance
40.867887116666665,-73.89299441666665,0.05617019181769224,0.8146945478246715,Stress / balance
40.709491638554205,-74.00168448192771,0.15542258028766193,0.7245803255033436,Unsustained place
40.761607764705865,-73.9686124852941,0.13708922530813694,0.8094498280212202,Stress / balance
40.77612905357143,-73.91070500000001,0.06021135710235269,0.8036549938099622,Stress / balance
40.84681017391304,-73.9318640724638,0.04110837997506477,0.8092187710558296,Unsustained node
40.76043293333333,-73.97578536666668,0.15347416540021308,0.8246816951844488,Stress / balance
40.860577,-73.90255,0.04246739849267065,0.8082598737460978,Stress / balance
40.764057,-73.96475753424657,0.14740154177626208,0.8128085092135654,Stress / balance
40.67269150909092,-73.95302505454548,0.0,0.8169091483044623,Unsustained node
40.76124724528302,-73.76293009433964,0.01370279332502159,0.6965658812838992,Dependence
40.619984246575335,-73.96426395890411,0.017743958609682038,0.8662082950319765,Unsustained node
40.682415000000006,-73.97065,0.14649468412690653,0.7417915335402712,Unsustained place
40.72147647540983,-73.99739722950822,0.09727857179275701,0.8281453879829659,Stress / balance
40.74160021153846,-73.97820501923076,0.17050979392005322,0.7876226162200847,Stress / balance
40.761993,-73.75848999999998,0.02740558665004318,0.623328832522256,Dependence
40.77040516981131,-73.9876293773585,0.23591194739591864,0.7635419236370233,Unsustained place
40.821088754717,-73.86583188679245,0.03144675193470363,0.7895277464891112,Unsustained node
40.76701466666668,-73.90407555555556,0.0,0.709013664912295,Dependence
40.727383,-73.86410500000001,0.017743958609682038,0.8357070584032721,Unsustained node
40.75329151351354,-73.90686765765766,0.0384262332080102,0.7982885986358939,Unsustained node
40.86280905660377,-73.90757975471698,0.01370279332502159,0.7511977362930986,Dependence
40.66095,-73.92905999999999,0.07097583443872815,0.817414106599854,Stress / balance
40.81534467605632,-73.93067759154927,0.024723439882988613,0.6255035455076474,Dependence
40.74959,-74.00279000000003,0.06289350386940726,0.7581233388572822,Unsustained place
40.847179189655165,-73.84476156896552,0.05826848836900225,0.6837762323597407,Unsustained place
40.87983112068966,-73.88025055172415,0.07608649466410058,0.7721812491721802,Unsustained place
40.75778788571429,-73.9911235714286,0.29058879249811387,0.7614262569911157,Unsustained place
40.71645589655172,-74.01306475862069,0.1658179402076288,0.769406331307023,Unsustained place
40.74889000000001,-74.00703,0.0725551319097684,0.7798664230497293,Stress / balance
40.76273323636365,-73.95970254545453,0.024015109793146715,0.8021962970751713,Unsustained node
40.63661970967741,-74.00839409677423,0.0,0.8503962882167079,Unsustained node
40.73900428125,-73.84752406250001,0.01370279332502159,0.6799477977837202,Dependence
40.75587150000001,-73.99821072115384,0.02740558665004318,0.7971672577392576,Unsustained node
40.765675,-73.97624,0.12202741346550947,0.7523968195024039,Unsustained place
40.72064044615384,-73.99498147692309,0.12200201167574562,0.8480626047277944,Stress / balance
40.71452360000001,-73.90114187142856,0.017743958609682038,0.7770756202669975,Unsustained node
40.75522314084506,-73.97119836619721,0.06987298514271384,0.8080532332005245,Stress / balance
40.642796,-73.97944999999999,0.024723439882988613,0.8279156762135369,Unsustained node
40.64311237735848,-73.95166547169813,0.024723439882988613,0.819900567654429,Unsustained node
40.708501415094354,-74.01517283018866,0.17269797200575523,0.7811176316135341,Stress / balance
40.84019565714286,-73.94308000000002,0.08645645279430364,0.7629538137498817,Unsustained place
40.63743600000001,-74.02192999999998,0.07659629719442884,0.8063188531229457,Stress / balance
40.5852839245283,-73.94155981132076,0.04514954525972522,0.709252393531863,Unsustained place
40.77161999999999,-73.87477000000001,0.02740558665004318,0.7020068469987035,Dependence
40.76107300000001,-73.82686085714285,0.03144675193470363,0.7573964758085555,Dependence
40.73539707142857,-73.91697357142857,0.0,0.7428086743347342,Dependence
40.75008427848103,-73.97494870886075,0.13974597028542768,0.7995312510269412,Stress / balance
40.734116981481485,-73.86918666666666,0.06583181985805339,0.7649608206802969,Unsustained place
40.81284250000001,-73.9417895,0.09388809493586055,0.7616890523188481,Unsustained place
40.67051384615385,-73.82089351923076,0.0,0.7603436670513026,Dependence
40.69383678431373,-73.8288562745098,0.03144675193470363,0.7885364979487923,Unsustained node
40.72544328301887,-73.99214679245283,0.19190039860822328,0.792911164351012,Stress / balance
40.7352007017544,-73.99168326315788,0.30007692337787856,0.7801395163073208,Stress / balance
40.771385,-73.95647999999998,0.035487917219364076,0.801093959250711,Unsustained node
40.77387728813559,-73.98222905084747,0.3424616498095541,0.7934374802535646,Stress / balance
40.64836538596492,-73.88233798245615,0.017743958609682038,0.7733752555810254,Dependence
40.73596218749999,-73.8580025,0.05885233858474681,0.7437683875605022,Unsustained place
40.73865695384615,-73.80849393846154,0.017743958609682038,0.6589892998478476,Dependence
40.8797429,-73.87894520000002,0.062383701339079,0.7917063295061826,Stress / balance
40.74953801030928,-73.97740239175258,0.090555259741042,0.7917645551046404,Stress / balance
40.70725998,-73.80437899999998,0.1271460262564204,0.7710511617124833,Unsustained place
40.756633753623184,-73.97858049275361,0.052129026533031794,0.8398062989403144,Stress / balance
40.75146363888888,-73.97604351851851,0.1289814929490522,0.7622242875100211,Unsustained place
40.75020110465115,-73.81867430232558,0.09838142108877133,0.7856995066071715,Stress / balance
40.7585175,-73.97715946153846,0.09727857179275701,0.8383565913595874,Stress / balance
40.76989127868852,-73.83480532786882,0.06989838693247767,0.7697795183417956,Unsustained place
40.5644892264151,-74.13176179245285,0.01370279332502159,0.7737340873851757,Dependence
40.69745544230769,-73.93610307692308,0.06583181985805339,0.8054690524823495,Stress / balance
40.73810424528302,-73.93763358490565,0.0,0.677765374988758,Dependence
40.63546359756098,-74.00959817073169,0.024723439882988613,0.8256289205185611,Unsustained node
40.760328788461536,-73.97168030769231,0.04246739849267065,0.8135525396759895,Stress / balance
40.74476539436618,-73.99516667605636,0.19873178451069728,0.797487103283187,Stress / balance
40.663875,-73.82296464285716,0.052129026533031794,0.7427133663653844,Unsustained place
40.74444558823529,-73.97906233333333,0.18484686964950042,0.7535313530963741,Unsustained place
40.73036631481482,-73.81505637037036,0.06289350386940726,0.7661769401266909,Unsustained place
40.75657560317462,-73.97442587301587,0.05617019181769224,0.8176491113097036,Stress / balance
40.71800761818182,-73.98660205454549,0.2983641502663155,0.7870006575551953,Stress / balance
40.73735533333335,-73.99685117647056,0.2682764168492178,0.7989877164239902,Stress / balance
40.82965569642857,-73.82527071428571,0.017743958609682038,0.6624927440165455,Dependence
40.74077696078432,-73.89881490196078,0.06851396662510796,0.7734846499463798,Unsustained place
40.73709936111111,-73.85262388888889,0.04919071054438567,0.7952036780625158,Stress / balance
40.774964981818194,-73.95889585454546,0.07052367357047781,0.8174261429527989,Stress / balance
40.72336472222222,-73.93891055555557,0.05885233858474681,0.814068621827042,Stress / balance
40.73455762745099,-73.98995043137252,0.23833491470013807,0.7962970698053955,Stress / balance
40.73952750000001,-73.9868490909091,0.17819760528320172,0.8055316132144187,Stress / balance
40.7616378028169,-73.97485656338026,0.20966975900766918,0.8241729988286584,Stress / balance
40.62585807692308,-73.91792690384615,0.01370279332502159,0.7981535249283522,Unsustained node
40.8084662173913,-73.94498630434784,0.09165810903705632,0.8063703837293928,Stress / balance
40.6952125925926,-73.81224903703703,0.01370279332502159,0.8039549623836444,Unsustained node
40.697631186440674,-73.92945347457628,0.024723439882988613,0.7965060344637938,Unsustained node
40.76386871153846,-73.72676019230771,0.02740558665004318,0.7592430394702647,Dependence
40.72754069306931,-74.005491009901,0.23300877858328806,0.7768887686523642,Stress / balance
40.65952509803922,-74.00245603921569,0.017743958609682038,0.8027055760047807,Unsustained node
40.64782562264151,-73.95816888679248,0.05323187582904612,0.7901488743837264,Stress / balance
40.70021191525424,-73.9473026101695,0.1327664890121211,0.783613158724504,Stress / balance
40.69120800000002,-73.81354499999999,0.03144675193470363,0.8300914657135599,Unsustained node
40.74402440677965,-73.99199207627116,0.1288333975782196,0.7796536015588982,Stress / balance
40.61748806779661,-73.94335728813556,0.04175906840282875,0.8271268388825262,Stress / balance
40.75979648214285,-73.97627151785714,0.1671769587252347,0.8090587125877882,Stress / balance
40.727967,-73.83167825925923,0.04110837997506477,0.7119007723719981,Dependence
40.74238,-74.00882,0.08221675995012954,0.7880929665629617,Stress / balance
40.75788630357143,-73.97557964285714,0.04514954525972522,0.8296961920568613,Stress / balance
40.75084841176471,-73.98071543137256,0.052129026533031794,0.8096515726354044,Stress / balance
40.75147817021275,-73.99769382978727,0.04514954525972522,0.7571738205718139,Unsustained place
40.74401698076924,-74.00850942307693,0.06851396662510796,0.7987898462364775,Stress / balance
40.764208229508185,-73.97096524590161,0.052129026533031794,0.7881124874675363,Stress / balance
40.74292165714287,-73.91673431428569,0.1383869517678218,0.8159672611938831,Stress / balance
40.75859237735849,-73.98138539622643,0.090555259741042,0.8093414078840768,Stress / balance
40.66327642307692,-73.99509307692307,0.06021135710235269,0.8115454049510393,Stress / balance
40.764988392857134,-73.97672066666667,0.13977137207519152,0.785633326895322,Stress / balance
40.68658173015872,-73.97817546031747,0.31930259408623524,0.7980539912112391,Stress / balance
40.75864415384615,-73.98518642307694,0.0384262332080102,0.8083064626838815,Unsustained node
40.75530072000001,-73.97535788,0.01370279332502159,0.8097552189626156,Unsustained node
40.745362019607846,-73.99472549019607,0.09452237734028615,0.7975429768951287,Stress / balance
40.66061360714286,-74.00133414285713,0.0,0.8249931359472922,Unsustained node
40.76716941538462,-73.73899183076924,0.04514954525972522,0.6939830861059291,Unsustained place
40.82097644444444,-73.89277675925923,0.052129026533031794,0.7876562351271665,Stress / balance
40.751762546875,-73.976819,0.14000213950701923,0.746993920614558,Unsustained place
40.74393194736842,-73.88500684210527,0.051420696443189896,0.7942578153539495,Stress / balance
40.66639292,-73.95360392000002,0.0384262332080102,0.8121685235276901,Unsustained node
40.86803454,-73.90004376,0.08018530161083895,0.7084955349075485,Unsustained place
40.73677429032259,-73.99306504838712,0.22176785307188668,0.8019306013253094,Stress / balance
40.67786483673469,-73.97308867346939,0.04246739849267065,0.836014224286766,Stress / balance
40.85611131372549,-73.84393796078432,0.06909060736745563,0.7550091486433599,Unsustained place
40.675846600000014,-73.97149554545454,0.11234038363538448,0.8022485263711329,Stress / balance
40.559291017543856,-74.16951970175438,0.06314967309099881,0.735981019683426,Unsustained place
40.7289834,-73.950696,0.06989838693247767,0.8032362127607751,Stress / balance
40.72305115384615,-73.99879576923077,0.11931986490869105,0.7842248838047284,Stress / balance
40.76836808,-73.92004000000001,0.13008434224506654,0.8115885846675962,Stress / balance
40.62881812962963,-73.9713530925926,0.035487917219364076,0.788117246702095,Unsustained node
40.67434479999999,-73.9500868,0.03144675193470363,0.8109322911054158,Unsustained node
40.73863876,-73.98036099999999,0.08690861366255398,0.7989514526077336,Stress / balance
40.6794043770492,-73.87957991803279,0.017743958609682038,0.7657988723835408,Dependence
40.6105012,-74.10344968,0.017743958609682038,0.6778301519675904,Dependence
40.6764146875,-73.97191312499999,0.11234038363538448,0.8149236784211488,Stress / balance
40.68038912962962,-73.76301855555556,0.0,0.7834919441100743,Unsustained node
40.6762496,-73.9717872,0.11234038363538448,0.7961141787054884,Stress / balance
40.7290844,-73.95036,0.06989838693247767,0.7998307482065817,Stress / balance
40.76333749019607,-73.99649752941177,0.035487917219364076,0.7895517650720816,Unsustained node
40.82578392156862,-73.95100439215686,0.08357577846773542,0.8164579819093204,Stress / balance
40.70893505263158,-73.77714329824562,0.01370279332502159,0.721755911633239,Dependence
40.66572310909089,-73.91941190909094,0.04919071054438567,0.8298114866688195,Stress / balance
40.75086986,-73.97859522,0.14000213950701923,0.7714467174372073,Unsustained place
40.74675861016949,-73.89156613559322,0.15141730527115868,0.7845923166329444,Stress / balance
40.73832822950818,-73.98772231147541,0.18080570436484,0.8089886906410378,Stress / balance
40.75917445098039,-73.97678349019607,0.09727857179275701,0.8344750940850774,Stress / balance
40.72464896,-73.82074238000001,0.08360118025749927,0.7816676861520683,Stress / balance
40.599212442307696,-73.98933032692307,0.04246739849267065,0.7934376712450957,Stress / balance
40.80703726470588,-73.93753136764705,0.26259466203559606,0.8039553482050511,Stress / balance
40.734314980769234,-73.98351734615386,0.16819676456940727,0.8017062531636752,Stress / balance
40.76499085454545,-73.97465783636363,0.14675085334849808,0.7740959976873014,Unsustained place
40.80829,-73.94513,0.12310486097175995,0.8112246459943464,Stress / balance
40.72242421818182,-73.86744745454546,0.03144675193470363,0.788008170302641,Unsustained node
40.67414235820896,-74.00029537313435,0.02740558665004318,0.7897793799872529,Unsustained node
40.61831409803922,-74.03018117647059,0.05617019181769224,0.826980769860436,Stress / balance
40.67332303571429,-73.77563526785714,0.01370279332502159,0.7744868486605512,Dependence
40.82332045283019,-73.88011630188679,0.04919071054438567,0.7436036671982191,Unsustained place
40.68363128301888,-73.90782073584906,0.0768524664160204,0.8344217912110503,Stress / balance
40.6642472,-73.94546516,0.017743958609682038,0.7955796887505221,Unsustained node
40.80445730769231,-73.95534757692306,0.12872532372746065,0.8547439423589965,Stress / balance
40.68305057142857,-73.96485160714285,0.07391415042737429,0.8375756218236172,Stress / balance
40.68572482692308,-73.95438884615386,0.03144675193470363,0.801727996465505,Unsustained node
40.71163578431373,-73.94399274509804,0.1024225863734318,0.8203285695851965,Stress / balance
40.63118715384615,-74.14690788461539,0.035487917219364076,0.7183468878531835,Dependence
40.67999464,-73.95325809999999,0.049446879765977225,0.7837290822193175,Stress / balance
40.70840667307693,-73.95785673076924,0.2356655235605788,0.8188685862254756,Stress / balance
40.79506768627451,-73.93309784313725,0.0669346691540677,0.7799705440501906,Stress / balance
40.76290414,-73.98937912000001,0.09838142108877133,0.8164186029990517,Stress / balance
40.69089638333332,-73.76236835000003,0.0458002336874892,0.819517039029345,Stress / balance
40.76127579245283,-73.93546679245283,0.01370279332502159,0.7200463281853594,Dependence
40.72490394871796,-73.99233446153846,0.17819760528320172,0.788526149095729,Stress / balance
40.704422,-73.99491,0.05481117330008636,0.728206323502575,Unsustained place
40.60419246869071,-74.05200466793168,0.02740558665004318,0.4513397241497087,Dependence
40.74710499999999,-73.96709000000001,0.04110837997506477,0.6107957739219054,Dependence
40.75832511274509,-73.95777840686274,0.05481117330008636,0.7697267500416347,Unsustained place
40.679913,-74.00225999999999,0.0669346691540677,0.7422365641258482,Unsustained place
40.71443213584905,-73.97481516226415,0.01370279332502159,0.6278441259863149,Dependence
40.800983,-73.92926999999996,0.02740558665004318,0.7238095822273124,Dependence
40.79521999999999,-73.921524,0.01370279332502159,0.6199554290331566,Dependence
40.707856985294114,-73.9991075,0.08625792523479,0.7141415914820858,Unsustained place
40.817734,-73.8047,0.0,0.5977118215783642,Dependence
40.70922541708543,-73.99181097487437,0.05481117330008636,0.7999371673543405,Stress / balance
40.71271033561644,-73.969405,0.01370279332502159,0.7635422876219242,Dependence
40.70059958646616,-74.01546060150376,0.06314967309099881,0.7418454815165392,Unsustained place
40.6022,-74.06312,0.02740558665004318,0.6343055214420759,Dependence
40.66684638297873,-73.83903614893617,0.017743958609682038,0.7363470372973677,Dependence
40.75744177027027,-73.95573662162161,0.10425805306606359,0.7489374282586378,Unsustained place
40.798534,-73.923035,0.01370279332502159,0.6470231033537682,Dependence
40.719633,-73.97496644067797,0.0669346691540677,0.7288710809613194,Unsustained place
40.66606349999999,-73.84159000000001,0.0,0.6546766430971125,Dependence
40.79536999999999,-73.92197399999998,0.01370279332502159,0.6088556977307379,Dependence
40.80682800000002,-73.93432000000001,0.17655701575424043,0.7521992478536529,Unsustained place
40.79737000000002,-73.91981000000003,0.01370279332502159,0.6241217310781522,Dependence
40.60280599999999,-74.06287399999998,0.02740558665004318,0.5801010546217633,Dependence
40.84647,-73.92633000000001,0.06851396662510796,0.31455368028484026,Unsustained place
40.84114713793103,-73.9320193103448,0.01370279332502159,0.6057741879578228,Dependence
40.74327,-73.96146399999999,0.05885233858474681,0.8035175648173987,Stress / balance
40.680225,-74.00481000000002,0.06289350386940726,0.7536409287242453,Unsustained place
40.798256,-73.92402000000003,0.01370279332502159,0.5353223595102055,Dependence
40.803947,-73.928,0.02740558665004318,0.47951493544194246,Dependence
40.704388,-73.99457600000001,0.05481117330008636,0.7521894174044337,Unsustained place
40.77852527131783,-73.92574051162792,0.02740558665004318,0.7369404174869292,Dependence
40.80335199999999,-73.92922,0.02740558665004318,0.5377984053877011,Dependence
40.748272769230766,-73.8259948076923,0.06512348976821149,0.78410655571609,Stress / balance
40.84773446808511,-73.93797059574469,0.0768524664160204,0.856591607239705,Stress / balance
40.70858491666667,-73.95835333333333,0.23162435827591835,0.8103286274848776,Stress / balance
40.78577152941177,-73.9764211764706,0.15118653783933095,0.8083289588542156,Stress / balance
40.83767196,-73.9000124,0.02740558665004318,0.6826254894966678,Dependence
40.814526000000015,-73.83672000000003,0.01370279332502159,0.5715867242059812,Dependence
40.71347871929825,-73.99857173684211,0.19834213964858294,0.774522817987342,Unsustained place
40.706942725490194,-73.93972392156861,0.06021135710235269,0.8079017705799981,Stress / balance
40.7416328627451,-73.95305784313724,0.08357577846773542,0.7547013479290959,Unsustained place
40.73892574999999,-73.98727805769231,0.1671769587252347,0.7944158109597089,Stress / balance
40.75707944186048,-73.96985441860465,0.09459642502570244,0.7841862159872903,Stress / balance
40.75178871428572,-73.99746,0.02740558665004318,0.7511934084047521,Dependence
40.8623342244898,-73.90983212244899,0.05473712561467006,0.7358993645182681,Unsustained place
40.674225892857145,-73.86185392857143,0.11366351188483317,0.7753500803639382,Unsustained place
40.75447733333333,-73.96572745098038,0.10400188384447204,0.8187329968839908,Stress / balance
40.7393485,-73.98698,0.17819760528320172,0.7957910165075435,Stress / balance
40.76274994339622,-73.77055679245284,0.024723439882988613,0.7299109391793447,Dependence
40.68151657142857,-73.97562092857142,0.06987298514271384,0.8785666504191233,Stress / balance
40.76303819607843,-73.9781388235294,0.22069040556563618,0.7878676826019466,Stress / balance
40.585661961538456,-73.97442230769232,0.01370279332502159,0.7156849879061399,Dependence
40.75525873076924,-73.98512196153845,0.17835432502961313,0.8021283766241614,Stress / balance
40.715502588235296,-74.0092081372549,0.18371861856372226,0.7932203809037702,Stress / balance
40.79035468000001,-73.9497454,0.10759088826088214,0.7401661781726433,Unsustained place
40.754568292682926,-73.9716963414634,0.0725551319097684,0.798651462756846,Stress / balance
40.767245156862735,-73.98992576470589,0.08755930209031795,0.7923530676931612,Stress / balance
40.677811610169485,-73.89809227118644,0.052129026533031794,0.7838299401702671,Stress / balance
40.71403580392157,-73.92630117647057,0.0,0.795866128473737,Unsustained node
40.67692400000001,-73.89906228,0.0384262332080102,0.7731849780555776,Dependence
40.582826446153845,-73.95730315384615,0.01370279332502159,0.7691457894594449,Dependence
40.72253255769231,-73.99158750000001,0.1671769587252347,0.7658653596718443,Unsustained place
40.76238625490196,-73.98234784313726,0.191826350922807,0.8286819606961533,Stress / balance
40.75461131372549,-73.97369450980392,0.017743958609682038,0.791005842707803,Unsustained node
40.82285445762712,-73.88401305084743,0.02740558665004318,0.7599477055168055,Dependence
40.66223754,-73.95371282,0.024723439882988613,0.792094698137854,Unsustained node
40.858742690909104,-73.86771479999999,0.052129026533031794,0.7375541360806699,Unsustained place
40.56516356862746,-74.13022215686273,0.03144675193470363,0.7490665495452321,Dependence
40.80177034482759,-73.93722655172414,0.0943402558041109,0.7886885523798074,Stress / balance
40.62527911111111,-73.91785002777777,0.01370279332502159,0.8084273782200064,Unsustained node
40.70504996078432,-73.93938431372548,0.035487917219364076,0.7802186031545718,Unsustained node
40.65508124,-73.9563138,0.03144675193470363,0.8099730535878454,Unsustained node
40.75146532,-73.83224995999998,0.01370279332502159,0.7560956851941771,Dependence
40.88452401960783,-73.83248176470589,0.01370279332502159,0.7196675467953022,Dependence
40.78528729761904,-73.96935011904763,0.10536090236207792,0.8118804177522103,Stress / balance
40.666257338028174,-73.7990033802817,0.0,0.6414901376919901,Dependence
40.62374333333334,-73.89559666666666,0.04110837997506477,0.676050536633223,Dependence
40.74506640845071,-73.97860714084507,0.1601234297665118,0.7538189111767214,Unsustained place
40.67748730331755,-73.93032867298581,0.08357577846773542,0.7985236150514932,Stress / balance
40.75504272769953,-73.99511036619717,0.06314967309099881,0.7848626005839637,Stress / balance
40.80342947058824,-73.93308670588239,0.11835536559725761,0.766181005180267,Unsustained place
40.76841008333333,-73.73754055555555,0.03144675193470363,0.6957302882871061,Dependence
40.70040519672131,-73.94439442622954,0.14972806984654494,0.7759413996127114,Unsustained place
40.706107691176456,-73.80841702941177,0.0384262332080102,0.8065393988110132,Unsustained node
40.66578948076923,-73.75191173076925,0.0,0.780211174145696,Unsustained node
40.720707,-73.98131600000002,0.1338693383081354,0.8022473779656752,Stress / balance
40.84984596078432,-73.9349830392157,0.0849347969853413,0.8735525625496938,Stress / balance
40.77631800000002,-73.96213499999999,0.09499094423187487,0.806679722305407,Stress / balance
40.662561643835616,-73.90893150684931,0.08761694375239587,0.7837706969914564,Stress / balance
40.73995116455696,-73.8942093037975,0.04919071054438567,0.818031593878512,Stress / balance
40.78968768421053,-73.94814754385966,0.09727857179275701,0.782047650851197,Stress / balance
40.72145714705883,-73.98380827941178,0.1338693383081354,0.8082745667142723,Stress / balance
40.844718952380944,-73.92450523809524,0.08221675995012954,0.7157321191229352,Unsustained place
40.70954174137931,-73.79636155172416,0.0986375903103629,0.768749239149557,Unsustained place
40.76223701123595,-73.96821376404496,0.13708922530813694,0.8059272676907487,Stress / balance
40.70430366071428,-73.91918455357144,0.052779714960795775,0.8290068047460475,Stress / balance
40.67440811724138,-73.89651654482759,0.024723439882988613,0.811911847753857,Unsustained node
40.7202716923077,-73.94437121678322,0.0943402558041109,0.8088635103877608,Stress / balance
40.63360015789473,-73.91623192982455,0.1024225863734318,0.7822267729350404,Stress / balance
40.6572582125,-73.90034734999999,0.052129026533031794,0.7749529138213772,Unsustained place
40.65244167058823,-73.86803370588235,0.01370279332502159,0.7699952629021113,Dependence
40.75541487179487,-73.72208117948716,0.01370279332502159,0.739106994955977,Dependence
40.80719983687944,-73.92430255319151,0.07659629719442884,0.7684822365340369,Unsustained place
40.84868919753086,-73.90328641975307,0.08357577846773542,0.7750515396387582,Unsustained place
40.67374825000001,-73.84323666666666,0.0,0.7771227543521317,Unsustained node
40.62688999999999,-73.97643417499998,0.06021135710235269,0.795625971735672,Stress / balance
40.58308944230768,-73.95420721153846,0.06851396662510796,0.7794351463230706,Stress / balance
40.75772657627118,-73.779246440678,0.0,0.7820256351149791,Unsustained node
40.558887000000006,-74.19769999999998,0.02740558665004318,0.7736435375898782,Dependence
40.85214,-73.92071000000003,0.09165810903705632,0.6210736832185858,Unsustained place
40.71767458695652,-73.81712264492755,0.01370279332502159,0.7376729716624877,Dependence
40.66416205882354,-73.84111583088236,0.0,0.7477297176124107,Dependence
40.816154137254905,-73.9080924509804,0.09727857179275701,0.6203069250920323,Unsustained place
40.86273321518987,-73.90335858227847,0.06575777217263709,0.7668423413732969,Unsustained place
40.69503042105263,-73.93176873684212,0.06987298514271384,0.8024569542059468,Stress / balance
40.70442925,-73.79283100000004,0.04110837997506477,0.7857075269492604,Unsustained node
40.67151026415095,-73.76454792452827,0.0,0.7892088897180674,Unsustained node
40.88516588235296,-73.90062288235295,0.11090731743236232,0.7238976416439113,Unsustained place
40.76024434265734,-73.96755153846154,0.11908909747686333,0.8191231136278194,Stress / balance
40.772250022727285,-73.92589676136366,0.06289350386940726,0.795564492880916,Stress / balance
40.6916676460177,-73.76238,0.0458002336874892,0.8344192850395252,Stress / balance
40.74322589285714,-73.89592232142857,0.08625792523479,0.7551720333489773,Unsustained place
40.72887127083333,-74.00528404166667,0.20828533870029947,0.7691576608796923,Unsustained place
40.81111330232557,-73.92733752713178,0.06314967309099881,0.7774683132662572,Stress / balance
40.83089000000001,-73.94137600000002,0.08761694375239587,0.8180251189287276,Stress / balance
40.677350952000026,-73.92752688799997,0.017743958609682038,0.7844645349524929,Unsustained node
40.743377681415936,-73.83767544247786,0.01370279332502159,0.7274308838088572,Dependence
40.75367279487178,-73.91445656410255,0.03144675193470363,0.8068031644027346,Unsustained node
40.70148571777003,-73.98961852264809,0.16311039165081037,0.8052354080042688,Stress / balance
40.7236982345679,-74.00792037037037,0.17681318497583198,0.7789688617117527,Stress / balance
40.72105844036698,-73.75943555963303,0.03144675193470363,0.8064074051089276,Unsustained node
40.66946151707318,-73.91998112195122,0.05885233858474681,0.7883757288985208,Stress / balance
40.82193224358975,-73.88843705128203,0.12064299315813974,0.7080312806794662,Unsustained place
40.58443447368421,-73.92710876315788,0.09730397358252085,0.584563989404598,Unsustained place
40.67219632075472,-73.73460618867927,0.04514954525972522,0.7879536131169775,Stress / balance
40.68115896153846,-73.9556505769231,0.0849347969853413,0.7718780517694169,Unsustained place
40.75079699295775,-73.98705572535209,0.0768524664160204,0.7887596857802099,Stress / balance
40.710858592,-74.01439256000003,0.15906922636614995,0.7544616020221094,Unsustained place
40.852386,-73.90369,0.09323740650809657,0.7468879612814554,Unsustained place
40.84248077647059,-73.85326630588236,0.0,0.7665266372467403,Dependence
40.69292688000001,-73.87779880000002,0.0,0.6975673693798382,Dependence
40.851936,-73.91078,0.0806374624790893,0.6233520043571061,Unsustained place
40.87748052941178,-73.8366211764706,0.04246739849267065,0.6654492111883007,Unsustained place
40.70772335454546,-73.80276101818181,0.11344323293139882,0.7673915743150661,Unsustained place
40.621251690140845,-73.9354264788732,0.03144675193470363,0.7934357245520871,Unsustained node
40.7959992247191,-73.93542022471911,0.04919071054438567,0.7948640465849715,Stress / balance
40.81606213793104,-73.91193975862068,0.14757213163315702,0.5960910472229219,Unsustained place
40.64331873015875,-74.01945158730157,0.09165810903705632,0.8177763194174754,Stress / balance
40.62863822580646,-74.00594040322578,0.035487917219364076,0.8517226333143174,Unsustained node
40.6326286511628,-74.01254418604648,0.04110837997506477,0.8182657004163303,Unsustained node
40.71889260784314,-73.94630035294118,0.07659629719442884,0.7975517018095766,Stress / balance
40.61545418181818,-73.91384515151516,0.06289350386940726,0.8195266441378471,Stress / balance
40.62418,-73.97047999999998,0.0,0.839980854394977,Unsustained node
40.75410424137931,-73.99579186206896,0.13304806002347647,0.808460294866026,Stress / balance
40.75553592857143,-73.96109892857143,0.05481117330008636,0.8033867916343381,Stress / balance
40.66259432,-73.93448024,0.0458002336874892,0.7872553402374728,Stress / balance
40.66511463934426,-73.99668155737702,0.017743958609682038,0.7789578779046875,Unsustained node
40.878664146853154,-73.87159483916085,0.0384262332080102,0.754100709086658,Dependence
40.67836258156027,-73.779479035461,0.01370279332502159,0.7862967850615389,Unsustained node
40.72056880357143,-73.84590910714287,0.13304806002347647,0.7587409618327178,Unsustained place
40.605636550607294,-74.03102206477732,0.01370279332502159,0.6470102955025987,Dependence
40.712858,-73.90483110526317,0.035487917219364076,0.8053429838133136,Unsustained node
40.83615499999999,-73.87179000000002,0.04514954525972522,0.6938674973990306,Unsustained place
40.72538631578948,-73.89274319298244,0.06851396662510796,0.7389242332301241,Unsustained place
40.58469511235956,-73.94712460674158,0.01370279332502159,0.7744135479351415,Dependence
40.879306829268295,-73.86976360975609,0.0384262332080102,0.7073099429876835,Dependence
40.64507526506023,-73.90225446987952,0.052129026533031794,0.814602890264793,Stress / balance
40.772342,-73.95268886792455,0.035487917219364076,0.7893050902709002,Unsustained node
40.64476085416666,-73.92492881250001,0.06289350386940726,0.7915195283742656,Stress / balance
40.72425167692309,-73.93750447692308,0.01370279332502159,0.7979006877450766,Unsustained node
40.76754315537848,-73.950022498008,0.09317976484601864,0.6229146154124984,Unsustained place
40.70541442307692,-73.78033942307692,0.0,0.7865525183812258,Unsustained node
40.72602397297297,-74.00572722972973,0.1246841584428002,0.8059582971300382,Stress / balance
40.699955,-73.98681999999998,0.16175137313320453,0.7810648237419779,Stress / balance
40.72137325842697,-74.00463210674155,0.3209072933470394,0.7949293301153986,Stress / balance
40.63452941071428,-73.91886571428572,0.1161253796984534,0.7386183993318759,Unsustained place
40.693650816143496,-73.98336360538116,0.19551189751069575,0.7782590032254941,Stress / balance
40.82591910294117,-73.83643911764706,0.035487917219364076,0.70748349913695,Dependence
40.6797893670886,-73.9384877721519,0.0761441363261785,0.7955658376964538,Stress / balance
40.823599,-73.93099727272727,0.0384262332080102,0.6178992258147817,Dependence
40.82000776923076,-73.95887701923078,0.05885233858474681,0.7847077279107764,Stress / balance
40.67717065217391,-73.9247559673913,0.010312316468125124,0.7763391768026722,Dependence
40.73430807079646,-73.93802292035399,0.01370279332502159,0.720221711801809,Dependence
40.69026635294118,-73.96028431372551,0.11906369568709951,0.7496269264636704,Unsustained place
40.57919598507464,-73.9819717910448,0.0384262332080102,0.8401219161242427,Unsustained node
40.69231,-73.88147000000001,0.01370279332502159,0.6914006923652899,Dependence
40.839767,-73.90539600000001,0.07659629719442884,0.75231479878883,Unsustained place
40.789504358490575,-73.78419613207546,0.01370279332502159,0.7417023276899092,Dependence
40.632914196969686,-73.92837280303031,0.01370279332502159,0.8004335585376686,Unsustained node
40.68611883870967,-74.00040209677425,0.017743958609682038,0.7459648196961576,Dependence
40.79932322641509,-73.94323543396226,0.04246739849267065,0.800443279745971,Stress / balance
40.83580799999998,-73.94945499999999,0.04110837997506477,0.6822541229631386,Dependence
40.64217299453553,-74.02064107103823,0.09165810903705632,0.7823726908127947,Stress / balance
40.74283269999999,-74.00770971428568,0.06851396662510796,0.8059833674022358,Stress / balance
40.68047420481928,-73.96141222891568,0.09838142108877133,0.819423950521494,Stress / balance
40.71404928491621,-73.95308932960893,0.12604317696040607,0.7884533546821948,Stress / balance
40.75218221052632,-73.8323682631579,0.01370279332502159,0.746331515059875,Dependence
40.74108368421053,-74.00155912280704,0.12604317696040607,0.8028994525614305,Stress / balance
40.696198,-73.98868999999999,0.1451102638195368,0.8069235006335698,Stress / balance
40.57574540983605,-74.1698109836066,0.0,0.7555731748547627,Dependence
40.719934276315776,-73.9787592105263,0.1161253796984534,0.7487570364774556,Unsustained place
40.741666300000006,-74.00485459999999,0.12604317696040607,0.8045606002542887,Stress / balance
40.75966375,-73.83235048076921,0.1507920186331585,0.7562605244473517,Unsustained place
40.704082276923074,-73.81640753846155,0.04246739849267065,0.762790144771938,Unsustained place
40.6206796792453,-74.10999886792455,0.01370279332502159,0.7505537858617445,Dependence
40.674472125,-73.7359925625,0.017743958609682038,0.7730728463548718,Dependence
40.847897,-73.94523000000001,0.02740558665004318,0.6313734853308657,Dependence
40.868040000000015,-73.879105,0.052129026533031794,0.7019166240635062,Unsustained place
40.7537565,-73.74434120967743,0.01370279332502159,0.3492792633460868,Dependence
40.68150496794871,-73.90410919230769,0.052129026533031794,0.767830994177354,Unsustained place
40.85492754999999,-73.82623650000002,0.01370279332502159,0.6049957394715934,Dependence
40.69951113924052,-73.81460955696205,0.055461861727850344,0.7617717269929467,Unsustained place
40.83823799999999,-73.87668599999999,0.02740558665004318,0.6977250461497795,Dependence
40.83440147826087,-73.87927893478262,0.02740558665004318,0.7787749632551701,Unsustained node
40.67830447023809,-74.00234644047619,0.09838142108877133,0.7439683085518725,Unsustained place
40.61082428971963,-73.95356988785046,0.0806374624790893,0.8617852181468151,Stress / balance
40.71849999999999,-73.73531000000001,0.0384262332080102,0.764800106506146,Dependence
40.75303978947368,-73.92156877192983,0.08360118025749927,0.8172731949540869,Stress / balance
40.74011176470588,-73.99483988235295,0.14488998486610244,0.8134878587460067,Stress / balance
40.76434699999999,-73.82595000000003,0.04919071054438567,0.7236251349250852,Unsustained place
40.78393,-73.94423,0.2003518465939528,0.8144245026236684,Stress / balance
40.81272118867924,-73.9493337735849,0.06289350386940726,0.7927324153982043,Stress / balance
40.667054603448285,-73.78267295977012,0.0,0.8114602352679765,Unsustained node
40.87625046534653,-73.90395214851485,0.01370279332502159,0.6981405418099448,Dependence
40.622423603603615,-73.93666996396398,0.03144675193470363,0.8098902692901836,Unsustained node
40.64823524705884,-73.97139535294119,0.0669346691540677,0.788247723542515,Stress / balance
40.77787399999999,-73.95175,0.1260685787501699,0.8100341689743177,Stress / balance
40.6726384,-73.73542,0.06289350386940726,0.7744017908835591,Unsustained place
40.69209428846154,-73.98897526923076,0.343520455798805,0.78600351367196,Stress / balance
40.705090875,-74.016441390625,0.15638707959909537,0.7503260847758108,Unsustained place
40.764988,-73.96115999999998,0.1400664418061838,0.7799701417445248,Stress / balance
40.82256124590165,-73.87099770491803,0.02740558665004318,0.76244980876518,Dependence
40.7888372516129,-73.93758806451612,0.04110837997506477,0.6934090758765573,Dependence
40.68989114893616,-73.8427115106383,0.01370279332502159,0.8020680320465505,Unsustained node
40.56107700000002,-74.16984000000004,0.06314967309099881,0.7552507855228497,Unsustained place
40.76042913333333,-73.98745973333332,0.09165810903705632,0.7917088912861582,Stress / balance
40.644991605042,-73.91997680672272,0.06289350386940726,0.741213386503693,Unsustained place
40.828125,-73.84105,0.017743958609682038,0.7132547021664044,Dependence
40.76230479746836,-73.97025765822785,0.06314967309099881,0.8219752378837256,Stress / balance
40.62718692187501,-73.96562195312501,0.10538630415184175,0.7976015624289853,Stress / balance
40.78519243410853,-73.94933826356589,0.1929778461144738,0.7708398957934167,Unsustained place
40.766685,-73.89213600000001,0.0,0.6563563870836656,Dependence
40.62894264814816,-74.11619585185184,0.04514954525972522,0.7111493642836058,Unsustained place
40.80359795238094,-73.91977528095241,0.02740558665004318,0.7931692947751013,Unsustained node
40.607258,-73.96727,0.09838142108877133,0.8442422962623244,Stress / balance
40.7010888030303,-73.92236356060607,0.01370279332502159,0.817289573537106,Unsustained node
40.78654411214952,-73.95255766355137,0.18260788798427074,0.7905328762272814,Stress / balance
40.56391994736844,-74.11636505263155,0.017743958609682038,0.7179085514472542,Dependence
40.68107490410959,-73.90333701369863,0.08787311297398742,0.7589331761656065,Unsustained place
40.8459634,-73.93038274999999,0.05481117330008636,0.6564419068102432,Unsustained place
40.665916,-73.92547,0.09165810903705632,0.7615028100802556,Unsustained place
40.74632945999999,-73.89631376000001,0.06583181985805339,0.7553012264882856,Unsustained place
40.78041196923077,-73.94400969230769,0.03144675193470363,0.7298436820044872,Dependence
40.81206897794118,-73.9360275735294,0.051420696443189896,0.7453564810514406,Unsustained place
40.63678170149254,-73.74056865671643,0.0,0.7776372401332263,Unsustained node
40.74044999999999,-73.844376,0.01370279332502159,0.7915075827075522,Unsustained node
40.884342,-73.886765,0.04110837997506477,0.7368801481475361,Dependence
40.58348190243903,-73.96009512195123,0.04110837997506477,0.7807485314341207,Unsustained node
40.803844,-73.91444,0.11098136511777862,0.6545329920497337,Unsustained place
40.770399087719305,-73.95411719298244,0.0458002336874892,0.8040449420601339,Stress / balance
40.715065810344825,-73.91327386206896,0.0,0.7374865690366501,Dependence
40.830462166666656,-73.85086520512824,0.0806374624790893,0.8173426738868285,Stress / balance
40.771374,-73.87714400000002,0.01370279332502159,0.6723302049183136,Dependence
40.66756340298506,-73.73740149253733,0.06987298514271384,0.7999120270769862,Stress / balance
40.80903519480518,-73.94457566233768,0.07391415042737429,0.8156959298601276,Stress / balance
40.67578499999999,-73.90269,0.0768524664160204,0.7379475312937227,Unsustained place
40.67162699999998,-73.96263,0.06987298514271384,0.8147381919939073,Stress / balance
40.65604654761904,-74.00591607142856,0.07391415042737429,0.8180976483695752,Stress / balance
40.80322690322579,-73.95252370967738,0.14378713557008813,0.8226547671516488,Stress / balance
40.74377096774192,-73.9734924596774,0.1102730350279367,0.7914988448604299,Stress / balance
40.58528663690477,-73.98739329761905,0.05481117330008636,0.7711840954559495,Unsustained place
40.82323458801499,-73.88277074906365,0.04514954525972522,0.785329637489854,Stress / balance
40.666592093750005,-73.87176278125,0.0,0.7761575620028887,Dependence
40.80897424193548,-73.94832830645156,0.07391415042737429,0.8154414641241011,Stress / balance
40.65751318292683,-73.89796843902438,0.052129026533031794,0.7802113316996552,Stress / balance
40.59514192857143,-73.7540375,0.04514954525972522,0.7510476758794702,Unsustained place
40.74412362711864,-73.73299983050846,0.07875223540781678,0.6694572873950169,Unsustained place
40.67975679,-73.8783378,0.07391415042737429,0.7527618211694093,Unsustained place
40.75725168888888,-73.98978616666669,0.2701372853316134,0.7734516315131147,Unsustained place
40.71706722,-73.94920332,0.09029909051945044,0.8217151076282645,Stress / balance
40.73962715584416,-73.93459532467531,0.0,0.7944971384811151,Unsustained node
40.71699018309859,-73.82213211267606,0.01370279332502159,0.7158419803559041,Dependence
40.84513748453608,-73.9130638659794,0.1419759561842319,0.6808332274519819,Unsustained place
40.86234737748344,-73.89997470198675,0.13563075731535093,0.8084372544419716,Stress / balance
40.738491072916666,-73.90278177083331,0.02740558665004318,0.7426328653516007,Dependence
40.774612,-73.92399,0.08221675995012954,0.7912354240709542,Stress / balance
40.66064592000001,-73.93133895000001,0.08128815090685328,0.7837096754746502,Stress / balance
40.700768,-73.99094400000001,0.1383869517678218,0.7570024951221341,Unsustained place
40.81462514754099,-73.93092868852456,0.0384262332080102,0.6991490886856564,Dependence
40.84505298165137,-73.9187762385321,0.06851396662510796,0.6477944716510323,Unsustained place
40.69092090322582,-73.92065112903224,0.05617019181769224,0.8467711110895578,Stress / balance
40.69087845070423,-73.95542678873241,0.07391415042737429,0.7800561052204172,Stress / balance
40.65082221186439,-73.94956042372881,0.04246739849267065,0.813343263385452,Stress / balance
40.72276999999999,-73.83625000000002,0.04110837997506477,0.7103139009611296,Dependence
40.669403,-73.94221,0.06021135710235269,0.8157609473038968,Stress / balance
40.65765602564104,-73.89705620512817,0.0384262332080102,0.7976484815191283,Unsustained node
40.71912379322034,-73.99010324067795,0.3013024662549617,0.8222571260887828,Stress / balance
40.76555,-73.83910999999999,0.01370279332502159,0.7928009928174277,Unsustained node
40.85206474576272,-73.82668983050847,0.0384262332080102,0.7695521760890471,Dependence
40.86177000000001,-73.89867999999998,0.15337471592503296,0.8028243874463935,Stress / balance
40.75829,-73.83430994152046,0.08360118025749927,0.7854424670640519,Stress / balance
40.790940000000006,-73.947235,0.10131973707741745,0.7773207873014875,Stress / balance
40.7506966779661,-73.85876076271187,0.04514954525972522,0.8495458783399846,Stress / balance
40.72982149090911,-74.01066774545457,0.0,0.7815600370961292,Unsustained node
40.65212689772728,-73.96139244318182,0.052129026533031794,0.8164636513983499,Stress / balance
40.68988291666667,-73.95147396666667,0.06987298514271384,0.7746174295435232,Unsustained place
40.76117299999999,-73.95789,0.051420696443189896,0.7730881989128952,Unsustained place
40.674889907407405,-73.92776490740741,0.01370279332502159,0.7785956455154371,Unsustained node
40.74275461538462,-73.82822538461538,0.03144675193470363,0.8016065371869125,Unsustained node
40.770313,-73.99140999999997,0.12382773298212571,0.7890114268179866,Stress / balance
40.501465,-74.24523,0.01370279332502159,0.6537904734980406,Dependence
40.50339,-74.24307,0.01370279332502159,0.6897531592547426,Dependence
40.51005,-74.24937,0.0,0.5678478566243171,Dependence
40.513386,-74.24799,0.0,0.6136834680156986,Dependence
40.514362,-74.24629,0.0,0.6588508451993934,Dependence
40.51483,-74.23236,0.01370279332502159,0.7412963439755024,Dependence
40.518196,-74.2238,0.01370279332502159,0.5731626744075449,Dependence
40.518517,-74.199684,0.024015109793146715,0.5845077076104346,Dependence
40.52036,-74.209305,0.017743958609682038,0.627682691574908,Dependence
40.52238,-74.214745,0.05617019181769224,0.6934359214778267,Unsustained place
40.523315,-74.23922,0.0,0.6483455651629331,Dependence
40.52418,-74.21315,0.01370279332502159,0.6668201735029526,Dependence
40.524704,-74.21852,0.0384262332080102,0.6450415607916951,Dependence
40.52724,-74.16645,0.02740558665004318,0.7184779396506841,Dependence
40.528095,-74.23708,0.01370279332502159,0.7042445082180709,Dependence
40.530014,-74.20264,0.0,0.640537913563354,Dependence
40.530056,-74.20361,0.0,0.716506441758831,Dependence
40.530064,-74.15974,0.04110837997506477,0.7243593198639446,Dependence
40.530872,-74.19399,0.04919071054438567,0.6775923939499056,Unsustained place
40.531044,-74.20281,0.01370279332502159,0.6413766095419627,Dependence
40.5323,-74.21801,0.01370279332502159,0.6076008129941828,Dependence
40.533405,-74.20253,0.01370279332502159,0.7777949158126904,Unsustained node
40.53595,-74.211716,0.01370279332502159,0.7597037436727812,Dependence
40.536438,-74.22448,0.01370279332502159,0.63120213210899,Dependence
40.536522,-74.23744,0.0,0.6259535233050939,Dependence
40.53663,-74.23837,0.0,0.6526355598203386,Dependence
40.537476,-74.20425,0.0,0.7602708384115204,Dependence
40.53759,-74.158844,0.0,0.7011054794383413,Dependence
40.537865,-74.19192,0.017743958609682038,0.6631034423476152,Dependence
40.5379,-74.15915,0.01370279332502159,0.6959330613074994,Dependence
40.537918,-74.15038,0.01370279332502159,0.7330439379629385,Dependence
40.538067,-74.1496,0.01370279332502159,0.7400827686392983,Dependence
40.538364,-74.14383,0.02740558665004318,0.7373833427442347,Dependence
40.5385,-74.19778,0.0,0.6536535350595402,Dependence
40.539078,-74.16257,0.01370279332502159,0.7464048125329378,Dependence
40.539272,-74.20336,0.0,0.7179511819162845,Dependence
40.53942,-74.21301,0.017743958609682038,0.7224725299266217,Dependence
40.54007,-74.15413,0.0,0.5827411074075015,Dependence
40.541885,-74.19385,0.017743958609682038,0.6525071302734299,Dependence
40.542336,-74.173874,0.0,0.7331057775227621,Dependence
40.542862,-74.14304,0.03144675193470363,0.6745166216372391,Dependence
40.543083,-74.182304,0.017743958609682038,0.720141446161191,Dependence
40.544075,-74.15808,0.0,0.7130848190879894,Dependence
40.54441,-74.170555,0.0,0.7402617059646561,Dependence
40.54456,-74.15292,0.03144675193470363,0.6482638868457202,Dependence
40.54641,-74.18389,0.017743958609682038,0.6718033864636886,Dependence
40.546474,-74.200096,0.017743958609682038,0.728647921979083,Dependence
40.546814,-74.14465,0.017743958609682038,0.6848331453039009,Dependence
40.546944,-74.149666,0.04919071054438567,0.7199605972862076,Unsustained place
40.547733,-74.15606,0.017743958609682038,0.7349702593399845,Dependence
40.54849,-74.18436,0.0,0.6667707051083644,Dependence
40.548782,-74.21079,0.0,0.7176932250756763,Dependence
40.548916,-74.16339,0.0,0.7299513983231917,Dependence
40.549103,-74.180466,0.01370279332502159,0.6839382250873778,Dependence
40.549114,-74.150635,0.07391415042737429,0.740452906831967,Unsustained place
40.54927,-74.193634,0.03144675193470363,0.7166613723680555,Dependence
40.549404,-74.21574,0.0,0.7152767601530582,Dependence
40.550133,-74.14213,0.0,0.6163114368434259,Dependence
40.550583,-74.14932,0.024723439882988613,0.7434575415865754,Dependence
40.55078,-74.21327,0.0,0.7151650359951613,Dependence
40.551426,-74.19805,0.03144675193470363,0.6827341887594433,Dependence
40.552917,-74.16619,0.017743958609682038,0.7382991944355933,Dependence
40.553356,-74.13584,0.04514954525972522,0.6754967839057953,Unsustained place
40.553715,-74.16032,0.0,0.7313565336835446,Dependence
40.55395,-74.13113,0.01370279332502159,0.680935040068098,Dependence
40.553993,-74.1442,0.01370279332502159,0.6403995988737556,Dependence
40.554546,-74.19388,0.03144675193470363,0.7085929903884494,Dependence
40.55457,-74.17063,0.017743958609682038,0.7174668492576894,Dependence
40.55573,-74.123375,0.01370279332502159,0.5765877050279071,Dependence
40.55707,-74.15403,0.017743958609682038,0.7801144313522195,Unsustained node
40.557316,-74.11409,0.01370279332502159,0.7176321034770258,Dependence
40.55777,-74.115715,0.02740558665004318,0.7670660897920596,Dependence
40.55928,-74.15137,0.03144675193470363,0.6588397042191431,Dependence
40.55954,-74.118645,0.01370279332502159,0.7567565661368232,Dependence
40.559982,-74.11696,0.0,0.7388593956477463,Dependence
40.560074,-74.10733,0.02740558665004318,0.7267031303454222,Dependence
40.560093,-74.17328,0.049446879765977225,0.718631065007313,Unsustained place
40.56052,-73.921646,0.0,0.7125470188241694,Dependence
40.560604,-74.155594,0.04514954525972522,0.7349502406511795,Unsustained place
40.560806,-74.17928,0.0,0.7175776014624776,Dependence
40.561207,-74.18589,0.0,0.5966389546842065,Dependence
40.56131,-74.12158,0.017743958609682038,0.7944170347487918,Unsustained node
40.561756,-74.122314,0.017743958609682038,0.79415965482142,Unsustained node
40.562267,-74.17349,0.049446879765977225,0.6817404609207112,Unsustained place
40.56255,-74.153534,0.04514954525972522,0.6731291339786066,Unsustained place
40.56281,-74.15544,0.02740558665004318,0.7279292220696727,Dependence
40.56295,-74.11981,0.017743958609682038,0.7126730606968328,Dependence
40.563675,-74.10135,0.02740558665004318,0.6322601345505907,Dependence
40.563744,-74.14981,0.03144675193470363,0.6459539024355626,Dependence
40.56396,-74.10378,0.01370279332502159,0.6309285812795566,Dependence
40.565838,-74.154175,0.04514954525972522,0.6595955274828627,Unsustained place
40.565914,-74.13082,0.03144675193470363,0.7132275866393405,Dependence
40.566013,-74.10079,0.02740558665004318,0.6565485372673607,Dependence
40.56755,-74.13374,0.0,0.6755119701644359,Dependence
40.568634,-74.12819,0.017743958609682038,0.7156261246939756,Dependence
40.569855,-74.11355,0.035487917219364076,0.7643417490001948,Dependence
40.570175,-74.09441,0.04514954525972522,0.615994888278808,Unsustained place
40.570446,-74.113014,0.035487917219364076,0.7627352406766885,Dependence
40.57057,-74.095146,0.04514954525972522,0.6161279961195245,Unsustained place
40.570644,-74.09238,0.04514954525972522,0.6578635807595673,Unsustained place
40.570747,-74.1281,0.017743958609682038,0.780057740379258,Unsustained node
40.57128,-74.116615,0.035487917219364076,0.6853888297727561,Dependence
40.57207,-73.997925,0.03144675193470363,0.734947997416158,Dependence
40.572166,-74.11461,0.04246739849267065,0.7540111246846906,Unsustained place
40.57218,-74.11295,0.017743958609682038,0.7697231390281527,Dependence
40.572216,-74.14284,0.06289350386940726,0.6874733570621491,Unsustained place
40.572468,-74.12705,0.0,0.7409434095871816,Dependence
40.57286,-74.094124,0.017743958609682038,0.6697020163902172,Dependence
40.572906,-74.13705,0.07097583443872815,0.7387255682619163,Unsustained place
40.573143,-73.99313,0.03144675193470363,0.7846198136721972,Unsustained node
40.573193,-74.11009,0.035487917219364076,0.5997857948074202,Dependence
40.573402,-74.16767,0.01370279332502159,0.7305914272071274,Dependence
40.573616,-74.12078,0.03144675193470363,0.711144378221131,Dependence
40.57375,-74.109566,0.035487917219364076,0.6012079735329829,Dependence
40.573994,-74.10679,0.04919071054438567,0.6542468641626304,Unsustained place
40.574093,-74.1192,0.05617019181769224,0.6793613097379558,Unsustained place
40.574387,-74.00166,0.0,0.7168420819988546,Dependence
40.574684,-73.85219,0.017743958609682038,0.7311017583408387,Dependence
40.574898,-74.0911,0.0,0.6661027087669391,Dependence
40.574905,-74.12065,0.03144675193470363,0.7335618550010979,Dependence
40.574947,-74.10321,0.03144675193470363,0.6042104571949647,Dependence
40.575005,-73.98879,0.01370279332502159,0.800843063101085,Unsustained node
40.575672,-73.97655,0.10832462014048788,0.7630004511595516,Unsustained place
40.57568,-73.9554,0.04110837997506477,0.6557634560876248,Dependence
40.575806,-74.123505,0.0,0.6434437115447774,Dependence
40.576252,-73.84815,0.0,0.7350243336306076,Dependence
40.57627,-73.96906,0.10131973707741745,0.7815497089884819,Stress / balance
40.576405,-73.99339,0.04919071054438567,0.7788963105313895,Stress / balance
40.576656,-73.85924,0.0,0.7945816750591087,Unsustained node
40.576813,-73.94812,0.01370279332502159,0.747677668421048,Dependence
40.576946,-73.968376,0.11502253040243905,0.7322634499661932,Unsustained place
40.577106,-74.112595,0.0,0.5973618005156041,Dependence
40.5774,-74.09214,0.0,0.5652019292826272,Dependence
40.577682,-74.15763,0.04514954525972522,0.6407991682632622,Unsustained place
40.57773,-73.95305,0.0806374624790893,0.7684533808197025,Unsustained place
40.5778,-73.98933,0.03144675193470363,0.7731303007972109,Dependence
40.577927,-73.994415,0.03144675193470363,0.7374595007169312,Dependence
40.577938,-74.15717,0.04514954525972522,0.6410668099731006,Unsustained place
40.577953,-74.134964,0.01370279332502159,0.5826739307215523,Dependence
40.57801,-73.9426,0.03144675193470363,0.7118604305755306,Dependence
40.578037,-73.85512,0.017743958609682038,0.8150952057515745,Unsustained node
40.578053,-73.942314,0.03144675193470363,0.7021027543479004,Dependence
40.57808,-73.96263,0.04246739849267065,0.8289407552793523,Stress / balance
40.57811,-74.111206,0.024723439882988613,0.5974757444148641,Dependence
40.57843,-73.96759,0.10131973707741745,0.736295674642198,Unsustained place
40.578674,-73.84058,0.01370279332502159,0.6556114868085032,Dependence
40.579014,-73.836754,0.0384262332080102,0.7147202924922672,Dependence
40.57905,-74.09345,0.0,0.6145363290386783,Dependence
40.579185,-74.09941,0.03144675193470363,0.6888998358132397,Dependence
40.579395,-73.97997,0.0384262332080102,0.7162569722844139,Dependence
40.57945,-73.96273,0.04246739849267065,0.8040398969890429,Stress / balance
40.579815,-73.948456,0.01370279332502159,0.7677030934518806,Dependence
40.580006,-73.965836,0.03144675193470363,0.7831875086677507,Unsustained node
40.58023,-73.99903,0.04110837997506477,0.6777082880644102,Dependence
40.58025,-73.96838,0.06289350386940726,0.7496983964815449,Unsustained place
40.580307,-74.131424,0.01370279332502159,0.657018049447548,Dependence
40.580463,-74.006584,0.01370279332502159,0.42868745443331674,Dependence
40.58049,-74.089355,0.017743958609682038,0.6321354741617514,Dependence
40.5808,-73.94217,0.03144675193470363,0.6871718854684044,Dependence
40.580853,-73.96266,0.04919071054438567,0.7982080136459109,Stress / balance
40.581264,-73.984955,0.01370279332502159,0.7469123093731918,Dependence
40.581795,-73.8493,0.01370279332502159,0.7279160213208655,Dependence
40.582413,-73.96425,0.08690861366255398,0.7382687615494381,Unsustained place
40.582733,-73.961235,0.07320582033753238,0.8171563494229594,Stress / balance
40.58303,-74.10385,0.0384262332080102,0.6579325773405656,Dependence
40.58321,-74.094666,0.01370279332502159,0.6893011357800112,Dependence
40.583256,-73.97038,0.08467862776374974,0.6908693749273644,Unsustained place
40.583664,-73.819984,0.0384262332080102,0.635207874315328,Dependence
40.583683,-74.10792,0.017743958609682038,0.6879590500241477,Dependence
40.583794,-73.96013,0.04110837997506477,0.77365337295687,Dependence
40.584373,-73.95914,0.05885233858474681,0.7480127975813569,Unsustained place
40.58438,-73.93885,0.02740558665004318,0.7410107798086517,Dependence
40.584583,-73.821594,0.05617019181769224,0.6739388463544823,Unsustained place
40.584778,-74.10205,0.0384262332080102,0.6642824629284146,Dependence
40.584835,-73.811584,0.01370279332502159,0.6938644377607285,Dependence
40.58492,-73.94852,0.01370279332502159,0.7896667323478103,Unsustained node
40.58511,-73.982025,0.03144675193470363,0.7491107288969472,Dependence
40.585686,-73.969315,0.04514954525972522,0.7453143726012553,Unsustained place
40.586018,-74.103836,0.01370279332502159,0.7275382171673405,Dependence
40.586697,-73.9854,0.06987298514271384,0.7423237620277618,Unsustained place
40.586945,-74.096794,0.052129026533031794,0.6809130657116348,Unsustained place
40.587597,-73.98597,0.05617019181769224,0.7985792258673348,Stress / balance
40.588,-73.932976,0.09730397358252085,0.7715181847411103,Unsustained place
40.588543,-73.95539,0.0384262332080102,0.8206878975910431,Unsustained node
40.588562,-73.94068,0.0806374624790893,0.8248514739069535,Stress / balance
40.588936,-74.15506,0.017743958609682038,0.6397162802906806,Dependence
40.5892,-73.95168,0.035487917219364076,0.8461788875533415,Unsustained node
40.589252,-73.923935,0.01370279332502159,0.7585977771353055,Dependence
40.589447,-74.09227,0.0,0.6458292456389905,Dependence
40.58966,-73.97195,0.05617019181769224,0.7807536816682737,Stress / balance
40.589745,-74.15017,0.01370279332502159,0.7288865649165844,Dependence
40.58993,-73.967285,0.03144675193470363,0.7703975488201342,Dependence
40.590206,-74.19159,0.017743958609682038,0.7158591811001846,Dependence
40.59116,-74.09076,0.0,0.6106827186452783,Dependence
40.591312,-73.78959,0.06583181985805339,0.6489446865999712,Unsustained place
40.591496,-74.07733,0.01370279332502159,0.6826030839735704,Dependence
40.59153,-74.14999,0.01370279332502159,0.7607922230056422,Dependence
40.591835,-74.06484,0.01370279332502159,0.6734960991178941,Dependence
40.59186,-73.964966,0.0,0.768434967695009,Dependence
40.59187,-73.924065,0.01370279332502159,0.7650886135459279,Dependence
40.591923,-74.068214,0.01370279332502159,0.6625203972237821,Dependence
40.591946,-73.953186,0.017743958609682038,0.7878632686006004,Unsustained node
40.592014,-73.9765,0.0384262332080102,0.8149215228988456,Unsustained node
40.592422,-74.0948,0.035487917219364076,0.6271859070388309,Dependence
40.59262,-73.951355,0.017743958609682038,0.8003618147861612,Unsustained node
40.592735,-73.94428,0.03144675193470363,0.7953938206888057,Unsustained node
40.5928,-74.06924,0.0,0.6498130023545297,Dependence
40.59285,-74.067345,0.01370279332502159,0.6462375927558551,Dependence
40.59295,-73.955284,0.0,0.8182101731529227,Unsustained node
40.593155,-74.18555,0.0,0.6130182044296758,Dependence
40.593273,-74.06319,0.04110837997506477,0.7168371434637942,Dependence
40.59334,-74.100426,0.017743958609682038,0.6404841775056913,Dependence
40.59348,-73.93382,0.04919071054438567,0.8325914899340834,Stress / balance
40.593925,-74.07259,0.017743958609682038,0.6549120472287719,Dependence
40.59395,-74.08871,0.04246739849267065,0.587884534768448,Unsustained place
40.593956,-73.94552,0.03144675193470363,0.7747518521194661,Dependence
40.59396,-74.079994,0.04514954525972522,0.6901425675023956,Unsustained place
40.59407,-73.77281,0.0,0.6476092207229895,Dependence
40.594078,-73.79729,0.03144675193470363,0.7041107271373962,Dependence
40.594265,-74.07909,0.04919071054438567,0.6915697000489521,Unsustained place
40.594345,-74.08978,0.04246739849267065,0.6034725910674177,Unsustained place
40.594387,-73.97711,0.04246739849267065,0.7703328204204875,Unsustained place
40.594402,-73.77121,0.024723439882988613,0.7031878275478586,Dependence
40.594505,-73.94755,0.01370279332502159,0.8321594005857345,Unsustained node
40.59452,-74.18839,0.0,0.5991914592697177,Dependence
40.594643,-73.94661,0.03144675193470363,0.8248227142258278,Unsustained node
40.594704,-74.15907,0.04514954525972522,0.731410305782085,Unsustained place
40.59473,-74.096,0.0,0.6055336155459048,Dependence
40.594807,-73.79875,0.0,0.7241700484263196,Dependence
40.59483,-74.18631,0.0,0.6284844025298051,Dependence
40.59493,-73.99848,0.02740558665004318,0.7459848711005378,Dependence
40.595215,-73.79163,0.05885233858474681,0.585008303623304,Unsustained place
40.595238,-73.9636,0.0,0.8304451419342466,Unsustained node
40.595253,-74.07493,0.017743958609682038,0.6758851584465783,Dependence
40.59543,-73.99274,0.06289350386940726,0.8046646252538494,Stress / balance
40.5955,-74.191864,0.0,0.5263698884530414,Dependence
40.595753,-73.95196,0.017743958609682038,0.8465478895525106,Unsustained node
40.595966,-74.0802,0.03144675193470363,0.6996760441633226,Dependence
40.596317,-73.98453,0.10131973707741745,0.8276655818805733,Stress / balance
40.596767,-74.16523,0.01370279332502159,0.6779874040884765,Dependence
40.596966,-73.931496,0.06289350386940726,0.7681531396520633,Unsustained place
40.597034,-73.97263,0.07391415042737429,0.7988510901223518,Stress / balance
40.59716,-73.992805,0.04919071054438567,0.8329362005245569,Stress / balance
40.59736,-73.981544,0.06987298514271384,0.8508038408195396,Stress / balance
40.597412,-73.80113,0.0,0.632453955092845,Dependence
40.597485,-73.97399,0.07391415042737429,0.7903411476144064,Stress / balance
40.597496,-74.1404,0.0,0.7013636693030787,Dependence
40.597504,-73.78838,0.02740558665004318,0.7265214951760872,Dependence
40.59751,-73.75981,0.05617019181769224,0.6919907541095907,Unsustained place
40.5976,-73.75737,0.03144675193470363,0.7238424741452048,Dependence
40.597946,-74.123474,0.017743958609682038,0.7340450056929977,Dependence
40.59811,-74.06627,0.04514954525972522,0.6515419361248928,Unsustained place
40.59819,-74.082886,0.03144675193470363,0.6762499779782012,Dependence
40.598328,-74.065575,0.04514954525972522,0.6546057436423343,Unsustained place
40.59848,-73.93478,0.03144675193470363,0.8083802516795962,Unsustained node
40.598557,-73.747116,0.03144675193470363,0.7140240741231693,Dependence
40.598854,-74.13093,0.0,0.7004484448782899,Dependence
40.598965,-73.96224,0.017743958609682038,0.8351700408545586,Unsustained node
40.599144,-73.98188,0.04246739849267065,0.8258422500508311,Stress / balance
40.599243,-74.06283,0.02740558665004318,0.672968381606088,Dependence
40.59925,-73.999054,0.024015109793146715,0.8344592886162056,Unsustained node
40.599354,-73.98474,0.06021135710235269,0.7988244590294415,Stress / balance
40.59962,-73.97613,0.035487917219364076,0.7974486483447356,Unsustained node
40.599697,-74.08473,0.017743958609682038,0.5992805919756771,Dependence
40.59973,-73.96914,0.01370279332502159,0.8337172515718061,Unsustained node
40.599953,-73.75151,0.028056275077807162,0.7598026416665205,Dependence
40.60003,-73.98013,0.035487917219364076,0.8450914801111695,Unsustained node
40.600044,-73.96624,0.0,0.8350461257070794,Unsustained node
40.60019,-73.99805,0.024015109793146715,0.8601102330070145,Unsustained node
40.600346,-73.93096,0.04514954525972522,0.7510687559891511,Unsustained place
40.600525,-73.97022,0.03144675193470363,0.7884759228931552,Unsustained node
40.600536,-73.74713,0.03144675193470363,0.6756256447344071,Dependence
40.60055,-73.98688,0.017743958609682038,0.8093038992485291,Unsustained node
40.600704,-74.12071,0.017743958609682038,0.7228452948756997,Dependence
40.600956,-73.96359,0.0,0.8431347176371675,Unsustained node
40.601093,-74.12838,0.0,0.7257836050260432,Dependence
40.60115,-73.97128,0.07391415042737429,0.8260245369526102,Stress / balance
40.601448,-73.98842,0.017743958609682038,0.8142782683674901,Unsustained node
40.601536,-74.00753,0.04514954525972522,0.7564642872425967,Unsustained place
40.601696,-73.82098,0.02740558665004318,0.6212507685158816,Dependence
40.60176,-73.99353,0.03503575635111374,0.7942757088872587,Unsustained node
40.6019,-74.008255,0.04514954525972522,0.7464223653855422,Unsustained place
40.601955,-73.94896,0.0,0.8060646834923163,Unsustained node
40.602093,-74.080086,0.01370279332502159,0.5792618909889484,Dependence
40.602253,-74.12338,0.0,0.6970425200602728,Dependence
40.60242,-74.174675,0.01370279332502159,0.6385477667030699,Dependence
40.602543,-74.11783,0.02740558665004318,0.6255442111941849,Dependence
40.602642,-73.75756,0.0,0.7330305256886702,Dependence
40.602764,-73.998955,0.04246739849267065,0.838035118681584,Stress / balance
40.603184,-74.14104,0.017743958609682038,0.7102947856975227,Dependence
40.603207,-74.138596,0.017743958609682038,0.6918869575237955,Dependence
40.603268,-73.947266,0.0,0.8466630200131782,Unsustained node
40.60381,-73.82074,0.0,0.5937733392947239,Dependence
40.604187,-74.13533,0.017743958609682038,0.6217209145398815,Dependence
40.604206,-73.98471,0.01370279332502159,0.82387679195184,Unsustained node
40.604298,-73.94458,0.0,0.8000103571086474,Unsustained node
40.604412,-74.06688,0.04110837997506477,0.6399591807386039,Dependence
40.604572,-73.90943,0.0,0.7529078820744298,Dependence
40.604633,-73.7636,0.017743958609682038,0.5964982956790517,Dependence
40.604683,-73.769066,0.0,0.6562435069872248,Dependence
40.604828,-74.06881,0.0,0.7064077476458605,Dependence
40.604996,-73.97858,0.024723439882988613,0.8586824691406721,Unsustained node
40.60509,-74.09106,0.0669346691540677,0.6878525394753935,Unsustained place
40.605183,-73.94178,0.04919071054438567,0.7744746674291305,Unsustained place
40.605232,-73.957634,0.12643769616657852,0.8140820447319987,Stress / balance
40.60533,-73.99183,0.017743958609682038,0.8341211940198301,Unsustained node
40.60545,-74.07162,0.0,0.6560249888151118,Dependence
40.605907,-74.01164,0.0,0.8088234905242484,Unsustained node
40.605923,-74.13489,0.0,0.6457296637261813,Dependence
40.605938,-74.11808,0.0,0.6971716708546166,Dependence
40.606003,-74.06572,0.05481117330008636,0.7385684458286826,Unsustained place
40.606003,-74.126915,0.0,0.6525357262399942,Dependence
40.60607,-74.125946,0.0,0.654494756569367,Dependence
40.60613,-74.016235,0.04110837997506477,0.7662079582731035,Dependence
40.606308,-74.16757,0.017743958609682038,0.586812510077717,Dependence
40.60631,-74.14751,0.0,0.6883544091076849,Dependence
40.606426,-74.12023,0.01370279332502159,0.6957380179135253,Dependence
40.60645,-74.00589,0.035487917219364076,0.8507525161785525,Unsustained node
40.606457,-74.16699,0.017743958609682038,0.6958230990379234,Dependence
40.606476,-73.9794,0.01370279332502159,0.7726711810110993,Dependence
40.60655,-74.162285,0.04919071054438567,0.7558437251946617,Unsustained place
40.60656,-74.168304,0.0,0.6085541372417843,Dependence
40.606583,-74.16226,0.04919071054438567,0.7589664120020176,Unsustained place
40.606632,-73.94692,0.017743958609682038,0.7628235805569237,Dependence
40.60668,-74.085976,0.0,0.6398640633876432,Dependence
40.60674,-73.97203,0.04246739849267065,0.8361008958825542,Stress / balance
40.60675,-73.97943,0.01370279332502159,0.8000173210580207,Unsustained node
40.6068,-74.1604,0.03144675193470363,0.7542762637399509,Dependence
40.606857,-73.76572,0.03144675193470363,0.636110246642061,Dependence
40.607292,-73.96688,0.10869373755689646,0.8299435042171481,Stress / balance
40.607357,-74.16099,0.04919071054438567,0.7710684965590979,Unsustained place
40.607464,-74.01486,0.02740558665004318,0.8182455801070425,Unsustained node
40.607582,-74.01229,0.03144675193470363,0.8287847060710146,Unsustained node
40.607655,-74.16246,0.035487917219364076,0.7657431195134646,Dependence
40.607723,-73.97766,0.017743958609682038,0.8439911108741482,Unsustained node
40.607777,-74.08597,0.0,0.6525038555336015,Dependence
40.607838,-73.820114,0.03144675193470363,0.6076491843364002,Dependence
40.60788,-74.12981,0.0,0.6772950069711623,Dependence
40.60801,-73.98872,0.0806374624790893,0.8021286717349272,Stress / balance
40.608383,-74.170265,0.0,0.7182397816300844,Dependence
40.608482,-74.062,0.06851396662510796,0.7616003594840556,Unsustained place
40.608524,-73.975555,0.04246739849267065,0.8429919605305745,Stress / balance
40.608574,-74.087456,0.035487917219364076,0.7137988621840908,Dependence
40.608627,-74.08511,0.04919071054438567,0.6963041579108646,Unsustained place
40.608788,-73.999054,0.052129026533031794,0.8402234927026043,Stress / balance
40.608826,-74.00983,0.017743958609682038,0.8253334581165125,Unsustained node
40.60899,-74.06543,0.01370279332502159,0.6631760047346634,Dependence
40.60901,-74.01012,0.035487917219364076,0.8169644706849263,Unsustained node
40.609047,-74.08581,0.06289350386940726,0.6834910907633418,Unsustained place
40.609097,-73.96322,0.08683456597713768,0.8493911853358116,Stress / balance
40.60918,-73.97794,0.01370279332502159,0.846518656294351,Unsustained node
40.609215,-73.90851,0.01370279332502159,0.7760685923071493,Dependence
40.609257,-74.010544,0.04919071054438567,0.8091381090014713,Stress / balance
40.609344,-73.963264,0.05950302701251079,0.8536505635865742,Stress / balance
40.609474,-74.01089,0.03144675193470363,0.7891622255805802,Unsustained node
40.60959,-73.929886,0.01370279332502159,0.8305675429436773,Unsustained node
40.6098,-73.91187,0.01370279332502159,0.7624750727116367,Dependence
40.609924,-74.16118,0.0669346691540677,0.739345562264904,Unsustained place
40.609985,-74.10179,0.045075497574308926,0.6495964554141229,Unsustained place
40.61012,-73.929245,0.0,0.8417762734150279,Unsustained node
40.610268,-73.94075,0.01370279332502159,0.7923345528866601,Unsustained node
40.610447,-74.14113,0.0,0.7719371983095396,Dependence
40.610508,-73.746994,0.052129026533031794,0.7039038315528925,Unsustained place
40.610588,-74.01397,0.03144675193470363,0.8235204181616829,Unsustained node
40.610687,-73.92989,0.0,0.8627397481857885,Unsustained node
40.61088,-74.10069,0.06281945618399096,0.6260627927002382,Unsustained place
40.611156,-74.01096,0.03144675193470363,0.7866852974320162,Unsustained node
40.61118,-73.94683,0.03144675193470363,0.82004207649476,Unsustained node
40.61159,-73.74739,0.04110837997506477,0.6783047428032791,Dependence
40.61173,-73.92228,0.01370279332502159,0.7665411359192739,Dependence
40.612,-74.0683,0.017743958609682038,0.7159521441871136,Dependence
40.61209,-74.11773,0.04919071054438567,0.7785291204837731,Stress / balance
40.61253,-73.93573,0.017743958609682038,0.8662452807030478,Unsustained node
40.612865,-74.12582,0.0,0.761389965098699,Dependence
40.612873,-73.820015,0.01370279332502159,0.6374579641779012,Dependence
40.613052,-74.131615,0.0,0.7683506079240625,Dependence
40.613102,-74.035736,0.04514954525972522,0.7433320344175941,Unsustained place
40.613235,-74.132095,0.0,0.7711250698026227,Dependence
40.613277,-73.90138,0.01370279332502159,0.7067205604637137,Dependence
40.61352,-73.931816,0.0,0.8536894300023617,Unsustained node
40.61366,-74.12523,0.0,0.7321174035599746,Dependence
40.613667,-73.974976,0.07391415042737429,0.8148260697316897,Stress / balance
40.613678,-74.09543,0.04103433228964848,0.7082094271958289,Dependence
40.613766,-73.98748,0.035487917219364076,0.8425398431278946,Unsustained node
40.61428,-73.96218,0.035487917219364076,0.7890220499668185,Unsustained node
40.614395,-73.93902,0.017743958609682038,0.820062823736022,Unsustained node
40.614796,-73.94849,0.0458002336874892,0.814258839395982,Stress / balance
40.614826,-74.1,0.05877829089933052,0.590508745534879,Unsustained place
40.6149,-73.91966,0.01370279332502159,0.784025829474998,Unsustained node
40.61494,-74.09796,0.05877829089933052,0.686226380451733,Unsustained place
40.614986,-74.01544,0.01370279332502159,0.7833073615293304,Unsustained node
40.615086,-73.952385,0.035487917219364076,0.7838862397561264,Unsustained node
40.615135,-73.95336,0.05323187582904612,0.794537028218055,Stress / balance
40.615173,-73.91361,0.04919071054438567,0.8139469511130617,Stress / balance
40.615246,-73.963066,0.035487917219364076,0.8401423526972269,Unsustained node
40.615364,-74.0054,0.035487917219364076,0.8565653709782866,Unsustained node
40.615364,-74.131,0.0,0.7304741529986377,Dependence
40.61545,-73.93273,0.0,0.8399907878732868,Unsustained node
40.615585,-73.92264,0.0,0.7933264793490019,Unsustained node
40.615795,-73.9689,0.017743958609682038,0.8478579236068096,Unsustained node
40.615833,-73.972176,0.05617019181769224,0.8001778939574041,Stress / balance
40.616215,-73.94108,0.028056275077807162,0.7888109896164075,Unsustained node
40.61626,-74.08478,0.04514954525972522,0.6979181121540945,Unsustained place
40.616333,-74.145226,0.0,0.7894518547342209,Unsustained node
40.616364,-74.14614,0.0,0.7780580255026317,Unsustained node
40.61654,-74.14183,0.0,0.780681179571328,Unsustained node
40.61675,-73.95592,0.035487917219364076,0.8121218469049772,Unsustained node
40.616756,-73.93788,0.0,0.8305049204773058,Unsustained node
40.61717,-73.93468,0.0,0.8264442624836875,Unsustained node
40.617233,-73.9932,0.0,0.8423183084845249,Unsustained node
40.617252,-74.01918,0.01370279332502159,0.8175820941911219,Unsustained node
40.617268,-73.92568,0.01370279332502159,0.841331570900755,Unsustained node
40.617275,-74.02471,0.04175906840282875,0.7181626043470669,Unsustained place
40.61731,-74.027214,0.04175906840282875,0.7701364224819611,Unsustained place
40.61742,-74.023315,0.024015109793146715,0.7304657823502312,Dependence
40.61751,-74.07305,0.0,0.725326392823277,Dependence
40.61754,-73.955635,0.0806374624790893,0.8417877944737844,Stress / balance
40.617577,-74.00128,0.08761694375239587,0.8828888932394876,Stress / balance
40.618042,-74.03139,0.05617019181769224,0.7815743321723441,Stress / balance
40.61818,-74.11487,0.01370279332502159,0.7372005013360347,Dependence
40.618347,-73.93722,0.03144675193470363,0.779207840421958,Unsustained node
40.618366,-73.94428,0.04175906840282875,0.8278247074617173,Stress / balance
40.6185,-73.97176,0.01370279332502159,0.7325764481790343,Dependence
40.6185,-74.03958,0.01370279332502159,0.7418454664497587,Dependence
40.618572,-74.01526,0.04514954525972522,0.835168405392059,Stress / balance
40.618664,-74.156715,0.01370279332502159,0.7479844567375689,Dependence
40.618828,-74.1354,0.03144675193470363,0.7432809844211303,Dependence
40.61888,-73.9959,0.01370279332502159,0.8750591107684035,Unsustained node
40.61889,-73.98517,0.04246739849267065,0.8585516267908121,Stress / balance
40.618908,-74.00349,0.035487917219364076,0.866579214434974,Unsustained node
40.618916,-74.08754,0.04514954525972522,0.6471531332826861,Unsustained place
40.619057,-74.02703,0.035487917219364076,0.7892036768470809,Unsustained node
40.619442,-73.96923,0.03144675193470363,0.8388069243602224,Unsustained node
40.619446,-74.15081,0.0,0.7118310845988021,Dependence
40.61952,-74.03062,0.035487917219364076,0.7959813343103816,Unsustained node
40.619576,-73.90973,0.0806374624790893,0.8646776302056438,Stress / balance
40.619587,-74.078064,0.0458002336874892,0.7432846427479869,Unsustained place
40.61976,-73.93279,0.017743958609682038,0.7940769417038568,Unsustained node
40.619835,-73.93642,0.03144675193470363,0.7966380107443327,Unsustained node
40.61999,-73.92409,0.03144675193470363,0.8428055922404208,Unsustained node
40.62021,-74.124,0.0,0.6945918448377204,Dependence
40.62023,-74.16535,0.04514954525972522,0.7152603590792489,Unsustained place
40.62026,-74.16774,0.03144675193470363,0.7443915292351179,Dependence
40.6204,-74.04107,0.01370279332502159,0.7194428826922641,Dependence
40.620476,-73.935875,0.03144675193470363,0.7876600289995154,Unsustained node
40.620502,-74.03097,0.035487917219364076,0.8012414609972649,Unsustained node
40.620655,-73.96842,0.017743958609682038,0.8521206180993067,Unsustained node
40.620796,-74.0114,0.03144675193470363,0.839675358046405,Unsustained node
40.62104,-74.12912,0.0,0.646040252752355,Dependence
40.621044,-74.132324,0.02740558665004318,0.7545594533450783,Dependence
40.62146,-73.93503,0.03144675193470363,0.7766333690689068,Dependence
40.621464,-73.93498,0.03144675193470363,0.7734931440979653,Dependence
40.621853,-73.98391,0.03144675193470363,0.8194277955701231,Unsustained node
40.621914,-74.02232,0.02740558665004318,0.7757777393269895,Dependence
40.621914,-74.02377,0.01370279332502159,0.8056975484141059,Unsustained node
40.62228,-73.95696,0.03144675193470363,0.8544157823069111,Unsustained node
40.622334,-73.907524,0.05885233858474681,0.8170187898446761,Stress / balance
40.622448,-73.99566,0.017743958609682038,0.8260004530069195,Unsustained node
40.622463,-74.0187,0.04514954525972522,0.7676417354147632,Unsustained place
40.622547,-74.08399,0.04919071054438567,0.7936147789202131,Stress / balance
40.622566,-74.0112,0.0,0.8489164093344457,Unsustained node
40.622593,-74.14497,0.03144675193470363,0.7281594534002371,Dependence
40.622845,-74.01004,0.0,0.8590128111432211,Unsustained node
40.622936,-73.93449,0.0,0.7386107149667592,Dependence
40.623188,-74.02743,0.04246739849267065,0.8355402595834616,Stress / balance
40.623196,-73.93747,0.0,0.8121077113989934,Unsustained node
40.62326,-73.98021,0.0669346691540677,0.8218712361089638,Stress / balance
40.62329,-74.01706,0.06289350386940726,0.7948493794622103,Stress / balance
40.62338,-73.94332,0.03144675193470363,0.8600385984822785,Unsustained node
40.62344,-73.97035,0.0,0.8208119397997107,Unsustained node
40.6235,-74.03773,0.02740558665004318,0.7655287126927408,Dependence
40.623665,-74.00268,0.017743958609682038,0.8431800814687096,Unsustained node
40.62376,-74.11841,0.01370279332502159,0.742801341728295,Dependence
40.62376,-74.133606,0.01370279332502159,0.719402769916145,Dependence
40.62381,-73.957275,0.0,0.8562081114545469,Unsustained node
40.623928,-73.90847,0.04514954525972522,0.712870516639735,Unsustained place
40.624172,-73.96027,0.04246739849267065,0.8473769783229713,Stress / balance
40.624294,-73.980415,0.0669346691540677,0.8333380448338644,Stress / balance
40.62432,-73.98497,0.04919071054438567,0.7949702173925405,Stress / balance
40.624374,-74.02332,0.0,0.8130473934737907,Unsustained node
40.62445,-74.15082,0.03144675193470363,0.68658112526169,Dependence
40.624477,-74.00819,0.017743958609682038,0.8272789157514442,Unsustained node
40.624496,-73.97055,0.0,0.8414307571259181,Unsustained node
40.624516,-73.97703,0.07795531571203473,0.8265242793469396,Stress / balance
40.624584,-74.07838,0.055461861727850344,0.8420324360645994,Stress / balance
40.624588,-74.151695,0.03144675193470363,0.6936870936099776,Dependence
40.62474,-73.949394,0.01370279332502159,0.8491812329834947,Unsustained node
40.624798,-73.93766,0.017743958609682038,0.7650103801352247,Dependence
40.624924,-73.92556,0.0,0.8290267982971435,Unsustained node
40.624966,-73.90978,0.02740558665004318,0.727287173152978,Dependence
40.62502,-74.0376,0.04514954525972522,0.8251637189565741,Stress / balance
40.625084,-73.97607,0.07795531571203473,0.8212462234361166,Stress / balance
40.625122,-73.990845,0.05323187582904612,0.817095042613367,Stress / balance
40.625156,-74.038185,0.05885233858474681,0.7732855563429104,Unsustained place
40.625324,-73.910545,0.01370279332502159,0.7671444215869156,Dependence
40.62534,-74.127975,0.017743958609682038,0.718178350728413,Dependence
40.625355,-73.921745,0.01370279332502159,0.8361088703925204,Unsustained node
40.625366,-74.16646,0.0,0.7536163667748358,Dependence
40.625484,-74.15868,0.0,0.724145039144061,Dependence
40.625492,-73.98728,0.0669346691540677,0.7878992346826459,Stress / balance
40.625496,-74.02932,0.0,0.8225581479387857,Unsustained node
40.62584,-73.91338,0.01370279332502159,0.8298820619943331,Unsustained node
40.62585,-73.97727,0.06021135710235269,0.7895271845206681,Stress / balance
40.626156,-73.992516,0.05323187582904612,0.8488725384174962,Stress / balance
40.62623,-73.99578,0.10267875559502335,0.8074844909197324,Stress / balance
40.626293,-74.01897,0.04514954525972522,0.7394288479149256,Unsustained place
40.626667,-73.97328,0.07795531571203473,0.8217633420047511,Stress / balance
40.626667,-74.03108,0.035487917219364076,0.8378500157884782,Unsustained node
40.6267,-73.95552,0.0,0.852667145427986,Unsustained node
40.626755,-73.98902,0.05323187582904612,0.8119400433439987,Stress / balance
40.626873,-73.981636,0.035487917219364076,0.8108688550561335,Unsustained node
40.62693,-74.115906,0.04514954525972522,0.6641559037566649,Unsustained place
40.62719,-74.1385,0.0,0.7278718414862457,Dependence
40.62733,-73.97342,0.07795531571203473,0.8103263634329715,Stress / balance
40.627388,-74.03081,0.0,0.8391802749904785,Unsustained node
40.62757,-73.94995,0.0,0.8520588123072458,Unsustained node
40.627575,-74.00256,0.035487917219364076,0.8246730234629431,Unsustained node
40.627583,-74.13176,0.0,0.7703371117121718,Dependence
40.62764,-73.93073,0.0,0.8266573329693039,Unsustained node
40.62768,-74.00926,0.01370279332502159,0.8420783652732383,Unsustained node
40.62769,-73.96975,0.035487917219364076,0.8001955010305448,Unsustained node
40.62774,-73.990616,0.05323187582904612,0.8556916745020873,Stress / balance
40.62787,-74.03931,0.05885233858474681,0.7416096088043149,Unsustained place
40.627953,-74.105255,0.017743958609682038,0.6562065447644176,Dependence
40.627995,-73.9461,0.0,0.8548043877920748,Unsustained node
40.628098,-73.90005,0.02740558665004318,0.73418157912205,Dependence
40.6281,-74.14118,0.0,0.760499964784443,Dependence
40.628223,-73.91497,0.01370279332502159,0.7519643375371153,Dependence
40.628284,-73.91694,0.02740558665004318,0.7323068040733596,Dependence
40.62831,-74.14879,0.017743958609682038,0.7172646416148596,Dependence
40.628357,-73.94821,0.0,0.8411385084203349,Unsustained node
40.628464,-73.923065,0.0,0.8120190699593258,Unsustained node
40.628464,-74.14352,0.017743958609682038,0.7248085516786702,Dependence
40.628616,-74.12246,0.03144675193470363,0.7573985199681641,Dependence
40.628723,-74.08304,0.0,0.7243700345728619,Dependence
40.628788,-74.15797,0.0,0.7866184774547739,Unsustained node
40.62884,-74.01541,0.04514954525972522,0.8110659897230585,Stress / balance
40.628937,-74.1174,0.04514954525972522,0.7100326612447568,Unsustained place
40.628944,-73.933784,0.017743958609682038,0.8545974929167715,Unsustained node
40.628975,-74.008125,0.01370279332502159,0.84688594601551,Unsustained node
40.629234,-74.016075,0.02740558665004318,0.808630958907185,Unsustained node
40.629444,-73.96222,0.04246739849267065,0.7528074393277142,Unsustained place
40.62946,-74.122475,0.03144675193470363,0.730022442465945,Dependence
40.629696,-74.027054,0.024723439882988613,0.8256465206397606,Unsustained node
40.629784,-73.90447,0.01370279332502159,0.7726279296965937,Dependence
40.62979,-73.92704,0.03144675193470363,0.7849227509179043,Unsustained node
40.629814,-73.89814,0.01370279332502159,0.7875973395780078,Unsustained node
40.629974,-73.96214,0.024723439882988613,0.7290025985038693,Dependence
40.63003,-74.140175,0.0,0.7508023593946146,Dependence
40.630047,-73.97319,0.035487917219364076,0.8196907260459392,Unsustained node
40.63007,-74.159325,0.035487917219364076,0.7692720562764244,Dependence
40.630104,-74.13019,0.017743958609682038,0.7171055938104335,Dependence
40.630123,-74.15654,0.017743958609682038,0.7798681339579348,Unsustained node
40.630142,-73.99308,0.04246739849267065,0.8030014510430916,Stress / balance
40.630165,-73.94058,0.01370279332502159,0.726662756087684,Dependence
40.63017,-74.13501,0.0,0.6985554592923507,Dependence
40.630196,-73.96724,0.06989838693247767,0.7916395104588264,Stress / balance
40.630272,-73.9762,0.07391415042737429,0.8048498206202029,Stress / balance
40.63035,-74.00874,0.04514954525972522,0.8716898526041713,Stress / balance
40.63038,-73.99196,0.017743958609682038,0.8155367842321268,Unsustained node
40.630516,-73.99521,0.04246739849267065,0.8346885152437377,Stress / balance
40.63071,-74.131485,0.0,0.7093072124553287,Dependence
40.630756,-74.11257,0.01370279332502159,0.7613623427903854,Dependence
40.63085,-73.89082,0.02740558665004318,0.7769322003069695,Unsustained node
40.631092,-73.907036,0.01370279332502159,0.8006555369448984,Unsustained node
40.63112,-73.97149,0.035487917219364076,0.8349192079481346,Unsustained node
40.631237,-74.130585,0.0,0.7215840835965355,Dependence
40.631344,-74.11158,0.017743958609682038,0.7431633399541229,Dependence
40.631355,-74.0058,0.07391415042737429,0.8031888196287997,Stress / balance
40.631367,-73.935,0.0,0.8388313811099047,Unsustained node
40.631466,-73.88847,0.01370279332502159,0.7700191843566563,Dependence
40.631546,-73.9675,0.0,0.7818654883889878,Unsustained node
40.631573,-74.16635,0.01370279332502159,0.7478099641497213,Dependence
40.631626,-74.117615,0.01370279332502159,0.7560435870553704,Dependence
40.631657,-74.18491,0.0,0.6587535965808742,Dependence
40.631695,-73.89516,0.01370279332502159,0.793871153996311,Unsustained node
40.631718,-74.09019,0.0725551319097684,0.7303753691341504,Unsustained place
40.631744,-73.894,0.01370279332502159,0.7499430172477786,Dependence
40.631844,-74.15222,0.0,0.7795127348679808,Unsustained node
40.6319,-73.92929,0.01370279332502159,0.7781690977229467,Unsustained node
40.631905,-74.08815,0.05885233858474681,0.7657434593583206,Unsustained place
40.63234,-74.02834,0.017743958609682038,0.85119725599312,Unsustained node
40.632366,-73.94182,0.0,0.771692423440823,Dependence
40.632435,-73.989365,0.035487917219364076,0.8389507359177777,Unsustained node
40.632446,-73.97854,0.01370279332502159,0.8519462892171396,Unsustained node
40.63248,-73.99997,0.017743958609682038,0.8397056668995763,Unsustained node
40.63251,-73.923485,0.03144675193470363,0.8385246597128816,Unsustained node
40.632553,-73.99406,0.04246739849267065,0.8167099399193191,Stress / balance
40.632637,-74.12548,0.035487917219364076,0.767709720586254,Dependence
40.632732,-74.08673,0.03144675193470363,0.7431603844040212,Dependence
40.632736,-73.90266,0.0,0.8489286567362431,Unsustained node
40.632954,-73.91971,0.08871979304841021,0.7492928396178125,Unsustained place
40.632988,-73.89541,0.03144675193470363,0.8110730549095642,Unsustained node
40.63299,-74.15205,0.0,0.8045168573220991,Unsustained node
40.633076,-74.028275,0.017743958609682038,0.84301037975903,Unsustained node
40.63318,-74.09545,0.0725551319097684,0.6702992951809839,Unsustained place
40.63318,-74.14159,0.04919071054438567,0.7134550069438005,Unsustained place
40.633286,-73.98017,0.04919071054438567,0.8436048750643417,Stress / balance
40.63337,-73.989365,0.05323187582904612,0.8143266348414151,Stress / balance
40.63355,-74.13702,0.0,0.7725835053751382,Dependence
40.633583,-74.10432,0.010312316468125124,0.7318755648905799,Dependence
40.633602,-73.99579,0.024723439882988613,0.8451407126894837,Unsustained node
40.633785,-73.9916,0.035487917219364076,0.8230925109204312,Unsustained node
40.633797,-74.03126,0.017743958609682038,0.8107746927077896,Unsustained node
40.634117,-74.00268,0.03144675193470363,0.8391932354947373,Unsustained node
40.63418,-74.016304,0.02740558665004318,0.7826816803541324,Unsustained node
40.634197,-73.973785,0.05323187582904612,0.8182034152499966,Stress / balance
40.63435,-74.03679,0.03144675193470363,0.7739229553583542,Dependence
40.634686,-74.03193,0.035487917219364076,0.7541849824457617,Dependence
40.634705,-74.10339,0.024015109793146715,0.7577916270670668,Dependence
40.634716,-74.115776,0.04919071054438567,0.7336325788091951,Unsustained place
40.634743,-74.03529,0.03144675193470363,0.7533644799822532,Dependence
40.634766,-73.93536,0.02740558665004318,0.7693949611583237,Dependence
40.634773,-73.99169,0.035487917219364076,0.8051840506434116,Unsustained node
40.634792,-74.166245,0.0,0.7269211911209492,Dependence
40.634926,-73.96829,0.0,0.8101514993010387,Unsustained node
40.634983,-74.08865,0.035487917219364076,0.7163919047081042,Dependence
40.63503,-73.940186,0.03144675193470363,0.8461715241779004,Unsustained node
40.635048,-73.95133,0.04919071054438567,0.8243100333240301,Stress / balance
40.635292,-73.98957,0.035487917219364076,0.8150308212115472,Unsustained node
40.635395,-74.11739,0.04919071054438567,0.7457849026547315,Unsustained place
40.635532,-73.8945,0.017743958609682038,0.8144703204812991,Unsustained node
40.63558,-74.0051,0.03144675193470363,0.8347563595067574,Unsustained node
40.635612,-74.12542,0.017743958609682038,0.6346840313629948,Dependence
40.635807,-73.95832,0.0,0.8520030467411182,Unsustained node
40.635822,-74.03349,0.03144675193470363,0.785267217734434,Unsustained node
40.6359,-74.11611,0.04919071054438567,0.7365320297066151,Unsustained place
40.63623,-73.98962,0.017743958609682038,0.8097849449430422,Unsustained node
40.63627,-74.00323,0.01370279332502159,0.825271355439267,Unsustained node
40.636593,-74.024155,0.08761694375239587,0.8280405792492946,Stress / balance
40.636635,-74.11264,0.017743958609682038,0.7368746607029233,Dependence
40.63664,-73.99175,0.017743958609682038,0.8091781816573647,Unsustained node
40.636696,-73.98585,0.017743958609682038,0.7999474497433108,Unsustained node
40.636772,-73.95971,0.0,0.8287004975799368,Unsustained node
40.636795,-73.97712,0.0384262332080102,0.8411944682317036,Unsustained node
40.6368,-74.03445,0.05885233858474681,0.7645448183183748,Unsustained place
40.636803,-74.15366,0.0,0.7652996720088456,Dependence
40.636837,-74.00269,0.01370279332502159,0.8152108189150622,Unsustained node
40.63692,-74.034805,0.05885233858474681,0.7640007973772309,Unsustained place
40.637154,-74.149704,0.0,0.7167041625666775,Dependence
40.637157,-73.89633,0.03144675193470363,0.8077153813635379,Unsustained node
40.637276,-74.131004,0.03144675193470363,0.8226190572774434,Unsustained node
40.63728,-73.983765,0.03144675193470363,0.8129924402526414,Unsustained node
40.637283,-74.093636,0.02740558665004318,0.558998123145539,Dependence
40.6376,-73.898056,0.03144675193470363,0.8181718570420702,Unsustained node
40.637722,-74.13584,0.0,0.7773094499456573,Unsustained node
40.63781,-73.895546,0.03144675193470363,0.8184006414024286,Unsustained node
40.63795,-74.10722,0.024015109793146715,0.709763224349108,Dependence
40.63801,-74.0061,0.0,0.8320847523844344,Unsustained node
40.63812,-74.00481,0.0,0.829376060388732,Unsustained node
40.63812,-74.1309,0.03144675193470363,0.8033586465284297,Unsustained node
40.638245,-74.00197,0.04175906840282875,0.7987491097166092,Stress / balance
40.63836,-74.139534,0.0,0.733716744624623,Dependence
40.63863,-74.0011,0.04175906840282875,0.8451211962585566,Stress / balance
40.638943,-73.93485,0.04919071054438567,0.8232852588072013,Stress / balance
40.63897,-73.88331,0.02740558665004318,0.803270346730675,Unsustained node
40.638996,-73.8852,0.01370279332502159,0.8023140071809371,Unsustained node
40.639046,-74.07635,0.05617019181769224,0.7713637899496903,Unsustained place
40.63905,-73.96112,0.024723439882988613,0.8243437866457062,Unsustained node
40.639095,-74.00492,0.0,0.8374069497226,Unsustained node
40.639256,-74.081795,0.04514954525972522,0.736680777481226,Unsustained place
40.639458,-74.017685,0.07795531571203473,0.831569836800475,Stress / balance
40.639507,-74.10755,0.024015109793146715,0.6862155442635268,Dependence
40.639526,-74.076454,0.04514954525972522,0.7436714868587604,Unsustained place
40.63955,-73.974785,0.017743958609682038,0.8399423390474455,Unsustained node
40.63961,-74.13,0.01370279332502159,0.7263358796875845,Dependence
40.63976,-74.091156,0.01370279332502159,0.7119571257947183,Dependence
40.639824,-74.11432,0.0,0.7194912748826148,Dependence
40.639874,-74.00621,0.0,0.8422185452239054,Unsustained node
40.63997,-73.900665,0.03144675193470363,0.8396053058242968,Unsustained node
40.64011,-74.13083,0.0,0.7073448474049018,Dependence
40.640343,-73.91112,0.0,0.8248124894480605,Unsustained node
40.64038,-74.00702,0.0,0.8676591173149562,Unsustained node
40.640408,-73.94943,0.05617019181769224,0.8347992157411575,Stress / balance
40.64041,-73.97327,0.017743958609682038,0.8266195982928999,Unsustained node
40.64043,-74.005585,0.0,0.8386099862970599,Unsustained node
40.640686,-74.09538,0.05323187582904612,0.6350234710720748,Unsustained place
40.64069,-74.003,0.028056275077807162,0.829050726378442,Unsustained node
40.640812,-74.11916,0.02740558665004318,0.7240712479585241,Dependence
40.640835,-73.90795,0.01370279332502159,0.7963734692028721,Unsustained node
40.640896,-74.01391,0.04919071054438567,0.8380373562448759,Stress / balance
40.64099,-73.93218,0.017743958609682038,0.8501915573640929,Unsustained node
40.64106,-74.02486,0.02740558665004318,0.7798230722546529,Unsustained node
40.64123,-73.88766,0.01370279332502159,0.8054808268807351,Unsustained node
40.64155,-73.986336,0.017743958609682038,0.7955687562345579,Unsustained node
40.64155,-74.094986,0.05323187582904612,0.6558327201652244,Unsustained place
40.641624,-73.9741,0.017743958609682038,0.8498380780736052,Unsustained node
40.64172,-73.8999,0.017743958609682038,0.7951890422100507,Unsustained node
40.64183,-73.97134,0.0,0.79642286568763,Unsustained node
40.64192,-73.966446,0.08089363170068084,0.7742770958462042,Unsustained place
40.641953,-73.89355,0.06289350386940726,0.8413696283753443,Stress / balance
40.642025,-73.97809,0.04246739849267065,0.8324612390860998,Stress / balance
40.64205,-73.97043,0.0,0.7859999827510868,Unsustained node
40.642075,-73.91179,0.0,0.8014036274780887,Unsustained node
40.642426,-73.90976,0.01370279332502159,0.8188579943585583,Unsustained node
40.64249,-73.984985,0.017743958609682038,0.7643746121302231,Dependence
40.64279,-73.90507,0.01370279332502159,0.8260810939677633,Unsustained node
40.642845,-73.89073,0.04514954525972522,0.834444779487082,Stress / balance
40.64293,-73.890854,0.04514954525972522,0.8418159276187948,Stress / balance
40.642956,-73.92556,0.03144675193470363,0.7778361517193624,Unsustained node
40.64306,-73.93432,0.017743958609682038,0.8337883555394867,Unsustained node
40.643574,-74.01986,0.09165810903705632,0.8072900057485127,Stress / balance
40.643696,-73.96584,0.04246739849267065,0.8408371860612591,Stress / balance
40.643833,-73.98858,0.017743958609682038,0.8187439577751184,Unsustained node
40.64387,-74.012794,0.06021135710235269,0.8275318122098505,Stress / balance
40.643993,-73.94401,0.0,0.8126858319397493,Unsustained node
40.644085,-73.9854,0.017743958609682038,0.8391726664263239,Unsustained node
40.644146,-73.99818,0.0,0.8258988029185469,Unsustained node
40.644253,-73.98079,0.05617019181769224,0.7723722122441323,Unsustained place
40.644302,-74.086914,0.04514954525972522,0.6754923187983155,Unsustained place
40.64446,-73.99569,0.052129026533031794,0.8274387559940541,Stress / balance
40.64455,-73.879944,0.05885233858474681,0.7300067833268943,Unsustained place
40.644608,-73.91186,0.0,0.8118087080296644,Unsustained node
40.644703,-73.97673,0.024723439882988613,0.8445195784334246,Unsustained node
40.644733,-74.08123,0.06289350386940726,0.7185329092350061,Unsustained place
40.64488,-74.01601,0.024723439882988613,0.7934801241286384,Unsustained node
40.64509,-74.08381,0.06289350386940726,0.6841964659592724,Unsustained place
40.645123,-73.96518,0.024723439882988613,0.8118263621460651,Unsustained node
40.645203,-74.07843,0.11763062948407732,0.7487240250846489,Unsustained place
40.645367,-74.08075,0.0943402558041109,0.731370061093999,Unsustained place
40.645462,-73.974266,0.0,0.8128555809965683,Unsustained node
40.64555,-73.95406,0.0,0.80284344897925,Unsustained node
40.645714,-74.00531,0.01370279332502159,0.8354094400592297,Unsustained node
40.645775,-74.019005,0.024015109793146715,0.8205066213005875,Unsustained node
40.645805,-73.93078,0.01370279332502159,0.8167956283667956,Unsustained node
40.645805,-73.96626,0.024723439882988613,0.7984632622137208,Unsustained node
40.64585,-74.0779,0.0725551319097684,0.734179250417728,Unsustained place
40.645943,-73.98262,0.06987298514271384,0.7712050048677805,Unsustained place
40.646076,-73.94808,0.024723439882988613,0.8612542771172371,Unsustained node
40.64627,-74.004684,0.01370279332502159,0.8138672097392646,Unsustained node
40.646385,-73.91662,0.0,0.7518540342190312,Dependence
40.64641,-74.00797,0.01370279332502159,0.8380816299052138,Unsustained node
40.646645,-73.98019,0.07659629719442884,0.8143466267123819,Stress / balance
40.64665,-74.014404,0.07391415042737429,0.8115202263342097,Stress / balance
40.646694,-73.95371,0.08467862776374974,0.7926568853936632,Stress / balance
40.646717,-73.91117,0.01370279332502159,0.801250742832992,Unsustained node
40.647087,-73.98189,0.04514954525972522,0.7778441498905677,Stress / balance
40.647144,-73.928894,0.04919071054438567,0.87129520595213,Stress / balance
40.647266,-73.91984,0.07097583443872815,0.7811353841362054,Stress / balance
40.64795,-73.979675,0.07659629719442884,0.844991629356024,Stress / balance
40.648056,-73.88076,0.017743958609682038,0.7756267218301971,Dependence
40.648144,-73.947365,0.017743958609682038,0.8524946710118136,Unsustained node
40.648426,-73.90446,0.04246739849267065,0.7983696552257603,Stress / balance
40.64873,-73.89601,0.01370279332502159,0.7643191695713294,Dependence
40.648964,-73.880745,0.017743958609682038,0.782719861577109,Unsustained node
40.648964,-74.02126,0.024015109793146715,0.7641164376135501,Dependence
40.64897,-74.01222,0.07391415042737429,0.7904445933125023,Stress / balance
40.649086,-74.007835,0.05617019181769224,0.8169979512822324,Stress / balance
40.649574,-73.895485,0.01370279332502159,0.7561284544327307,Dependence
40.650524,-74.00267,0.03144675193470363,0.8113048695227211,Unsustained node
40.6506,-73.912506,0.01370279332502159,0.7964129535436603,Unsustained node
40.650616,-73.94277,0.0,0.8309692171603559,Unsustained node
40.65064,-73.97784,0.09727857179275701,0.8172925713575402,Stress / balance
40.650795,-73.903366,0.0,0.6920771728926051,Dependence
40.650867,-73.96336,0.05617019181769224,0.7968653415919216,Stress / balance
40.650974,-73.73589,0.04514954525972522,0.6396614005435004,Unsustained place
40.651123,-73.92449,0.0,0.8047297038984991,Unsustained node
40.651375,-73.8428,0.0,0.8559232646547162,Unsustained node
40.651485,-73.91987,0.0,0.806071258856547,Unsustained node
40.651726,-73.949234,0.04246739849267065,0.8438886579691612,Stress / balance
40.652348,-73.95552,0.0806374624790893,0.7952412011512642,Stress / balance
40.65239,-73.9334,0.035487917219364076,0.867029866509622,Unsustained node
40.652424,-73.91331,0.010312316468125124,0.8469917867345274,Unsustained node
40.652668,-73.92854,0.0,0.834204975512768,Unsustained node
40.65299,-73.73398,0.03144675193470363,0.6448218704413533,Dependence
40.65301,-73.91644,0.0,0.7997939195199254,Unsustained node
40.653275,-73.92955,0.0,0.8292546210450903,Unsustained node
40.6533,-73.965904,0.02740558665004318,0.7464814894698771,Dependence
40.65359,-73.72971,0.0,0.6555668598782044,Dependence
40.6536,-73.98096,0.02740558665004318,0.8288103508297481,Unsustained node
40.653633,-73.945045,0.05207138487095388,0.8307921540114364,Stress / balance
40.653774,-73.7462,0.02740558665004318,0.6299298001052007,Dependence
40.65381,-73.7343,0.04919071054438567,0.6702238550049837,Unsustained place
40.654,-73.742424,0.0,0.6267073721278087,Dependence
40.654015,-73.74551,0.02740558665004318,0.639351503000053,Dependence
40.65441,-73.91117,0.010312316468125124,0.7978754736677799,Unsustained node
40.654697,-73.93173,0.028056275077807162,0.8511551739006373,Unsustained node
40.654808,-73.9268,0.0,0.8366605546053655,Unsustained node
40.654922,-74.014496,0.01370279332502159,0.7475852699668104,Dependence
40.65503,-73.84465,0.03144675193470363,0.8459974489541728,Unsustained node
40.65519,-73.87172,0.035487917219364076,0.7818606444308671,Unsustained node
40.65521,-73.738846,0.017743958609682038,0.6865414097078467,Dependence
40.655262,-73.93758,0.038368591545932286,0.8304650352544549,Unsustained node
40.655556,-73.84096,0.03144675193470363,0.8174953809030325,Unsustained node
40.655632,-73.93277,0.028056275077807162,0.8387663394088828,Unsustained node
40.65564,-73.72819,0.0,0.7109205822612814,Dependence
40.655754,-73.73192,0.0,0.6513219965995425,Dependence
40.655754,-73.76432,0.0,0.6517784737506761,Dependence
40.65587,-73.73627,0.017743958609682038,0.6293590701830368,Dependence
40.655968,-73.99905,0.017743958609682038,0.7728015002163429,Dependence
40.656105,-73.837135,0.0,0.703190393008539,Dependence
40.656364,-73.835304,0.0,0.7308098870326497,Dependence
40.65644,-73.736664,0.017743958609682038,0.633278035983066,Dependence
40.656467,-73.733826,0.0,0.6360048017031373,Dependence
40.656673,-73.9084,0.04175906840282875,0.8401356142893432,Stress / balance
40.656868,-73.87673,0.06289350386940726,0.7460348759697185,Unsustained place
40.656883,-73.885155,0.06289350386940726,0.7745221294162289,Unsustained place
40.65696,-73.75161,0.04514954525972522,0.7144772955788845,Unsustained place
40.6572,-73.89179,0.06289350386940726,0.7743862748963123,Unsustained place
40.657238,-73.87587,0.05323187582904612,0.7633813762128276,Unsustained place
40.657272,-73.736595,0.035487917219364076,0.6320750074558869,Dependence
40.65737,-73.75132,0.04514954525972522,0.6836491749431043,Unsustained place
40.657417,-73.729225,0.0,0.7259232477641644,Dependence
40.657436,-73.94187,0.06981534348063592,0.7354217821437528,Unsustained place
40.657513,-73.73277,0.017743958609682038,0.6394881042134333,Dependence
40.657516,-74.0082,0.01370279332502159,0.7172926493845043,Dependence
40.65759,-73.735275,0.035487917219364076,0.655549234260639,Dependence
40.657833,-73.927124,0.08871979304841021,0.8326861124748967,Stress / balance
40.65848,-73.98565,0.08467862776374974,0.7455908291111435,Unsustained place
40.658543,-73.89601,0.01370279332502159,0.809443472568857,Unsustained node
40.65884,-73.94797,0.06648250828581737,0.8428165562499856,Stress / balance
40.658848,-73.729614,0.0,0.7417349020913887,Dependence
40.65885,-73.9236,0.04919071054438567,0.8363642394752833,Stress / balance
40.658894,-73.94247,0.04175906840282875,0.7145243277790005,Unsustained place
40.659058,-73.87163,0.035487917219364076,0.7857694304589181,Unsustained node
40.65921,-73.90417,0.07659629719442884,0.8610180236607627,Stress / balance
40.659256,-73.912,0.04919071054438567,0.8402739847026698,Stress / balance
40.65939,-73.73721,0.017743958609682038,0.6683584580568299,Dependence
40.659843,-73.936104,0.038368591545932286,0.7410964390711704,Dependence
40.660027,-73.9406,0.04514954525972522,0.762634821186851,Unsustained place
40.660248,-73.77236,0.0,0.6906597197544497,Dependence
40.66031,-73.730896,0.017743958609682038,0.8091210951334774,Unsustained node
40.66031,-73.844055,0.017743958609682038,0.8418255635720593,Unsustained node
40.660313,-74.00531,0.0,0.7387483349649819,Dependence
40.660355,-73.85577,0.01370279332502159,0.7077704849211632,Dependence
40.660522,-73.914215,0.07391415042737429,0.8471979167383483,Stress / balance
40.66053,-73.88455,0.0669346691540677,0.7301038904076814,Unsustained place
40.66066,-73.89113,0.1024225863734318,0.8544637148698417,Stress / balance
40.66074,-73.836395,0.05323187582904612,0.8447172972810804,Stress / balance
40.660915,-73.88807,0.1556544622024779,0.8229498830811042,Stress / balance
40.660957,-73.94842,0.07795531571203473,0.8239984498108244,Stress / balance
40.6611,-73.748924,0.01370279332502159,0.6657114987189096,Dependence
40.661167,-73.85597,0.01370279332502159,0.7892868956495194,Unsustained node
40.66169,-73.93684,0.0458002336874892,0.7952148737623642,Stress / balance
40.661766,-73.889786,0.15161329691781747,0.8302187191656042,Stress / balance
40.661976,-73.75865,0.02740558665004318,0.8384871376069459,Unsustained node
40.66201,-73.85606,0.01370279332502159,0.7818536742136136,Unsustained node
40.662014,-73.93221,0.010312316468125124,0.7751294875184986,Dependence
40.66215,-73.85505,0.01370279332502159,0.7675495184951291,Dependence
40.662254,-73.874,0.0,0.8742360840555532,Unsustained node
40.66229,-73.75842,0.02740558665004318,0.7982226906593899,Unsustained node
40.662296,-73.758446,0.02740558665004318,0.7997372240058743,Unsustained node
40.66232,-73.75743,0.02740558665004318,0.7751003315657389,Dependence
40.662323,-73.914696,0.05617019181769224,0.8093255167615034,Stress / balance
40.662357,-73.73517,0.017743958609682038,0.7393076781675383,Dependence
40.66244,-73.87845,0.0,0.8191611251859603,Unsustained node
40.662487,-73.936005,0.0458002336874892,0.8334602392216445,Stress / balance
40.662506,-73.9908,0.14757213163315702,0.8185043303021023,Stress / balance
40.662647,-73.94597,0.017743958609682038,0.8021472655091748,Unsustained node
40.662647,-73.97981,0.1013451388671813,0.7691175600041829,Unsustained place
40.662746,-73.766655,0.017743958609682038,0.7663229757123108,Dependence
40.6628,-73.73748,0.01370279332502159,0.677239416429682,Dependence
40.662807,-73.755104,0.0,0.7055680759200579,Dependence
40.66306,-73.999275,0.0,0.8171759500098298,Unsustained node
40.66316,-73.76297,0.01370279332502159,0.8396377815369117,Unsustained node
40.663216,-73.757835,0.06289350386940726,0.7870335835640443,Stress / balance
40.66324,-73.93635,0.035487917219364076,0.8273501248593447,Unsustained node
40.663254,-73.75072,0.0,0.7541777427486647,Dependence
40.66326,-73.86699,0.017743958609682038,0.8394199200403125,Unsustained node
40.663273,-73.88777,0.06987298514271384,0.8071054496510073,Stress / balance
40.663486,-73.77964,0.0,0.713177811889624,Dependence
40.663536,-73.88462,0.03144675193470363,0.8550715317930343,Unsustained node
40.663567,-73.734474,0.01370279332502159,0.8079514689957956,Unsustained node
40.663654,-73.93551,0.035487917219364076,0.8261942203923104,Unsustained node
40.663673,-73.97843,0.1013451388671813,0.7700241736026558,Unsustained place
40.663685,-73.75043,0.0,0.7186225617455231,Dependence
40.663754,-73.9115,0.052129026533031794,0.7982325694407783,Stress / balance
40.663857,-73.894844,0.08761694375239587,0.8489567122115239,Stress / balance
40.663948,-73.89578,0.08761694375239587,0.8517996703180166,Stress / balance
40.66407,-73.81127,0.017743958609682038,0.8067671050330599,Unsustained node
40.66417,-73.94671,0.017743958609682038,0.814749555893105,Unsustained node
40.66419,-73.894905,0.08761694375239587,0.8494954936430515,Stress / balance
40.664196,-73.90258,0.10425805306606359,0.8039840346617891,Stress / balance
40.66421,-73.76026,0.06289350386940726,0.8150327841583834,Stress / balance
40.664497,-73.8778,0.04514954525972522,0.7495205617870958,Unsustained place
40.664505,-73.92676,0.0669346691540677,0.7871481441726095,Stress / balance
40.66459,-73.93591,0.0,0.8250281487146299,Unsustained node
40.664677,-73.78087,0.0,0.7434449507306959,Dependence
40.66471,-73.985825,0.02740558665004318,0.8335592547742622,Unsustained node
40.66476,-73.83453,0.01370279332502159,0.7885173802343278,Unsustained node
40.66482,-73.940506,0.01370279332502159,0.8091613472671109,Unsustained node
40.66514,-73.86982,0.0,0.806963211988181,Unsustained node
40.665276,-73.9887,0.017743958609682038,0.8225761637970378,Unsustained node
40.665295,-73.86367,0.017743958609682038,0.7375581707511508,Dependence
40.665394,-73.92196,0.07391415042737429,0.8359848067882865,Stress / balance
40.665455,-73.94258,0.035487917219364076,0.7960744116098994,Unsustained node
40.665462,-73.95201,0.01370279332502159,0.805221663093955,Unsustained node
40.66556,-73.77079,0.0,0.7440905562233968,Dependence
40.665657,-73.888084,0.06583181985805339,0.8408232840295572,Stress / balance
40.66569,-73.91556,0.06289350386940726,0.869831860583134,Stress / balance
40.665703,-73.90925,0.05885233858474681,0.796626779038421,Stress / balance
40.665943,-73.95809,0.0669346691540677,0.7960802275162808,Stress / balance
40.665962,-73.75796,0.0806374624790893,0.7523907311841769,Unsustained place
40.666172,-73.774574,0.0,0.7656783891575405,Dependence
40.666344,-73.7853,0.01370279332502159,0.7349709879602013,Dependence
40.666462,-73.98591,0.017743958609682038,0.8411463185073216,Unsustained node
40.666504,-73.887794,0.052129026533031794,0.8493007715568959,Stress / balance
40.666542,-73.91091,0.05885233858474681,0.8528334152136775,Stress / balance
40.666767,-73.7543,0.04246739849267065,0.8140370990008281,Stress / balance
40.666782,-73.943306,0.035487917219364076,0.8228002491007282,Unsustained node
40.66682,-73.944084,0.035487917219364076,0.8386333503866836,Unsustained node
40.66682,-73.94429,0.035487917219364076,0.8296966221620564,Unsustained node
40.666843,-73.74512,0.02740558665004318,0.6547662194539066,Dependence
40.666885,-73.789055,0.02740558665004318,0.7547349920030859,Dependence
40.66691,-73.94592,0.035487917219364076,0.825604073002733,Unsustained node
40.667038,-73.77575,0.0,0.7603738771205907,Dependence
40.66705,-73.87755,0.04919071054438567,0.8425935628307595,Stress / balance
40.667072,-73.948654,0.024723439882988613,0.7987815918720167,Unsustained node
40.667084,-73.987236,0.0,0.8419959283492883,Unsustained node
40.667393,-73.814125,0.017743958609682038,0.8393642648068325,Unsustained node
40.66768,-73.91509,0.04919071054438567,0.8378979716740584,Stress / balance
40.66772,-73.94438,0.07795531571203473,0.8273458681332361,Stress / balance
40.667725,-73.851685,0.03144675193470363,0.795169847376839,Unsustained node
40.668224,-73.81868,0.0,0.8673143523191976,Unsustained node
40.668312,-73.72985,0.01370279332502159,0.6549561833287978,Dependence
40.668316,-73.729866,0.01370279332502159,0.6549561833287978,Dependence
40.66834,-73.77094,0.0,0.8387203299668886,Unsustained node
40.668556,-73.84714,0.04110837997506477,0.7475637245097988,Dependence
40.66871,-73.95771,0.06719083837565926,0.8058135505441324,Stress / balance
40.668728,-73.95772,0.06719083837565926,0.8058135505441324,Stress / balance
40.6688,-73.742805,0.0,0.6694163144439755,Dependence
40.66883,-73.907646,0.05885233858474681,0.8173387732741293,Stress / balance
40.668842,-73.91878,0.05885233858474681,0.8253147431106305,Stress / balance
40.668854,-73.994354,0.01370279332502159,0.8202447950877748,Unsustained node
40.6689,-73.92258,0.01370279332502159,0.8066680497513394,Unsustained node
40.668983,-73.78489,0.02740558665004318,0.8230361146761593,Unsustained node
40.669086,-73.979126,0.14483234320402455,0.7953542728396219,Stress / balance
40.669216,-73.86447,0.08764234554215972,0.7575956756115712,Unsustained place
40.66931,-73.8638,0.06989838693247767,0.7527475673473104,Unsustained place
40.669388,-73.90389,0.08357577846773542,0.8183215686649246,Stress / balance
40.6695,-73.9852,0.05323187582904612,0.8255287786174671,Stress / balance
40.669514,-73.88061,0.017743958609682038,0.8314198361704328,Unsustained node
40.669567,-73.75329,0.024723439882988613,0.7249955039833288,Dependence
40.669613,-73.885796,0.01370279332502159,0.8315468854222762,Unsustained node
40.669678,-73.9301,0.07391415042737429,0.8465193741993856,Stress / balance
40.6697,-73.976906,0.14079117791936407,0.7912772234688711,Stress / balance
40.67007,-73.858635,0.08360118025749927,0.7010580763630002,Unsustained place
40.670124,-73.937935,0.017743958609682038,0.8453854749751468,Unsustained node
40.670162,-73.73384,0.06289350386940726,0.7464587870311741,Unsustained place
40.67027,-73.86734,0.017743958609682038,0.7900925914439904,Unsustained node
40.670372,-73.927315,0.0669346691540677,0.8443578676351643,Stress / balance
40.670383,-73.83748,0.05617019181769224,0.7776616403805904,Stress / balance
40.670464,-73.76175,0.0,0.8353179820385034,Unsustained node
40.670506,-73.76623,0.0,0.7524380261241668,Dependence
40.670982,-73.92179,0.03144675193470363,0.7835929514987001,Unsustained node
40.671047,-73.98669,0.07391415042737429,0.8292958342327261,Stress / balance
40.671154,-73.94161,0.07391415042737429,0.7786121477948937,Stress / balance
40.671196,-73.802666,0.0,0.8246062574449637,Unsustained node
40.67151,-73.93138,0.03144675193470363,0.833657956723765,Unsustained node
40.67162,-73.888794,0.0384262332080102,0.8483272011002705,Unsustained node
40.67165,-73.7421,0.017743958609682038,0.6917047057691385,Dependence
40.671818,-73.79707,0.0,0.8438175568822093,Unsustained node
40.671947,-73.779,0.03144675193470363,0.8459249421338146,Unsustained node
40.67215,-73.92707,0.03144675193470363,0.8120993136431365,Unsustained node
40.672184,-73.73165,0.017743958609682038,0.6560589494268786,Dependence
40.672295,-73.992775,0.01370279332502159,0.8138803405655413,Unsustained node
40.672356,-73.883896,0.02740558665004318,0.8363701158254884,Unsustained node
40.672398,-73.82226,0.0,0.7896336534279375,Unsustained node
40.67265,-73.93564,0.03144675193470363,0.7820441065622227,Unsustained node
40.672665,-73.73727,0.06289350386940726,0.7815912905863702,Stress / balance
40.672764,-73.95898,0.11931986490869105,0.7880738917372507,Stress / balance
40.672806,-73.90476,0.01370279332502159,0.839762019714078,Unsustained node
40.672974,-73.77358,0.01370279332502159,0.7485117655578873,Dependence
40.67329,-73.76584,0.05617019181769224,0.7465512764462289,Unsustained place
40.67335,-73.93259,0.03144675193470363,0.7952193082979896,Unsustained node
40.67347,-73.910706,0.04514954525972522,0.7777182132202971,Stress / balance
40.67349,-73.75824,0.03144675193470363,0.7412486580779849,Dependence
40.673615,-73.76142,0.017743958609682038,0.791618172717464,Unsustained node
40.673668,-73.78465,0.03144675193470363,0.8137860301538067,Unsustained node
40.67378,-73.924034,0.028056275077807162,0.8124730337437139,Unsustained node
40.673782,-73.90075,0.06314967309099881,0.8196666244793116,Stress / balance
40.673847,-73.753975,0.03144675193470363,0.7704143766119803,Dependence
40.673885,-73.86439,0.0725551319097684,0.789837275935872,Stress / balance
40.67394,-73.882126,0.0384262332080102,0.8503164523924006,Unsustained node
40.67401,-73.93623,0.04919071054438567,0.7640263417322485,Unsustained place
40.674026,-73.852264,0.04110837997506477,0.8112449287108643,Unsustained node
40.674152,-73.7684,0.04514954525972522,0.7139510853419154,Unsustained place
40.67419,-73.98551,0.0669346691540677,0.7658293526757174,Unsustained place
40.6742,-73.808395,0.03144675193470363,0.8025649515380913,Unsustained node
40.674206,-73.85649,0.04110837997506477,0.7577047434298883,Dependence
40.67431,-73.917336,0.037717903118168306,0.7999546058106951,Unsustained node
40.67432,-73.87038,0.04246739849267065,0.8515689644234704,Stress / balance
40.674366,-73.87608,0.0,0.8448571129988254,Unsustained node
40.67439,-73.746826,0.0,0.6693241046679261,Dependence
40.674454,-73.84562,0.03144675193470363,0.787579601808107,Unsustained node
40.674503,-73.83773,0.0,0.8258859888719077,Unsustained node
40.674664,-73.95912,0.05617019181769224,0.7395026383401729,Unsustained place
40.67478,-73.91169,0.03144675193470363,0.7695725529778072,Dependence
40.67478,-73.911736,0.03144675193470363,0.7684396503952436,Dependence
40.67479,-73.90172,0.08787311297398742,0.7774098303840319,Stress / balance
40.674847,-73.74334,0.017743958609682038,0.7729827021616615,Dependence
40.675022,-73.8881,0.01370279332502159,0.8367722461226127,Unsustained node
40.675056,-73.8055,0.03144675193470363,0.8344984574493868,Unsustained node
40.67512,-73.8555,0.04110837997506477,0.7362764023996439,Dependence
40.67522,-73.93378,0.03144675193470363,0.7537637298723593,Dependence
40.675243,-73.961784,0.0669346691540677,0.8227029776327777,Stress / balance
40.675293,-73.885506,0.07659629719442884,0.8289674760803948,Stress / balance
40.675312,-73.840576,0.017743958609682038,0.8281984259134952,Unsustained node
40.67563,-74.00351,0.0806374624790893,0.7881543565048639,Stress / balance
40.675705,-73.955,0.0384262332080102,0.8089889622659376,Unsustained node
40.675762,-73.9296,0.03144675193470363,0.8142995963349775,Unsustained node
40.675877,-73.94579,0.04919071054438567,0.8193473818085039,Stress / balance
40.675884,-73.86249,0.1383869517678218,0.7866552030320206,Stress / balance
40.675983,-73.84975,0.017743958609682038,0.8010461941209319,Unsustained node
40.67604,-73.97306,0.11234038363538448,0.8332577200572923,Stress / balance
40.67634,-73.97737,0.0669346691540677,0.8541450670212484,Stress / balance
40.676563,-74.01604,0.06289350386940726,0.7845778443010621,Stress / balance
40.676598,-73.96834,0.09165810903705632,0.8259526452671582,Stress / balance
40.67663,-73.77774,0.01370279332502159,0.758559327885147,Dependence
40.676666,-73.762535,0.0384262332080102,0.7770522401009242,Unsustained node
40.676666,-73.94588,0.08761694375239587,0.8168613959426265,Stress / balance
40.67683,-73.86463,0.11098136511777862,0.7952475216539318,Stress / balance
40.676834,-73.760704,0.017743958609682038,0.7700235249823901,Dependence
40.67684,-73.72832,0.0,0.7506694552363014,Dependence
40.677147,-73.74683,0.017743958609682038,0.7015480828496208,Dependence
40.677616,-73.83332,0.08467862776374974,0.7758545875727604,Unsustained place
40.677628,-73.820946,0.03144675193470363,0.847111568494444,Unsustained node
40.677654,-73.89631,0.01370279332502159,0.7927777761387111,Unsustained node
40.67773,-73.95115,0.0384262332080102,0.7991518010633637,Unsustained node
40.677746,-73.9602,0.07097583443872815,0.7864746078590513,Stress / balance
40.677795,-73.82195,0.04919071054438567,0.8349015772106725,Stress / balance
40.677883,-73.86682,0.05617019181769224,0.7998139611309221,Stress / balance
40.677887,-73.93814,0.06648250828581737,0.7562871057980811,Unsustained place
40.67792,-73.87097,0.017743958609682038,0.8199293723327832,Unsustained node
40.67801,-73.97813,0.1161253796984534,0.8400464404707614,Stress / balance
40.67813,-73.994316,0.09569927432171677,0.7823491557996074,Stress / balance
40.678333,-73.81227,0.017743958609682038,0.8633716256806216,Unsustained node
40.67845,-73.97266,0.07391415042737429,0.8359215572036096,Stress / balance
40.67848,-73.9933,0.10940206764673835,0.784719481108221,Stress / balance
40.678654,-74.01629,0.06289350386940726,0.8024423613831382,Stress / balance
40.67869,-73.748245,0.017743958609682038,0.8007279352260007,Unsustained node
40.67869,-73.90311,0.10157590629900902,0.7695666986389371,Unsustained place
40.678783,-73.74412,0.017743958609682038,0.7649638228439803,Dependence
40.678944,-73.81655,0.0,0.8397758067486774,Unsustained node
40.67896,-73.774,0.02740558665004318,0.7171492367380011,Dependence
40.678997,-73.97448,0.11638154892004493,0.8534545839814667,Stress / balance
40.679245,-73.873116,0.03144675193470363,0.7342175295667859,Dependence
40.679325,-73.78434,0.01370279332502159,0.7388712321368804,Dependence
40.679363,-73.7973,0.017743958609682038,0.7900782701196416,Unsustained node
40.679447,-73.94616,0.06979893745729754,0.7574109328644636,Unsustained place
40.67973,-74.01231,0.0669346691540677,0.7936810611859358,Stress / balance
40.67986,-73.86926,0.0,0.7810235965341863,Unsustained node
40.679913,-73.96494,0.04919071054438567,0.8547188533252172,Stress / balance
40.680004,-73.885666,0.05617019181769224,0.7855201666207481,Stress / balance
40.680077,-73.97725,0.09569927432171677,0.8328108941618357,Stress / balance
40.68009,-73.93841,0.06244134300115692,0.7925803494511023,Stress / balance
40.68011,-73.766685,0.03144675193470363,0.7015844554232786,Dependence
40.680233,-74.014404,0.04919071054438567,0.8207652976958815,Stress / balance
40.680298,-73.93031,0.08357577846773542,0.7907049890627775,Stress / balance
40.680424,-73.77148,0.04514954525972522,0.7529004719355137,Unsustained place
40.680527,-73.749535,0.035487917219364076,0.805545282085338,Unsustained node
40.680733,-73.87253,0.01370279332502159,0.8048527372410473,Unsustained node
40.68076,-73.9668,0.15457701469622742,0.828972998647551,Stress / balance
40.6808,-73.8114,0.017743958609682038,0.8743833909312796,Unsustained node
40.68092,-73.91185,0.05617019181769224,0.8255016540248182,Stress / balance
40.680927,-73.95907,0.1024225863734318,0.779813035625064,Stress / balance
40.680965,-73.975716,0.09165810903705632,0.8661294690542352,Stress / balance
40.680984,-73.88365,0.04246739849267065,0.7960023009726358,Stress / balance
40.68103,-73.72755,0.0,0.693602844049877,Dependence
40.68109,-73.95985,0.0669346691540677,0.8059453049614528,Stress / balance
40.68109,-73.978096,0.05323187582904612,0.8423174446786983,Stress / balance
40.681175,-74.000015,0.04919071054438567,0.8029930358943917,Stress / balance
40.681183,-73.76381,0.01370279332502159,0.7797117316655529,Unsustained node
40.681248,-73.94162,0.052129026533031794,0.8067396012552002,Stress / balance
40.68126,-73.96507,0.07391415042737429,0.8326936383465844,Stress / balance
40.681435,-73.85599,0.03144675193470363,0.7785211261031324,Unsustained node
40.681583,-74.002396,0.04919071054438567,0.749762556515586,Unsustained place
40.681705,-73.931244,0.05481117330008636,0.8049886026559551,Stress / balance
40.68187,-73.89162,0.01370279332502159,0.7474034830054344,Dependence
40.681877,-73.93625,0.02740558665004318,0.809014013932887,Unsustained node
40.68194,-73.915985,0.03144675193470363,0.8190341597746817,Unsustained node
40.681953,-73.91586,0.03144675193470363,0.8163142484782873,Unsustained node
40.681957,-73.8221,0.017743958609682038,0.8291925339794846,Unsustained node
40.681988,-73.79858,0.0,0.7999929068258379,Unsustained node
40.68201,-73.97836,0.09569927432171677,0.8397942196414279,Stress / balance
40.682102,-73.94077,0.024723439882988613,0.8218484441664636,Unsustained node
40.682213,-73.81417,0.035487917219364076,0.8288570628148062,Unsustained node
40.68233,-73.95187,0.06021135710235269,0.7409969913481649,Unsustained place
40.682335,-73.95966,0.1024225863734318,0.8420650504804718,Stress / balance
40.68236,-73.828926,0.024723439882988613,0.8543673465125504,Unsustained node
40.682415,-73.951,0.04246739849267065,0.8099732715294915,Stress / balance
40.68243,-73.991844,0.0806374624790893,0.8274828214568379,Stress / balance
40.682655,-73.99451,0.11908909747686333,0.8107374060220162,Stress / balance
40.682766,-73.86623,0.0,0.7666334465690168,Dependence
40.683044,-73.75155,0.05323187582904612,0.8112975459281403,Stress / balance
40.68322,-73.854706,0.06289350386940726,0.8213213235759325,Stress / balance
40.683235,-73.92429,0.03144675193470363,0.8351182828432995,Unsustained node
40.68331,-73.77742,0.0,0.7473995295267701,Dependence
40.68345,-73.78869,0.01370279332502159,0.7767109167649523,Dependence
40.68348,-73.98012,0.145146154087694,0.8278991088985146,Stress / balance
40.683533,-74.006805,0.0,0.7585486120501913,Dependence
40.683598,-73.95897,0.08467862776374974,0.7820208126262456,Stress / balance
40.683704,-73.76704,0.04514954525972522,0.8046537016331139,Stress / balance
40.683712,-73.913765,0.01370279332502159,0.804169845246693,Unsustained node
40.68375,-73.84666,0.08871979304841021,0.8257910211517199,Stress / balance
40.6838,-73.72786,0.04514954525972522,0.7096874421055525,Unsustained place
40.683807,-73.910095,0.06987298514271384,0.8353257336966159,Stress / balance
40.683846,-73.91911,0.04514954525972522,0.7952920501018824,Stress / balance
40.684017,-73.924,0.017743958609682038,0.8448376720582592,Unsustained node
40.684093,-73.929886,0.01370279332502159,0.852991991336835,Unsustained node
40.684166,-73.78886,0.01370279332502159,0.7886788074488436,Unsustained node
40.68427,-74.00262,0.017743958609682038,0.8157858280220462,Unsustained node
40.68494,-73.922485,0.04514954525972522,0.8057489265616691,Stress / balance
40.68496,-73.915825,0.0384262332080102,0.7756829403800253,Dependence
40.68506,-73.92799,0.0,0.8635424109936973,Unsustained node
40.68558,-73.87064,0.04246739849267065,0.8136004459380328,Stress / balance
40.685646,-73.80324,0.0,0.7889127150157231,Unsustained node
40.685715,-73.92884,0.01370279332502159,0.8461693301595661,Unsustained node
40.685722,-73.79069,0.0,0.805506197127874,Unsustained node
40.6858,-73.76731,0.037717903118168306,0.7798181738384368,Unsustained node
40.685837,-73.91776,0.0384262332080102,0.7737402411934926,Dependence
40.685925,-73.88018,0.04514954525972522,0.7835972635160221,Stress / balance
40.685944,-73.82405,0.024723439882988613,0.798957743941655,Unsustained node
40.68599,-73.777855,0.03144675193470363,0.8173367688376514,Unsustained node
40.68602,-74.00222,0.0,0.7830332105438953,Unsustained node
40.68609,-73.98678,0.04919071054438567,0.8276867418012789,Stress / balance
40.686153,-73.96742,0.10536090236207792,0.8109738917189147,Stress / balance
40.68621,-73.92451,0.03144675193470363,0.8308655401127312,Unsustained node
40.686436,-73.752914,0.017743958609682038,0.7947257310479936,Unsustained node
40.686504,-73.87001,0.035487917219364076,0.8306193743906134,Unsustained node
40.686527,-73.92826,0.01370279332502159,0.8556640162369707,Unsustained node
40.68661,-73.80616,0.0,0.7810206108548927,Unsustained node
40.686657,-73.76739,0.037717903118168306,0.7473760321452398,Dependence
40.686665,-73.78027,0.017743958609682038,0.8338231090502569,Unsustained node
40.686733,-73.87405,0.03144675193470363,0.7516321027308822,Dependence
40.68677,-73.87231,0.035487917219364076,0.8021939548595295,Unsustained node
40.686813,-73.7864,0.01370279332502159,0.8099339010531585,Unsustained node
40.687126,-73.86635,0.03144675193470363,0.8054686634001524,Unsustained node
40.687214,-73.86715,0.03144675193470363,0.8093580381232665,Unsustained node
40.687252,-73.97402,0.090555259741042,0.8250943741211183,Stress / balance
40.68732,-73.95398,0.0,0.7729527024323462,Dependence
40.687386,-73.86063,0.01370279332502159,0.7841874266397648,Unsustained node
40.68746,-73.86722,0.03144675193470363,0.8078904445771191,Unsustained node
40.687687,-73.97042,0.05885233858474681,0.825910581911452,Stress / balance
40.687725,-73.83258,0.0,0.8333217432158023,Unsustained node
40.687733,-73.93082,0.0,0.8527693159812018,Unsustained node
40.687767,-73.804306,0.0,0.7850586206385338,Unsustained node
40.68777,-73.77683,0.01370279332502159,0.7938121653783277,Unsustained node
40.687897,-73.923035,0.07391415042737429,0.7803173379407817,Stress / balance
40.68797,-73.99437,0.1024225863734318,0.784099293414027,Stress / balance
40.68808,-73.78907,0.0,0.7933083459340912,Unsustained node
40.68808,-73.92781,0.03144675193470363,0.8528702394272962,Unsustained node
40.688206,-73.98209,0.11638154892004493,0.7869939827050741,Stress / balance
40.688354,-73.925545,0.03144675193470363,0.845173448589325,Unsustained node
40.688473,-73.863075,0.0,0.786218874249135,Unsustained node
40.688553,-73.936745,0.03144675193470363,0.7968722845120477,Unsustained node
40.688564,-73.95634,0.024723439882988613,0.7877660699027125,Unsustained node
40.688602,-73.9777,0.2266799857377455,0.7850646955141238,Stress / balance
40.688606,-73.75527,0.017743958609682038,0.7395449616783101,Dependence
40.68893,-73.85219,0.01370279332502159,0.8100306181216355,Unsustained node
40.689224,-73.94392,0.03144675193470363,0.804062290557139,Unsustained node
40.68945,-73.847466,0.017743958609682038,0.7604704123194594,Dependence
40.68958,-73.94102,0.017743958609682038,0.7989141428390437,Unsustained node
40.68962,-73.917274,0.017743958609682038,0.8381338574634624,Unsustained node
40.69012,-73.91679,0.017743958609682038,0.8348294150175457,Unsustained node
40.690384,-73.789085,0.0,0.7764739747708886,Dependence
40.690598,-73.93848,0.04919071054438567,0.8122966933728315,Stress / balance
40.69062,-73.82921,0.017743958609682038,0.801322779213515,Unsustained node
40.690704,-73.95442,0.04246739849267065,0.745021580972715,Unsustained place
40.69075,-73.937294,0.0669346691540677,0.8178800051850142,Stress / balance
40.690765,-73.97138,0.05885233858474681,0.8215840037266164,Stress / balance
40.69082,-73.93019,0.04514954525972522,0.8190459496143017,Stress / balance
40.69139,-73.97347,0.0725551319097684,0.7467087813746451,Unsustained place
40.691395,-73.938065,0.0669346691540677,0.8108795355884721,Stress / balance
40.69142,-73.9908,0.29811474131748833,0.7938016901362914,Stress / balance
40.69143,-73.78871,0.03144675193470363,0.8047019793211527,Unsustained node
40.691692,-73.728806,0.017743958609682038,0.7748382675965904,Dependence
40.69187,-73.96561,0.01370279332502159,0.7459894291161717,Dependence
40.69199,-73.81108,0.02740558665004318,0.7951550442040776,Unsustained node
40.69217,-73.822334,0.03144675193470363,0.8535658482064774,Unsustained node
40.692184,-73.985756,0.26162528838010457,0.8464183011816744,Stress / balance
40.692257,-73.95757,0.06289350386940726,0.795726126514289,Stress / balance
40.692383,-73.9217,0.01370279332502159,0.8192923982366487,Unsustained node
40.69242,-73.93566,0.0669346691540677,0.7796407891086565,Stress / balance
40.69245,-73.93542,0.0669346691540677,0.7922176372529348,Stress / balance
40.692596,-73.981766,0.1260685787501699,0.7987445867419355,Stress / balance
40.692654,-73.9208,0.04514954525972522,0.8336660358392377,Stress / balance
40.692657,-73.8152,0.017743958609682038,0.8432533881162976,Unsustained node
40.69271,-73.894905,0.0,0.6846288520951845,Dependence
40.692818,-73.915924,0.03144675193470363,0.8100817395582762,Unsustained node
40.692818,-73.94525,0.03144675193470363,0.8125654056681928,Unsustained node
40.692856,-73.78531,0.0,0.7942486216495144,Unsustained node
40.692993,-73.943726,0.04919071054438567,0.7991411984084839,Stress / balance
40.693077,-73.80673,0.04919071054438567,0.7937974673356966,Stress / balance
40.6932,-73.76059,0.017743958609682038,0.7993448783432845,Unsustained node
40.693295,-73.93473,0.1024225863734318,0.7646288803733937,Unsustained place
40.69335,-73.864655,0.0384262332080102,0.7254275507801783,Dependence
40.693447,-73.93327,0.08467862776374974,0.801930853960001,Stress / balance
40.693558,-73.93896,0.0669346691540677,0.7484146747600022,Unsustained place
40.693665,-73.9027,0.024723439882988613,0.7592443982227329,Dependence
40.69388,-73.99371,0.18735551925595856,0.8061420356568783,Stress / balance
40.69398,-73.948326,0.06987298514271384,0.8186789190910375,Stress / balance
40.694096,-73.75241,0.0,0.7943205420648487,Unsustained node
40.69417,-73.8641,0.01370279332502159,0.7352393695281381,Dependence
40.69424,-73.74534,0.0,0.8254339015659813,Unsustained node
40.694263,-73.93265,0.06289350386940726,0.8068205155602652,Stress / balance
40.694374,-73.92546,0.01370279332502159,0.8020609838390529,Unsustained node
40.69438,-73.773384,0.0,0.805069371722567,Unsustained node
40.694386,-73.94482,0.03144675193470363,0.8140787461184923,Unsustained node
40.694416,-73.95107,0.07391415042737429,0.7783997637375762,Stress / balance
40.694515,-73.95008,0.08761694375239587,0.8202749457848819,Stress / balance
40.694542,-73.93691,0.04919071054438567,0.732684989235668,Unsustained place
40.69485,-73.74664,0.0,0.8162747964553759,Unsustained node
40.694874,-73.91678,0.02740558665004318,0.8525582619862528,Unsustained node
40.69505,-73.94556,0.04514954525972522,0.7850057408970973,Stress / balance
40.695087,-73.88534,0.0,0.7015834896984231,Dependence
40.695133,-73.7784,0.024015109793146715,0.8042375184738527,Unsustained node
40.695217,-73.771866,0.0,0.8429710507472052,Unsustained node
40.695515,-73.99574,0.0384262332080102,0.7870171967691585,Unsustained node
40.69555,-73.922,0.0,0.8128227283178366,Unsustained node
40.695644,-73.95541,0.01370279332502159,0.8418809438919468,Unsustained node
40.69574,-73.97511,0.07659629719442884,0.7782533825451887,Stress / balance
40.695774,-73.784996,0.02740558665004318,0.8324036707383595,Unsustained node
40.695793,-73.92116,0.01370279332502159,0.81052090328413,Unsustained node
40.695854,-73.90139,0.024723439882988613,0.7593062710986535,Dependence
40.69602,-73.8946,0.03144675193470363,0.8030001113487341,Unsustained node
40.696056,-73.77035,0.0,0.8094956941397372,Unsustained node
40.696068,-73.95367,0.01370279332502159,0.8178087857655371,Unsustained node
40.69612,-73.99267,0.13231432814387076,0.7980442956158893,Stress / balance
40.69614,-73.929085,0.0384262332080102,0.8004960254080608,Unsustained node
40.696278,-73.80868,0.017743958609682038,0.8323498706030448,Unsustained node
40.696323,-73.975784,0.06289350386940726,0.7565765430920606,Unsustained place
40.696396,-73.88801,0.0,0.690840465624458,Dependence
40.6964,-73.74808,0.07097583443872815,0.8167048247302285,Stress / balance
40.6964,-73.904236,0.024723439882988613,0.7522854096547419,Dependence
40.69653,-73.73841,0.03144675193470363,0.6604859905796773,Dependence
40.696575,-73.90406,0.024723439882988613,0.7443728347020225,Dependence
40.69674,-73.76292,0.0,0.8170517307260731,Unsustained node
40.696854,-73.92186,0.024723439882988613,0.8268548805925019,Unsustained node
40.696888,-73.73314,0.0,0.7467766722883578,Dependence
40.696926,-73.99327,0.09388809493586055,0.7519010665748888,Unsustained place
40.696964,-73.91006,0.08467862776374974,0.8100979683155969,Stress / balance
40.69707,-73.95418,0.01370279332502159,0.8055790221946922,Unsustained node
40.69708,-73.94087,0.051420696443189896,0.6920453687801545,Unsustained place
40.697124,-73.89559,0.03144675193470363,0.7315853644386123,Dependence
40.697205,-73.827194,0.0,0.780026900912437,Unsustained node
40.697315,-73.90559,0.024723439882988613,0.7527219146117763,Dependence
40.697433,-73.75354,0.017743958609682038,0.815989211689041,Unsustained node
40.69768,-73.73577,0.0,0.7060079562804251,Dependence
40.69816,-73.93528,0.08357577846773542,0.8164921087446635,Stress / balance
40.69825,-73.8464,0.04919071054438567,0.7925690379764823,Stress / balance
40.69829,-73.95411,0.06289350386940726,0.7994326316508069,Stress / balance
40.69853,-73.93606,0.08357577846773542,0.8048815942594492,Stress / balance
40.698616,-73.77664,0.0,0.8187435259835285,Unsustained node
40.69862,-73.89456,0.03144675193470363,0.698618857643106,Dependence
40.69879,-73.94563,0.08286744837789353,0.7883096710543767,Stress / balance
40.699238,-73.74354,0.12016654498311383,0.821445493485216,Stress / balance
40.699306,-73.74871,0.08871979304841021,0.8225449027681113,Stress / balance
40.699352,-73.788025,0.01370279332502159,0.7690445696530717,Dependence
40.699417,-73.73486,0.0,0.679831428463433,Dependence
40.70007,-73.78649,0.02740558665004318,0.7804928074965973,Unsustained node
40.70008,-73.89839,0.01370279332502159,0.8153324008445882,Unsustained node
40.70016,-73.750755,0.017743958609682038,0.8534954807827904,Unsustained node
40.70039,-73.93294,0.01370279332502159,0.7748133115065855,Dependence
40.70069,-73.99146,0.16983370370252543,0.752145896572578,Unsustained place
40.70201,-73.758575,0.03144675193470363,0.7874202928472691,Unsustained node
40.70203,-73.782036,0.04514954525972522,0.8235684764410196,Stress / balance
40.70238,-73.952065,0.14646928233714268,0.8257562755477875,Stress / balance
40.70294,-73.95568,0.12016654498311383,0.8133176297557805,Stress / balance
40.70399,-73.93965,0.035487917219364076,0.7770063557777867,Unsustained node
40.70439,-73.898964,0.0,0.7967307756938848,Unsustained node
40.70516,-73.895226,0.06021135710235269,0.845557222363272,Stress / balance
40.70522,-73.95279,0.1655722594644306,0.831508092799694,Stress / balance
40.70541,-74.01369,0.25899178750870244,0.7449523486258832,Unsustained place
40.70569,-74.01146,0.363249840574766,0.7493926615793962,Unsustained place
40.70583,-73.86102,0.017743958609682038,0.8323620319925518,Unsustained node
40.7059,-73.86109,0.017743958609682038,0.8341775373512554,Unsustained node
40.70663,-73.89911,0.0,0.7685497968670899,Dependence
40.70684,-73.935036,0.12202741346550947,0.7828963578338001,Stress / balance
40.70686,-73.82692,0.02740558665004318,0.7828206630380852,Unsustained node
40.70713,-73.87742,0.03144675193470363,0.7341267552684411,Dependence
40.70715,-73.91633,0.07097583443872815,0.81604352863567,Stress / balance
40.70733,-73.90242,0.035487917219364076,0.8244667423674167,Unsustained node
40.70741,-73.78102,0.01370279332502159,0.7781775433017366,Unsustained node
40.70753,-73.75722,0.017743958609682038,0.7778676202105864,Unsustained node
40.70755,-73.83084,0.1260685787501699,0.825541178727528,Stress / balance
40.70788,-73.743225,0.0,0.7627481008075752,Dependence
40.70798,-73.862114,0.017743958609682038,0.7729195083763912,Dependence
40.70802,-73.7423,0.01370279332502159,0.8010312518995946,Unsustained node
40.70815,-73.929756,0.024723439882988613,0.7923280644894511,Unsustained node
40.70836,-73.895226,0.024723439882988613,0.8050448244306763,Unsustained node
40.7084,-73.85137,0.01370279332502159,0.7689736383306907,Dependence
40.70842,-73.74969,0.03144675193470363,0.7614842519240561,Dependence
40.70842,-73.90099,0.0,0.8173272064931257,Unsustained node
40.70904,-73.863235,0.0,0.7748360136478769,Dependence
40.70928,-73.914154,0.04919071054438567,0.7829843727820163,Stress / balance
40.70941,-73.95849,0.23162435827591835,0.79216951883734,Stress / balance
40.7097,-73.968506,0.02740558665004318,0.7739578112880137,Dependence
40.70979,-73.96637,0.05885233858474681,0.8106820071303893,Stress / balance
40.70981,-74.01379,0.181110519482084,0.7666297138061443,Unsustained place
40.70989,-73.80621,0.035487917219364076,0.7358944710428189,Dependence
40.70989,-73.90115,0.0,0.7450194937544821,Dependence
40.7105,-74.0031,0.1978899787803326,0.7195804403841505,Unsustained place
40.712,-73.96324,0.19300324790423762,0.8096030808229892,Stress / balance
40.7126,-73.7927,0.06021135710235269,0.804571990016369,Stress / balance
40.71263,-73.88037,0.0,0.7910343260250599,Unsustained node
40.71277,-73.87547,0.01370279332502159,0.7913465064430094,Unsustained node
40.71281,-73.81327,0.04919071054438567,0.7565748099229017,Unsustained place
40.71288,-73.76121,0.04514954525972522,0.7451803230993843,Unsustained place
40.71309,-73.99362,0.22198813202532103,0.8243326378553353,Stress / balance
40.71337,-73.76938,0.017743958609682038,0.7778566077142844,Unsustained node
40.71345,-73.851715,0.017743958609682038,0.8322863927680114,Unsustained node
40.71352,-73.814865,0.0,0.767352014903672,Dependence
40.71359,-73.95692,0.22309098132133537,0.8274332136462899,Stress / balance
40.71373,-73.985985,0.1457609522473008,0.8226094354977987,Stress / balance
40.71378,-73.93627,0.04919071054438567,0.8133305980505383,Stress / balance
40.7139,-73.92203,0.0,0.7037277681274975,Dependence
40.71421,-73.794205,0.0,0.8015395067745066,Unsustained node
40.71452,-73.95388,0.1327664890121211,0.7966194069687212,Stress / balance
40.71495,-73.758224,0.01370279332502159,0.845452121003486,Unsustained node
40.7152,-73.93937,0.03144675193470363,0.8060201071148522,Unsustained node
40.71521,-73.7584,0.01370279332502159,0.8518584706669367,Unsustained node
40.7158,-73.91044,0.0,0.751368695135037,Dependence
40.71602,-73.78814,0.04919071054438567,0.711648940663528,Unsustained place
40.71617,-73.882385,0.03144675193470363,0.822963999156288,Unsustained node
40.71617,-73.923965,0.0,0.6291866559647197,Dependence
40.71623,-73.949066,0.09727857179275701,0.8277578983302476,Stress / balance
40.71625,-73.83733,0.09323740650809657,0.7541013066256417,Unsustained place
40.71626,-73.944664,0.06021135710235269,0.8436469223329984,Stress / balance
40.71652,-73.79495,0.0669346691540677,0.8308535390143923,Stress / balance
40.71711,-73.96258,0.13279189080188492,0.8323539870204298,Stress / balance
40.71736,-73.732414,0.0,0.6984635840277423,Dependence
40.71744,-73.96157,0.13279189080188492,0.8290598372282987,Stress / balance
40.71752,-73.79543,0.0669346691540677,0.8133286687048785,Stress / balance
40.71758,-73.811775,0.0,0.7151152248084063,Dependence
40.71794,-73.78271,0.017743958609682038,0.6554199036023461,Dependence
40.71809,-73.79581,0.0669346691540677,0.7315592273654787,Unsustained place
40.71815,-73.943985,0.04919071054438567,0.819826216046057,Stress / balance
40.71825,-73.905075,0.03144675193470363,0.7425625580415611,Dependence
40.71842,-73.9157,0.0,0.7140213252030259,Dependence
40.71859,-73.91317,0.0,0.75496338026339,Dependence
40.71877,-73.776375,0.017743958609682038,0.6628120165909264,Dependence
40.71896,-74.01172,0.09591955327515113,0.728339879669199,Unsustained place
40.71902,-73.94248,0.04919071054438567,0.8089394592886912,Stress / balance
40.71925,-73.88013,0.01370279332502159,0.751728534826258,Dependence
40.71934,-73.78838,0.01370279332502159,0.6123887859893746,Dependence
40.71948,-73.96265,0.04110837997506477,0.8181122015338673,Unsustained node
40.71971,-73.908264,0.0,0.7095291423200232,Dependence
40.72082,-73.892265,0.0,0.7539349729271042,Dependence
40.72108,-73.86744,0.03144675193470363,0.7952343783415268,Unsustained node
40.72138,-73.88185,0.01370279332502159,0.7496450341041907,Dependence
40.72138,-73.94796,0.0725551319097684,0.7964794481382738,Stress / balance
40.72144,-73.76601,0.0,0.6003481398204881,Dependence
40.7215,-73.81083,0.0,0.8288902213677865,Unsustained node
40.72184,-73.93711,0.02740558665004318,0.8324928901668512,Unsustained node
40.72204,-73.7621,0.0,0.709782942381154,Dependence
40.72249,-73.98976,0.11098136511777862,0.7976804063619874,Stress / balance
40.72264,-73.82658,0.02740558665004318,0.6889997854805289,Dependence
40.72278,-74.00189,0.05481117330008636,0.8152289630788052,Stress / balance
40.72282,-73.89498,0.04110837997506477,0.7825699062421863,Unsustained node
40.72295,-73.888596,0.017743958609682038,0.7627679843253731,Dependence
40.72313,-73.98813,0.2123265039849599,0.7903103328886775,Stress / balance
40.72321,-73.74008,0.0,0.6482203467999634,Dependence
40.72358,-73.82323,0.09730397358252085,0.7402078207574201,Unsustained place
40.72395,-73.812874,0.017743958609682038,0.7255963121207907,Dependence
40.72397,-73.98603,0.10400188384447204,0.8044496621676787,Stress / balance
40.72402,-73.763535,0.02740558665004318,0.710584569777181,Dependence
40.72414,-73.99902,0.1577714999064651,0.8109554749210668,Stress / balance
40.72416,-73.95303,0.10536090236207792,0.80008155188051,Stress / balance
40.72456,-73.93243,0.01370279332502159,0.7551328454681834,Dependence
40.72476,-73.75523,0.01370279332502159,0.7659976960005203,Dependence
40.72494,-73.81729,0.04103433228964848,0.8167635144944878,Unsustained node
40.72507,-73.84512,0.03144675193470363,0.8229487641643425,Unsustained node
40.7251,-73.919785,0.0,0.6455861784166904,Dependence
40.72524,-73.981636,0.04919071054438567,0.7845276387771011,Stress / balance
40.72574,-73.87571,0.0,0.7604349366378179,Dependence
40.72613,-73.77765,0.01370279332502159,0.6521141988050041,Dependence
40.72615,-73.93888,0.01370279332502159,0.8071824304556787,Unsustained node
40.72653,-73.8104,0.04919071054438567,0.8425951721291846,Stress / balance
40.72685,-73.99102,0.21478650769576557,0.803878445261549,Stress / balance
40.72702,-73.924545,0.0,0.6039391086969731,Dependence
40.72714,-73.950676,0.06989838693247767,0.8218780506536661,Stress / balance
40.72719,-73.81171,0.0,0.8091952385255201,Unsustained node
40.72771,-73.97807,0.10400188384447204,0.8241889633470298,Stress / balance
40.72784,-73.947136,0.0,0.8257139973692851,Unsustained node
40.72805,-73.9827,0.0943402558041109,0.8080607009022085,Stress / balance
40.72809,-73.78066,0.0,0.6311005928496035,Dependence
40.72813,-73.80206,0.017743958609682038,0.684901219181646,Dependence
40.72877,-73.99837,0.07659629719442884,0.8112465522350868,Stress / balance
40.7291,-74.0002,0.2916049479464433,0.8286542989538156,Stress / balance
40.72922,-73.88085,0.01370279332502159,0.7622734541899612,Dependence
40.72941,-73.98958,0.3914769990905288,0.8123143816994737,Stress / balance
40.73014,-73.872925,0.01370279332502159,0.7266993498792376,Dependence
40.73079,-73.823524,0.0,0.7753282282625136,Dependence
40.7308,-73.71963,0.06289350386940726,0.8217752455295256,Stress / balance
40.73114,-73.70894,0.0,0.6461083835274365,Dependence
40.73132,-73.881996,0.04514954525972522,0.7746673170065775,Unsustained place
40.7323,-73.82237,0.0,0.7115159768287544,Dependence
40.73245,-74.00987,0.052129026533031794,0.8032613160039681,Stress / balance
40.73259,-73.98962,0.3877192689200383,0.816898338495511,Stress / balance
40.73272,-74.00462,0.19998272917754423,0.8140746773634271,Stress / balance
40.73283,-73.79291,0.11504793219220288,0.6714456156530536,Unsustained place
40.73289,-73.72114,0.04514954525972522,0.6788335647369582,Unsustained place
40.7331,-73.7087,0.017743958609682038,0.6541096701302289,Dependence
40.73428,-73.779526,0.02740558665004318,0.6962979952907382,Dependence
40.73445,-73.907776,0.0,0.7058741218287147,Dependence
40.7353,-73.852165,0.06289350386940726,0.834795351857913,Stress / balance
40.73548,-73.951546,0.03144675193470363,0.7281207692585238,Dependence
40.73554,-74.00335,0.15836089627630806,0.8198542567465715,Stress / balance
40.73561,-73.866745,0.02740558665004318,0.8047683545352494,Unsustained node
40.73568,-73.90471,0.0,0.7313240035278383,Dependence
40.73612,-73.74683,0.04110837997506477,0.7184336259643938,Dependence
40.73613,-73.75555,0.12174584245415408,0.6814444242606655,Unsustained place
40.73635,-73.9755,0.10680851048562395,0.7329355722684612,Unsustained place
40.73643,-73.87725,0.05617019181769224,0.7782412698795589,Stress / balance
40.73661,-74.005325,0.10962234660017273,0.8325776246349855,Stress / balance
40.7372,-73.88252,0.017743958609682038,0.7611690361156034,Dependence
40.73806,-73.95475,0.03144675193470363,0.7973836581327265,Unsustained node
40.7384,-73.71759,0.0,0.7175949391743932,Dependence
40.7392,-73.7529,0.04514954525972522,0.691223782216457,Unsustained place
40.73964,-73.78914,0.02740558665004318,0.7510755108629641,Dependence
40.74034,-73.82499,0.03144675193470363,0.7812436435487794,Unsustained node
40.74072,-73.701675,0.0,0.6359556658283073,Dependence
40.74129,-73.86168,0.04919071054438567,0.7727840701125741,Unsustained place
40.74135,-73.89189,0.017743958609682038,0.8282858212064352,Unsustained node
40.74141,-73.95495,0.08089363170068084,0.7545716858003864,Unsustained place
40.742,-73.714935,0.01370279332502159,0.7514241303655906,Dependence
40.7432,-73.71935,0.02740558665004318,0.6882568547719838,Dependence
40.74366,-73.87334,0.0,0.8034927769737722,Unsustained node
40.74399,-74.00482,0.0943402558041109,0.7627073815243646,Unsustained place
40.74448,-73.90213,0.06314967309099881,0.7491621561592412,Unsustained place
40.74455,-73.703094,0.0,0.6303975068465912,Dependence
40.74458,-73.77327,0.03144675193470363,0.5323041736238383,Dependence
40.74459,-73.75874,0.03144675193470363,0.6778586085928106,Dependence
40.74492,-73.883644,0.051420696443189896,0.7940198515991038,Stress / balance
40.74493,-73.9015,0.06314967309099881,0.7693974212756199,Unsustained place
40.74497,-73.99568,0.2345499186370692,0.7993240007402443,Stress / balance
40.74499,-73.764336,0.04514954525972522,0.6963478496876071,Unsustained place
40.74525,-73.70932,0.01370279332502159,0.6539923940207991,Dependence
40.74539,-73.87932,0.017743958609682038,0.8314713321297089,Unsustained node
40.74546,-73.71804,0.04110837997506477,0.7132566260319552,Dependence
40.74546,-73.99686,0.24802194453026308,0.7882165432452383,Stress / balance
40.7459,-73.794525,0.01370279332502159,0.7317439194247833,Dependence
40.74654,-73.87459,0.0384262332080102,0.8395316909562852,Unsustained node
40.74681,-73.87341,0.0,0.8092954529084659,Unsustained node
40.74685,-73.7693,0.04514954525972522,0.7917189527219617,Stress / balance
40.74693,-73.992615,0.10124568939200115,0.8022220420013433,Stress / balance
40.74757,-73.83481,0.01370279332502159,0.7772108976070511,Unsustained node
40.74759,-73.89749,0.10425805306606359,0.7996907539694416,Stress / balance
40.74822,-73.70446,0.01370279332502159,0.6533166362850352,Dependence
40.74827,-73.73172,0.07248108422435211,0.5608529942729659,Unsustained place
40.7483,-73.972595,0.1102730350279367,0.790213780477907,Stress / balance
40.74872,-73.97166,0.11431420031259716,0.7820234813798235,Stress / balance
40.74878,-73.79897,0.0,0.7254137915335506,Dependence
40.74903,-73.8154,0.02740558665004318,0.7578705667168772,Dependence
40.74953,-73.955154,0.05617019181769224,0.5756611522078159,Unsustained place
40.74954,-73.918396,0.17813631322528067,0.7245996195520376,Unsustained place
40.75005,-73.80634,0.01370279332502159,0.7045136401385935,Dependence
40.75055,-73.80346,0.01370279332502159,0.7910935897759871,Unsustained node
40.75091,-73.78742,0.0,0.7278542910743625,Dependence
40.75105,-73.974266,0.16446941016841626,0.7753306612150324,Unsustained place
40.75117,-74.00273,0.07659629719442884,0.7455777406654599,Unsustained place
40.7512,-73.90829,0.0384262332080102,0.7803506751984741,Unsustained node
40.75173,-73.73684,0.01370279332502159,0.6034305140822149,Dependence
40.75204,-73.99904,0.05481117330008636,0.7448535132303598,Unsustained place
40.75232,-73.73935,0.01370279332502159,0.602291054071419,Dependence
40.75286,-73.81731,0.028056275077807162,0.8168393011117662,Unsustained node
40.75404,-73.77595,0.0,0.6169929694090569,Dependence
40.7547,-73.812454,0.017743958609682038,0.7838044321063504,Unsustained node
40.75514,-74.00635,0.04110837997506477,0.7414727424409712,Dependence
40.75621,-73.75007,0.02740558665004318,0.6840325037546048,Dependence
40.75644,-73.73891,0.01370279332502159,0.6475046813313367,Dependence
40.75689,-73.76362,0.02740558665004318,0.7317746874235689,Dependence
40.75799,-73.82861,0.09459642502570244,0.7654579710731824,Unsustained place
40.7581,-73.90743,0.04919071054438567,0.7202263912886387,Unsustained place
40.75863,-73.78057,0.024015109793146715,0.764199201798646,Dependence
40.75883,-73.72013,0.01370279332502159,0.6831486640683414,Dependence
40.75896,-73.97624,0.09727857179275701,0.8407219012924779,Stress / balance
40.75933,-73.96132,0.09323740650809657,0.8201694171527845,Stress / balance
40.75939,-73.94103,0.06289350386940726,0.8607406285230692,Stress / balance
40.75988,-73.98238,0.08787311297398742,0.8304336394031921,Stress / balance
40.76052,-73.86908,0.03144675193470363,0.8337124167622698,Unsustained node
40.76076,-73.77256,0.0,0.770509315424957,Dependence
40.76161,-73.96282,0.13573020679053105,0.7792201189141417,Stress / balance
40.76183,-73.98504,0.10561707158366945,0.817946102566485,Stress / balance
40.76203,-73.809425,0.06289350386940726,0.7660867140929122,Unsustained place
40.76275,-73.90485,0.0,0.7336680881924422,Dependence
40.76285,-73.98743,0.1271460262564204,0.7818074706545592,Stress / balance
40.76306,-73.92342,0.024723439882988613,0.8137365175974943,Unsustained node
40.7632,-73.91555,0.03144675193470363,0.8194281546571839,Unsustained node
40.76322,-73.77481,0.024723439882988613,0.7370700193213694,Dependence
40.76332,-73.71993,0.01370279332502159,0.7038227600125219,Dependence
40.76332,-73.77385,0.024723439882988613,0.6783957620294927,Dependence
40.76455,-73.78462,0.0,0.698586013173538,Dependence
40.76554,-73.92472,0.05950302701251079,0.831075865361524,Stress / balance
40.76672,-73.951195,0.05207138487095388,0.6343944070721351,Unsustained place
40.76686,-73.95592,0.05905086614426045,0.7961706579649309,Stress / balance
40.76738,-73.80211,0.0,0.7326638598817944,Dependence
40.76879,-73.81355,0.01370279332502159,0.8290993123890733,Unsustained node
40.76927,-73.91364,0.01370279332502159,0.7943116958891309,Unsustained node
40.76944,-73.90357,0.017743958609682038,0.7425534166492421,Dependence
40.76989,-73.89176,0.09029909051945044,0.8214996287308913,Stress / balance
40.77008,-73.73984,0.09029909051945044,0.6582142802516046,Unsustained place
40.77072,-73.95297,0.05950302701251079,0.8245761570188681,Stress / balance
40.77073,-73.959915,0.11487443503160646,0.8268066770226868,Stress / balance
40.77075,-73.83316,0.06989838693247767,0.7554262654000119,Unsustained place
40.77081,-73.890045,0.0,0.8083859761505378,Unsustained node
40.77122,-73.98179,0.20828533870029947,0.7808107008318432,Stress / balance
40.77137,-73.95339,0.0458002336874892,0.8118553159059282,Stress / balance
40.77168,-73.79134,0.0,0.7396798016611323,Dependence
40.77277,-73.804184,0.01370279332502159,0.7793784780173256,Unsustained node
40.77355,-73.905205,0.04919071054438567,0.8247077807319213,Stress / balance
40.77464,-73.809654,0.03144675193470363,0.7823162272821371,Unsustained node
40.77495,-73.81359,0.05481117330008636,0.8477736089774119,Stress / balance
40.77526,-73.81758,0.09996071855981159,0.806422257300205,Stress / balance
40.77588,-73.97731,0.05617019181769224,0.774080525879634,Unsustained place
40.77618,-73.96178,0.09499094423187487,0.8248237499568613,Stress / balance
40.77621,-73.934814,0.01370279332502159,0.7493425571377886,Dependence
40.77661,-73.9101,0.06021135710235269,0.7971630802826358,Stress / balance
40.77716,-73.94794,0.05323187582904612,0.8430500094717842,Stress / balance
40.77875,-73.9861,0.10804304912913248,0.8039445896246691,Stress / balance
40.77913,-73.952614,0.1604536466735197,0.8199169350410611,Stress / balance
40.77992,-73.82419,0.01370279332502159,0.7592319285761877,Dependence
40.78012,-73.91153,0.017743958609682038,0.7967668990428137,Unsustained node
40.78015,-73.98534,0.0943402558041109,0.8356122950923653,Stress / balance
40.78085,-73.84508,0.03144675193470363,0.819913954008131,Unsustained node
40.78267,-73.97722,0.10536090236207792,0.8068836954290183,Stress / balance
40.78339,-73.918045,0.04514954525972522,0.8016730474268153,Stress / balance
40.78412,-73.77657,0.04919071054438567,0.7548614094374035,Unsustained place
40.78478,-73.950485,0.15051044762180313,0.7875245842493511,Stress / balance
40.7854,-73.84562,0.06289350386940726,0.7723082611745072,Unsustained place
40.78546,-73.97775,0.15816601911263753,0.8210955342275709,Stress / balance
40.78564,-73.915665,0.01370279332502159,0.7033034266114249,Dependence
40.78663,-73.8273,0.017743958609682038,0.7980321336242218,Unsustained node
40.78747,-73.7912,0.01370279332502159,0.7200396773352877,Dependence
40.78776,-73.97314,0.11208421441379293,0.7985201755017429,Stress / balance
40.78864,-73.80585,0.0,0.7823013821790334,Unsustained node
40.78987,-73.81385,0.035487917219364076,0.8148337493823326,Unsustained node
40.7899,-73.94865,0.10759088826088214,0.7714075902770696,Unsustained place
40.79274,-73.821014,0.0,0.7443277551932622,Dependence
40.79328,-73.801544,0.0,0.8144275482381955,Unsustained node
40.79597,-73.9472,0.11906369568709951,0.7939026391895443,Stress / balance
40.79672,-73.94888,0.11208421441379293,0.7597310538169516,Unsustained place
40.80045,-73.95085,0.16153109417977016,0.7977511655921068,Stress / balance
40.8007,-73.9487,0.09165810903705632,0.7739891861001104,Unsustained place
40.80202,-73.91211,0.0,0.7072726783771603,Dependence
40.80536,-73.885994,0.01370279332502159,0.6822059561140021,Dependence
40.80584,-73.96176,0.13095530962626487,0.7786941627694217,Stress / balance
40.80617,-73.93769,0.24216855665885945,0.7947039908765561,Stress / balance
40.8063,-73.92829,0.09029909051945044,0.7642487737556474,Unsustained place
40.80794,-73.91217,0.04514954525972522,0.6619683860927504,Unsustained place
40.80861,-73.965294,0.11098136511777862,0.7821863217980959,Stress / balance
40.81002,-73.91347,0.02740558665004318,0.7200096176136974,Dependence
40.81088,-73.930855,0.01370279332502159,0.727156083005835,Dependence
40.81107,-73.85866,0.04110837997506477,0.7710788395786734,Dependence
40.81233,-73.8618,0.01370279332502159,0.8188406486109403,Unsustained node
40.81333,-73.90167,0.08357577846773542,0.6473187917901434,Unsustained place
40.81341,-73.85513,0.08467862776374974,0.775326754475921,Unsustained place
40.8135,-73.91535,0.04103433228964848,0.6746896868569501,Dependence
40.81438,-73.8565,0.09838142108877133,0.8334785522391167,Stress / balance
40.81526,-73.81522,0.0,0.7226352880907714,Dependence
40.81538,-73.811676,0.01370279332502159,0.6866282221212656,Dependence
40.81639,-73.89746,0.10131973707741745,0.6987557787995133,Unsustained place
40.81656,-73.90172,0.07659629719442884,0.6573388696756648,Unsustained place
40.81679,-73.903885,0.129828173023475,0.6684827205239293,Unsustained place
40.81715,-73.865845,0.01370279332502159,0.7327551823874181,Dependence
40.81718,-73.845505,0.0,0.735886870697367,Dependence
40.81779,-73.94367,0.035487917219364076,0.8224976008743767,Unsustained node
40.81795,-73.95407,0.0806374624790893,0.7658538569762952,Unsustained place
40.81807,-73.9543,0.06289350386940726,0.7527612225689986,Unsustained place
40.81817,-73.91365,0.0806374624790893,0.6595087865058258,Unsustained place
40.81821,-73.92956,0.06719083837565926,0.7248811766977733,Unsustained place
40.81838,-73.94699,0.12310486097175995,0.8394229188958375,Stress / balance
40.8194,-73.821266,0.01370279332502159,0.6889887578115641,Dependence
40.82025,-73.916245,0.06289350386940726,0.594363520117156,Unsustained place
40.8206,-73.94067,0.0806374624790893,0.8176800401294632,Stress / balance
40.82168,-73.83641,0.0,0.624405332742614,Dependence
40.82242,-73.95078,0.10804304912913248,0.8360470644640151,Stress / balance
40.82258,-73.9417,0.11502253040243905,0.854426884452682,Stress / balance
40.82264,-73.87682,0.05323187582904612,0.7308319551807225,Unsustained place
40.82295,-73.828316,0.01370279332502159,0.6337219286156194,Dependence
40.82363,-73.91679,0.08761694375239587,0.6374497039825171,Unsustained place
40.82402,-73.92604,0.04514954525972522,0.6924539154933778,Unsustained place
40.82442,-73.94571,0.12310486097175995,0.8456906738836167,Stress / balance
40.82469,-73.86086,0.03144675193470363,0.7949256191103716,Unsustained node
40.8252,-73.81851,0.10646375165809224,0.6542936910568476,Unsustained place
40.82554,-73.87465,0.06289350386940726,0.778345513864075,Stress / balance
40.82586,-73.89881,0.0943402558041109,0.6578128103066258,Unsustained place
40.82607,-73.88917,0.10694019983311816,0.6826997111612796,Unsustained place
40.82608,-73.90463,0.12578700773881452,0.6559193067791128,Unsustained place
40.82634,-73.88247,0.04514954525972522,0.8202763375111538,Stress / balance
40.828,-73.94361,0.07659629719442884,0.8751893734630809,Stress / balance
40.82806,-73.90807,0.05885233858474681,0.6520704650503264,Unsustained place
40.82831,-73.82879,0.0669346691540677,0.6789171797138734,Unsustained place
40.82871,-73.81654,0.07097583443872815,0.6777380670041175,Unsustained place
40.82874,-73.85262,0.0669346691540677,0.755398150504324,Unsustained place
40.82925,-73.94153,0.08357577846773542,0.8482599150609054,Stress / balance
40.82987,-73.89546,0.05323187582904612,0.6982677862862936,Unsustained place
40.83036,-73.81573,0.0,0.6495132457912824,Dependence
40.83047,-73.90972,0.04514954525972522,0.59271546913716,Unsustained place
40.83089,-73.92936,0.01370279332502159,0.7022825241950257,Dependence
40.83149,-73.85985,0.052129026533031794,0.7535766364847666,Unsustained place
40.83207,-73.872925,0.01370279332502159,0.782969074586032,Unsustained node
40.83223,-73.875244,0.02740558665004318,0.7498467482818544,Dependence
40.83242,-73.879135,0.1338693383081354,0.7714703597527846,Unsustained place
40.83438,-73.85388,0.09727857179275701,0.7438238285226054,Unsustained place
40.83451,-73.84039,0.0,0.7618836982670263,Dependence
40.83495,-73.861946,0.06583181985805339,0.8036490173172828,Stress / balance
40.83605,-73.82108,0.0,0.7010655098510395,Dependence
40.83623,-73.8229,0.04514954525972522,0.6524248145157913,Unsustained place
40.83625,-73.82022,0.0,0.7592459522532407,Dependence
40.83669,-73.869095,0.04514954525972522,0.8060300423189386,Stress / balance
40.83691,-73.83291,0.024015109793146715,0.8293369269693708,Unsustained node
40.83706,-73.82586,0.04514954525972522,0.7941100368072405,Stress / balance
40.83796,-73.870895,0.05885233858474681,0.7578529373465747,Unsustained place
40.8383,-73.84219,0.04246739849267065,0.6598880401134494,Unsustained place
40.83865,-73.848976,0.052779714960795775,0.6093665227308198,Unsustained place
40.83961,-73.86538,0.0,0.7898372954539322,Unsustained node
40.83998,-73.869965,0.04514954525972522,0.7379264943312571,Unsustained place
40.84007,-73.83526,0.055461861727850344,0.7985357987195978,Stress / balance
40.84014,-73.834236,0.037717903118168306,0.835742947625701,Unsustained node
40.84023,-73.844826,0.05617019181769224,0.7147349298024723,Unsustained place
40.8427,-73.91479,0.06583181985805339,0.6130483093425769,Unsustained place
40.84346,-73.86643,0.03144675193470363,0.660084079286132,Dependence
40.84381,-73.82038,0.0,0.709400571701824,Dependence
40.84507,-73.857216,0.0,0.558346908725063,Dependence
40.84548,-73.88962,0.08467862776374974,0.83313073970989,Stress / balance
40.84579,-73.84532,0.020624632936250248,0.7087204634704541,Dependence
40.84592,-73.88823,0.09838142108877133,0.8169860749669775,Stress / balance
40.84624,-73.82068,0.01370279332502159,0.6727949150293825,Dependence
40.84659,-73.827736,0.04919071054438567,0.7910952260530508,Stress / balance
40.84676,-73.89245,0.01370279332502159,0.8252374024953341,Unsustained node
40.84714,-73.86302,0.04919071054438567,0.6397421240350558,Unsustained place
40.84734,-73.88493,0.09996071855981159,0.8073986124084022,Stress / balance
40.84741,-73.93723,0.09459642502570244,0.855393127708316,Stress / balance
40.84827,-73.885704,0.08625792523479,0.7860089457535032,Stress / balance
40.84875,-73.83021,0.052129026533031794,0.7981478131544216,Stress / balance
40.8498,-73.897125,0.03144675193470363,0.7660510604052403,Dependence
40.85004,-73.91363,0.14084881958144202,0.6039498559071727,Unsustained place
40.85035,-73.888695,0.10061140698757556,0.7715401445297859,Unsustained place
40.85118,-73.84469,0.05826848836900225,0.7476708373207221,Unsustained place
40.85134,-73.86586,0.03144675193470363,0.6508190151936245,Dependence
40.85224,-73.88639,0.07659629719442884,0.7798445933658162,Stress / balance
40.85332,-73.885864,0.06289350386940726,0.7823123581101933,Stress / balance
40.85337,-73.88584,0.03144675193470363,0.779500956975244,Unsustained node
40.85391,-73.83259,0.04110837997506477,0.7186333612070394,Dependence
40.85579,-73.86866,0.052129026533031794,0.7577210275513935,Unsustained place
40.85759,-73.88707,0.18710121413718156,0.8162186506850491,Stress / balance
40.8576,-73.90845,0.10392783615905574,0.7373051524358432,Unsustained place
40.85797,-73.83629,0.02740558665004318,0.7379182118138614,Dependence
40.85809,-73.84192,0.06909060736745563,0.7722653751760166,Unsustained place
40.85878,-73.86657,0.052129026533031794,0.7356527907772462,Unsustained place
40.8593,-73.840416,0.01370279332502159,0.7253442639915656,Dependence
40.85981,-73.85026,0.01370279332502159,0.8124859197607305,Unsustained node
40.86085,-73.84089,0.0,0.6307672386145021,Dependence
40.86094,-73.822586,0.01370279332502159,0.6864885461521584,Dependence
40.86119,-73.85879,0.1024225863734318,0.7961777407029849,Stress / balance
40.86142,-73.849236,0.0,0.6520665487190701,Dependence
40.86164,-73.82634,0.01370279332502159,0.7144029758768168,Dependence
40.86237,-73.90654,0.01370279332502159,0.7671071386793675,Dependence
40.86249,-73.8983,0.14933355064037251,0.8004414699184723,Stress / balance
40.86484,-73.90642,0.024015109793146715,0.6417005204935312,Dependence
40.86525,-73.84506,0.027331538964626884,0.6669459751911881,Dependence
40.86627,-73.929436,0.07953461318307498,0.7958516701434644,Stress / balance
40.86785,-73.90813,0.024015109793146715,0.642425957528149,Dependence
40.86878,-73.893814,0.04246739849267065,0.8094108939308603,Stress / balance
40.86941,-73.85063,0.01370279332502159,0.6726351995012771,Dependence
40.86941,-73.930984,0.02740558665004318,0.6295585379641973,Dependence
40.86984,-73.9009,0.07947697152099706,0.6011379915671655,Unsustained place
40.87003,-73.840744,0.04110837997506477,0.6787148490554382,Dependence
40.87021,-73.905334,0.04803021958629343,0.6647475206398257,Unsustained place
40.87111,-73.83741,0.01370279332502159,0.6358499512018077,Dependence
40.87146,-73.84648,0.024723439882988613,0.6569737109833842,Dependence
40.87158,-73.90022,0.10804304912913248,0.6030497625160076,Unsustained place
40.87166,-73.92903,0.02740558665004318,0.6701555589982793,Dependence
40.87178,-73.88239,0.06289350386940726,0.8068031997567395,Stress / balance
40.8722,-73.89673,0.14353096634849657,0.7177399948821999,Unsustained place
40.8723,-73.86388,0.01370279332502159,0.6344809116534684,Dependence
40.87272,-73.848175,0.0,0.7109353716958855,Dependence
40.87284,-73.8402,0.01370279332502159,0.6362721792674665,Dependence
40.87343,-73.884415,0.08761694375239587,0.8046882679061422,Stress / balance
40.87442,-73.84606,0.0,0.6692445012704452,Dependence
40.87467,-73.83358,0.017743958609682038,0.741464084922857,Dependence
40.87484,-73.910835,0.10894990677848801,0.7115513611685179,Unsustained place
40.87487,-73.87789,0.11906369568709951,0.842609296204749,Stress / balance
40.87499,-73.839386,0.01370279332502159,0.6428801203369784,Dependence
40.87596,-73.88534,0.03144675193470363,0.7549549305155722,Dependence
40.87685,-73.85932,0.05323187582904612,0.6724938216254569,Unsustained place
40.87737,-73.88205,0.02740558665004318,0.7721966583323057,Dependence
40.87738,-73.85824,0.0,0.6555281756559486,Dependence
40.8788,-73.91977,0.1246841584428002,0.6339575978262413,Unsustained place
40.87894,-73.91833,0.0725551319097684,0.6525689436139622,Unsustained place
40.88089,-73.89991,0.02740558665004318,0.6512599318387986,Dependence
40.88132,-73.85577,0.035487917219364076,0.64995190977765,Dependence
40.88281,-73.91311,0.04110837997506477,0.699772449910118,Dependence
40.88329,-73.861885,0.024723439882988613,0.6388273000474984,Dependence
40.88348,-73.85213,0.017743958609682038,0.6561082878980612,Dependence
40.88373,-73.90649,0.01370279332502159,0.6622272605901469,Dependence
40.88486,-73.87766,0.0384262332080102,0.8002700654027576,Unsustained node
40.88525,-73.8777,0.0384262332080102,0.8047734833109553,Unsustained node
40.88605,-73.84973,0.0,0.6532153312280877,Dependence
40.88637,-73.853386,0.017743958609682038,0.6299644188154484,Dependence
40.88794,-73.84178,0.04514954525972522,0.7308374321054394,Unsustained place
40.88807,-73.89908,0.11090731743236232,0.7168830784323021,Unsustained place
40.88978,-73.83215,0.04246739849267065,0.6922006928007314,Unsustained place
40.89023,-73.83504,0.01370279332502159,0.7089896963555187,Dependence
40.89076,-73.85935,0.04175906840282875,0.6861107886600368,Unsustained place
40.89224,-73.912,0.0,0.6510203356567454,Dependence
40.89447,-73.86074,0.07275365946928204,0.7482977577717889,Unsustained place
40.89476,-73.85885,0.05905086614426045,0.7290802213892463,Unsustained place
40.8948,-73.846886,0.035487917219364076,0.7045726882797466,Dependence
40.8969,-73.857765,0.01370279332502159,0.6022926734146635,Dependence
40.89723,-73.85011,0.0,0.6472243919014,Dependence
40.89723,-73.8706,0.02740558665004318,0.6359084952734599,Dependence
40.89732,-73.86323,0.052129026533031794,0.7134846833084888,Unsustained place
40.89746,-73.86834,0.017743958609682038,0.7315037726965814,Dependence
40.89751,-73.90707,0.035487917219364076,0.5571003420422225,Dependence
40.89753,-73.87268,0.02740558665004318,0.6069420456788663,Dependence
40.89852,-73.853134,0.024723439882988613,0.6955800704083767,Dependence
40.89996,-73.86459,0.06289350386940726,0.6490404310358825,Unsustained place
40.90367,-73.85369,0.03144675193470363,0.6534390791937812,Dependence
40.90391,-73.847565,0.0,0.6743384688638934,Dependence
40.9059,-73.878204,0.01370279332502159,0.5827308797749472,Dependence
40.90817,-73.90091,0.05323187582904612,0.6523247262738046,Unsustained place
40.84508692307692,-73.91686076923077,0.09323740650809657,0.6144069576247925,Unsustained place
40.667248949367085,-73.73924481012659,0.04110837997506477,0.688623122566005,Dependence
40.82387366666666,-73.87631021428572,0.08467862776374974,0.6881825656428232,Unsustained place
40.60303333333333,-74.0167969009009,0.02740558665004318,0.6634967972527134,Dependence
40.85429000000002,-73.90027,0.05617019181769224,0.7769762004393084,Stress / balance
40.639320000000005,-74.02355999999997,0.0725551319097684,0.7683556860285653,Unsustained place
40.66733283206107,-73.93126832824427,0.07391415042737429,0.8509440160296329,Stress / balance
40.78323504029305,-73.944737985348,0.2003518465939528,0.8006170801669823,Stress / balance
40.666652235955056,-73.78630067415732,0.02740558665004318,0.7305573686215676,Dependence
40.66561000000001,-73.73567999999999,0.0384262332080102,0.7651792968034244,Dependence
40.76110044827587,-73.98326862068966,0.11259655285697603,0.8411478747559029,Stress / balance
40.74478333714286,-73.9758806742857,0.1664686286353928,0.7931320033535242,Stress / balance
40.85578500000001,-73.90557999999999,0.08625792523479,0.7263907723087396,Unsustained place
40.820261634686354,-73.89073338745388,0.06583181985805339,0.8120695345483316,Stress / balance
40.60391356521738,-74.06898956521738,0.0,0.6815461712211897,Dependence
40.696120985714295,-73.74616654285713,0.0669346691540677,0.8093882696783334,Stress / balance
40.84812169056604,-73.93089649056603,0.09727857179275701,0.8208768570456721,Stress / balance
40.79107968253968,-73.95342426984128,0.06981534348063592,0.7764867678835572,Unsustained place
40.75658104664723,-73.99399497667636,0.05617019181769224,0.7448756546635856,Unsustained place
40.77065974615384,-73.91740049615383,0.06987298514271384,0.7485425429016053,Unsustained place
40.74231421052632,-73.83765263157892,0.01370279332502159,0.7513016140165335,Dependence
40.84322181578949,-73.91195289473684,0.11725251630124328,0.7344064934959816,Unsustained place
40.878859292682925,-73.87350219512193,0.06987298514271384,0.8022515630527551,Stress / balance
40.83135398076924,-73.92165865384617,0.05885233858474681,0.7042573336880997,Unsustained place
40.677361315068495,-73.89902563013699,0.0384262332080102,0.7814254550987649,Unsustained node
40.79060789062499,-73.942454109375,0.13791050359279589,0.7675462799686724,Unsustained place
40.65776999999999,-73.93962,0.056112550155614324,0.7681753681931653,Unsustained place
40.65765433333332,-73.92538592592594,0.04919071054438567,0.8415626472593294,Stress / balance
40.76327799999999,-73.75801,0.01370279332502159,0.5855621548638054,Dependence
40.68049000000001,-73.77470400000003,0.01370279332502159,0.7796933045425088,Unsustained node
40.73446017599999,-73.92239792000001,0.0,0.7318317909232015,Dependence
40.73611625806452,-73.92657387096776,0.01370279332502159,0.6911330002830891,Dependence
40.66357201923077,-73.93441721153847,0.035487917219364076,0.789032766152703,Unsustained node
40.76196368292683,-73.92537619512196,0.024723439882988613,0.8105150008109354,Unsustained node
40.6585770965909,-73.8906274715909,0.1161253796984534,0.7591435742877528,Unsustained place
40.83074863636364,-73.91049356060607,0.04919071054438567,0.5794565469660995,Unsustained place
40.851798255813954,-73.90922226744188,0.11906369568709951,0.6276616390904053,Unsustained place
40.85876088732393,-73.90366873239435,0.06021135710235269,0.799178541292934,Stress / balance
40.65993155045871,-73.89165266055048,0.1024225863734318,0.8330991861692142,Stress / balance
40.69603211028036,-73.98452957009346,0.1886805116082218,0.7635010540345913,Unsustained place
40.74693224942792,-73.98987241647598,0.0768524664160204,0.8277407998260043,Stress / balance
40.811525045977,-73.93484218390802,0.037717903118168306,0.751354491236583,Dependence
40.65160207272727,-74.01062663636364,0.04514954525972522,0.7986976421889111,Stress / balance
40.73779699999999,-73.8507,0.06289350386940726,0.7818121316847382,Stress / balance
40.719788701298704,-73.9447875974026,0.0943402558041109,0.805190997600975,Stress / balance
40.724189425,-73.99783092499999,0.18921825184116872,0.8009809590207521,Stress / balance
40.759164917391296,-73.96540068695651,0.10131973707741745,0.7976149022555971,Stress / balance
40.73944215492957,-73.97667309859156,0.13082362027877065,0.7825956790964577,Stress / balance
40.76310999999999,-73.96252400000003,0.0842264668954994,0.8112655389448213,Stress / balance
40.80577925252526,-73.87730168686866,0.0,0.5991320818211071,Dependence
40.677624,-73.93308000000002,0.11163205354554259,0.7439606846517219,Unsustained place
40.71408976056338,-73.95164295774646,0.12604317696040607,0.7814834236073478,Stress / balance
40.80469278787878,-73.92238633939391,0.06289350386940726,0.8080850290210385,Stress / balance
40.745235,-73.93770599999999,0.04103433228964848,0.7489024911112169,Dependence
40.6788532837838,-73.92165197297298,0.08357577846773542,0.7644000691098811,Unsustained place
40.75371496774194,-73.83282806451615,0.01370279332502159,0.7833820831961007,Unsustained node
40.66664645000001,-73.81174675000001,0.017743958609682038,0.7873583660686124,Unsustained node
40.8177020340909,-73.93073823863637,0.0,0.6848816348957978,Dependence
40.67573513368985,-73.89686062299467,0.049446879765977225,0.7619259966251666,Unsustained place
40.668393,-73.92262930434782,0.03144675193470363,0.8070654104789974,Unsustained node
40.786161095890414,-73.93930150684933,0.06289350386940726,0.651730451228492,Unsustained place
40.78494033333335,-73.9465956825397,0.12937601215522462,0.7515684365667985,Unsustained place
40.65059613483146,-73.97209051685392,0.04110837997506477,0.7700736090599319,Dependence
40.57650314285715,-74.10370077922076,0.017743958609682038,0.6509683399991524,Dependence
40.76426699999998,-73.72294599999998,0.02740558665004318,0.7622548201169683,Dependence
40.73352584856398,-73.87031716449087,0.052129026533031794,0.7445224169840978,Unsustained place
40.834322569444446,-73.94469425694443,0.07946056549765868,0.8231373560445918,Stress / balance
40.74100698717948,-73.93432421794874,0.027331538964626884,0.8153381551057519,Unsustained node
40.77180130769231,-73.97918492307693,0.07659629719442884,0.7920613258157062,Stress / balance
40.692052162790695,-73.98254239534886,0.18223877056786214,0.7771163010536208,Stress / balance
40.78069300000001,-73.94660000000003,0.0669346691540677,0.7835014186463822,Stress / balance
40.66494515,-73.9933598333333,0.09569927432171677,0.8015028088009437,Stress / balance
40.836110000000005,-73.92237999999999,0.08761694375239587,0.7279810961605064,Unsustained place
40.668647236842105,-73.9283500526316,0.07391415042737429,0.8333397868870518,Stress / balance
40.6754836081081,-73.7338353243243,0.017743958609682038,0.7197576170004955,Dependence
40.84492236363637,-73.92065103896104,0.08221675995012954,0.629809630999133,Unsustained place
40.78745464122138,-73.93826679389313,0.04110837997506477,0.6777485399261549,Dependence
40.679452,-73.89710155555554,0.01370279332502159,0.772036352532446,Dependence
40.67972047916666,-73.76159388020834,0.0,0.7757695022378212,Dependence
40.59293757142858,-73.99614439999999,0.04514954525972522,0.7423990298989956,Unsustained place
40.87333294594594,-73.85354363513515,0.017743958609682038,0.6919895964094942,Dependence
40.80684000000001,-73.92749999999998,0.07659629719442884,0.7904342556737811,Stress / balance
40.70673178431372,-74.00680717647057,0.17949533174288657,0.7899006958329724,Stress / balance
40.78437201886791,-73.98121,0.08761694375239587,0.8374456586955683,Stress / balance
40.79166148648649,-73.96468905405406,0.05617019181769224,0.7865961493911015,Stress / balance
40.68887090217391,-73.98091445652176,0.2062538803610089,0.8004903002515926,Stress / balance
40.791445036231885,-73.93572768115943,0.04110837997506477,0.700502797695937,Dependence
40.81817513157896,-73.94161184210526,0.035487917219364076,0.8099739094126719,Unsustained node
40.68947720731708,-73.92200907317073,0.06987298514271384,0.754794164914669,Unsustained place
40.822837424581,-73.94193760335195,0.11502253040243905,0.8507705400026639,Stress / balance
40.75205199999999,-74.00098400000002,0.05481117330008636,0.734905316135528,Unsustained place
40.80755210958904,-73.91917830136985,0.1819571995565068,0.6280510935564985,Unsustained place
40.66696000000001,-73.77078000000002,0.0,0.7634354597757149,Dependence
40.579803,-73.97184,0.09165810903705632,0.7180952437771638,Unsustained place
40.755222,-73.96135,0.05481117330008636,0.7741536593522088,Unsustained place
40.80320999999999,-73.91891999999999,0.04110837997506477,0.7969215563356654,Unsustained node
40.70314340625001,-73.81672390624999,0.07052367357047781,0.7901608189559619,Stress / balance
40.783156032258056,-73.8458648387097,0.04514954525972522,0.7966344735416198,Stress / balance
40.644843317460335,-73.96000666666671,0.0,0.8167007562895713,Unsustained node
40.654709551111104,-73.90693113777776,0.03144675193470363,0.7532102664951281,Dependence
40.68990385281384,-73.98146478354981,0.19659225232064775,0.7896383258868328,Stress / balance
40.75299980985915,-73.9667695492958,0.08625792523479,0.7557330882350146,Unsustained place
40.85890872289157,-73.92293313253012,0.052129026533031794,0.7466206425013506,Unsustained place
40.74202465116278,-73.82462720930229,0.03144675193470363,0.7913092536449713,Unsustained node
40.86932675838925,-73.82546312751681,0.0,0.6502256692660583,Dependence
40.8364014875,-73.91586843750001,0.06987298514271384,0.6827487753776192,Unsustained place
40.77005375,-73.91440321428571,0.02740558665004318,0.782315647228424,Unsustained node
40.77480699999999,-73.98441999999999,0.42714027757330386,0.78770901413759,Stress / balance
40.7033569102564,-73.80017346153848,0.12202741346550947,0.7776576588405718,Stress / balance
40.69254733333333,-73.7268266666667,0.0,0.7466625359685001,Dependence
40.835160000000016,-73.94560999999997,0.09316335882268026,0.8234973040910349,Stress / balance
40.669857,-73.95051,0.049446879765977225,0.8077609611232184,Stress / balance
40.690998905882346,-73.98933477647057,0.29550664223585005,0.8217354404846544,Stress / balance
40.839650718954246,-73.92934847058824,0.04110837997506477,0.5263922283508152,Dependence
40.7384388,-73.84894941666666,0.03144675193470363,0.7499110694236004,Dependence
40.68210861403509,-74.00235192982456,0.04919071054438567,0.7681315018041406,Unsustained place
40.80781214843751,-73.94545771875002,0.12310486097175995,0.8075040441728516,Stress / balance
40.715292448,-73.951902824,0.11502253040243905,0.793473641585784,Stress / balance
40.842963350000005,-73.90360916666666,0.09029909051945044,0.6861416206425887,Unsustained place
40.71582456140351,-73.81758894736842,0.01370279332502159,0.770251919225449,Dependence
40.786462672131165,-73.97219573770488,0.13680765429678154,0.8113505583729324,Stress / balance
40.59458336666667,-73.9975012,0.04514954525972522,0.7465356882800299,Unsustained place
40.63662252173913,-73.96804275362322,0.07097583443872815,0.8028062627576646,Stress / balance
40.82808257894737,-73.88543039473686,0.11098136511777862,0.6749304372538829,Unsustained place
40.54653,-74.18043500000003,0.017743958609682038,0.7048462904627492,Dependence
40.81889197761195,-73.89228828358209,0.05617019181769224,0.7323340533778744,Unsustained place
40.83228,-73.90963000000002,0.06289350386940726,0.708096763130365,Unsustained place
40.62050394827587,-74.16718387931036,0.04514954525972522,0.7273033083792604,Unsustained place
40.64516286206896,-73.87491062068965,0.02740558665004318,0.6824914087900487,Dependence
40.65964723006135,-73.7738356748466,0.0,0.6678070070852709,Dependence
40.8523118235294,-73.89809801960783,0.01370279332502159,0.7737649632345854,Dependence
40.605321090163926,-73.75526282786882,0.0384262332080102,0.7860040652002533,Unsustained node
40.68618755932204,-73.95074281355933,0.017743958609682038,0.8247798775533217,Unsustained node
40.63167370689656,-73.94644727011496,0.024723439882988613,0.8093438843126555,Unsustained node
40.69047116901407,-73.98789802816901,0.32720956339214524,0.8302068239842558,Stress / balance
40.7469328362069,-73.99730505172415,0.2547452565819781,0.7386345416267962,Unsustained place
40.73263264489797,-73.86844944489796,0.07953461318307498,0.6985616880866016,Unsustained place
40.62811821052632,-73.95684789473684,0.0,0.8267674969629024,Unsustained node
40.8315744,-73.94298063333332,0.07391415042737429,0.8196434397502307,Stress / balance
40.82830508163266,-73.88294727891159,0.05885233858474681,0.8008706616608685,Stress / balance
40.63553241052632,-73.91324574736842,0.03144675193470363,0.835301032997479,Unsustained node
40.71522999999999,-74.01334000000001,0.20692632018269358,0.7586768480196655,Unsustained place
40.73820227272727,-73.79715803030302,0.035487917219364076,0.6774043954354879,Dependence
40.76388199038461,-73.91497788461538,0.017743958609682038,0.8287401206698302,Unsustained node
40.69598325531914,-73.9674978723404,0.01370279332502159,0.7967445528065393,Unsustained node
40.8423457142857,-73.91618168253969,0.06583181985805339,0.6092268010962077,Unsustained place
40.8487074352941,-73.9392244705882,0.0768524664160204,0.8216907887622261,Stress / balance
40.82308515217392,-73.88208695652173,0.04514954525972522,0.7875414773949174,Stress / balance
40.76632919266054,-73.95103544954128,0.05207138487095388,0.6412905122581225,Unsustained place
40.78323275862069,-73.94364068965517,0.1756284067109642,0.797976509509584,Stress / balance
40.80297148214287,-73.96386928571428,0.1648639293745887,0.7848142067541323,Stress / balance
40.651141379310346,-73.88999586206897,0.02740558665004318,0.7898675297647472,Unsustained node
40.748904314540056,-73.93742985756677,0.0768524664160204,0.7930693084775143,Stress / balance
40.70551854545454,-73.95025195454546,0.17927505278945222,0.807237792872427,Stress / balance
40.76130655927835,-73.96676939432989,0.19325941712582917,0.8092066490397871,Stress / balance
40.70442573333334,-73.81436905555555,0.04246739849267065,0.7779267275040485,Stress / balance
40.83998292405064,-73.87732032911393,0.08357577846773542,0.6841204699726925,Unsustained place
40.67109978260869,-73.73628108695652,0.06289350386940726,0.7289314937343714,Unsustained place
40.75399723529413,-73.94243839215687,0.024723439882988613,0.7947350097531716,Unsustained node
40.6513284,-73.86976077142856,0.01370279332502159,0.7476786494614096,Dependence
40.69410810752689,-73.89735795698924,0.0,0.7441647907496793,Dependence
40.69213163265306,-73.8348331122449,0.01370279332502159,0.7547663859796361,Dependence
40.83510999999999,-73.91944999999998,0.09459642502570244,0.6678420147212956,Unsustained place
40.80555732857143,-73.91046385714287,0.01370279332502159,0.6850175136040676,Dependence
40.70876299999999,-73.99811599999998,0.06851396662510796,0.6961626973290013,Unsustained place
40.6823,-73.80799909836065,0.01370279332502159,0.8226576536143969,Unsustained node
40.6894401090909,-73.95513465454545,0.0384262332080102,0.7488505946594548,Dependence
40.81609045283019,-73.9176862515723,0.10528685467666161,0.7655394858894072,Unsustained place
40.84838524999999,-73.9376790909091,0.10829921835072404,0.8525470714659037,Stress / balance
40.82140440157483,-73.88932551181101,0.09323740650809657,0.7116674211189239,Unsustained place
40.65012775757575,-73.93020783333331,0.01370279332502159,0.8277723537063499,Unsustained node
40.844343052980136,-73.91474572847683,0.10694019983311816,0.7070807437418279,Unsustained place
40.867679,-73.92120246078431,0.1545516129064636,0.7932497376746501,Stress / balance
40.68898185915493,-73.78579464788734,0.0,0.7742745739052403,Dependence
40.773808,-73.8929,0.01370279332502159,0.7462208774002841,Dependence
40.824432,-73.873604,0.06289350386940726,0.6922982330593862,Unsustained place
40.866047,-73.87207000000002,0.01370279332502159,0.6775847743598018,Dependence
40.71594304040404,-73.9866858181818,0.19834213964858294,0.760330203912438,Unsustained place
40.75581237313434,-73.98640091044776,0.2908195599299416,0.7951832838919144,Stress / balance
40.81167381889764,-73.93150736220474,0.0384262332080102,0.7412526267557763,Dependence
40.84657868181818,-73.91315356060606,0.14536643304112834,0.7167748511183318,Unsustained place
40.71138211904761,-74.00860790476187,0.3471951173896977,0.7637626987078315,Unsustained place
40.67088076190478,-73.93649080952383,0.035487917219364076,0.8102029784391218,Unsustained node
40.845176033444815,-73.91118775919732,0.0898469296512001,0.6591861181541261,Unsustained place
40.80055200000001,-73.958206,0.10131973707741745,0.802770540471144,Stress / balance
40.57798013675215,-74.10229158119655,0.03144675193470363,0.7220909358616441,Dependence
40.657555,-73.89419599999998,0.01370279332502159,0.8287898404084415,Unsustained node
40.86358712328767,-73.92603119178082,0.08357577846773542,0.845332080986153,Stress / balance
40.769737,-73.91244,0.01370279332502159,0.8033455263726625,Unsustained node
40.58510042857144,-73.95642428571429,0.06583181985805339,0.7032784647553614,Unsustained place
40.767532,-73.95325500000001,0.038368591545932286,0.8205967292103218,Unsustained node
40.68578296666667,-73.91554478333329,0.0384262332080102,0.7680377783947562,Dependence
40.58275599999999,-74.13040999999997,0.05481117330008636,0.7133031299166747,Unsustained place
40.88130670860927,-73.83871661589404,0.04246739849267065,0.6893160846998659,Unsustained place
40.725751453125,-73.79170660156251,0.01370279332502159,0.7214768035846271,Dependence
40.75092284810127,-73.9981034936709,0.05885233858474681,0.7599802900308282,Unsustained place
40.66674693377482,-73.77993451655631,0.0,0.7859394956345331,Unsustained node
40.76132158,-73.95568964999998,0.08645645279430364,0.7361282934799007,Unsustained place
40.70065999999999,-73.987746625,0.16175137313320453,0.8091974317371833,Stress / balance
40.813374,-73.956276,0.09838142108877133,0.7710564959678168,Unsustained place
40.84405548301887,-73.89776328301886,0.0943402558041109,0.727565657914619,Unsustained place
40.73995502690585,-73.845585,0.01370279332502159,0.39716086682079715,Dependence
40.646515,-73.974655,0.08467862776374974,0.7879636599313108,Stress / balance
40.827301250000005,-73.84979833333331,0.035487917219364076,0.8296435891114686,Unsustained node
40.66599667692307,-73.81525707692307,0.0,0.815769484940377,Unsustained node
40.89519500000001,-73.88012,0.01370279332502159,0.7017254094238757,Dependence
40.8204405467626,-73.93623602877697,0.052129026533031794,0.7767655462668793,Stress / balance
40.75300475714285,-73.9698907142857,0.08625792523479,0.8022792437808436,Stress / balance
40.67649770588236,-73.91371875294116,0.08357577846773542,0.7592374632503249,Unsustained place
40.73755299999999,-73.85089000000002,0.04919071054438567,0.7956153367109612,Stress / balance
40.857418,-73.89995599999999,0.10940206764673835,0.7860977108801934,Stress / balance
40.83789399999999,-73.88138,0.05885233858474681,0.7046877190510241,Unsustained place
40.82764331092438,-73.88612672268906,0.10694019983311816,0.6498400726540594,Unsustained place
40.66644992574257,-73.75762611386139,0.05323187582904612,0.7535231966280583,Unsustained place
40.85025477647059,-73.84489070588234,0.06858080483712738,0.7629412056164439,Unsustained place
40.57694494520548,-74.16973671232877,0.0,0.7631278149566777,Dependence
40.626549520000005,-73.97092060571428,0.035487917219364076,0.823014862861529,Unsustained node
40.83237392592592,-73.93169518518519,0.02740558665004318,0.5370820688630596,Dependence
40.87546909859156,-73.86043732394367,0.07097583443872815,0.7108020225489098,Unsustained place
40.61309086538461,-73.92620961538461,0.01370279332502159,0.8137594772709494,Unsustained node
40.67576367763159,-74.00136184210525,0.06289350386940726,0.7758803683670326,Unsustained place
40.6913233125,-73.9517678125,0.07391415042737429,0.7514898183566658,Unsustained place
40.69024,-73.94819999999999,0.05885233858474681,0.7599253793048387,Unsustained place
40.76282499999999,-73.93397999999999,0.03144675193470363,0.7472633493172957,Dependence
40.71190206849315,-73.78742882191781,0.04514954525972522,0.755095827060581,Unsustained place
40.83786270967743,-73.91139667741936,0.13680765429678154,0.6769606953567135,Unsustained place
40.7507585116279,-73.97446302325582,0.15076661684339468,0.7909884897675018,Stress / balance
40.66638423423423,-73.83479324324324,0.04246739849267065,0.7646114407894798,Unsustained place
40.669745126984125,-73.93103906349211,0.07391415042737429,0.8212252449857274,Stress / balance
40.65038700000001,-73.95871999999999,0.09838142108877133,0.7997846223451216,Stress / balance
40.70078406177606,-73.99497231660233,0.1588130571445584,0.764703336569863,Unsustained place
40.833371666666665,-73.93528736842106,0.02740558665004318,0.6155391323209242,Dependence
40.69818710457517,-73.96189555555556,0.08625792523479,0.8158105874681991,Stress / balance
40.720451435530094,-73.99399691690545,0.08357577846773542,0.8313689864092566,Stress / balance
40.73635000000002,-73.97501999999997,0.10680851048562395,0.7344111296343051,Unsustained place
40.65616099622642,-73.76736003773586,0.0,0.6694377655637891,Dependence
40.69165335632186,-73.77919309195401,0.037717903118168306,0.8071348650302379,Unsustained node
40.69122699999997,-73.98214000000002,0.13708922530813694,0.7952911936161129,Stress / balance
40.88846273584905,-73.8419646698113,0.01370279332502159,0.7149715925498568,Dependence
40.70462743877552,-73.79682281632653,0.01370279332502159,0.7882513550301111,Unsustained node
40.777419666666674,-73.97879866666669,0.06987298514271384,0.8136696928569775,Stress / balance
40.683774075,-73.76974450000002,0.04514954525972522,0.7823096566085408,Stress / balance
40.58228652380953,-74.16907010204083,0.15349956718997693,0.7504653358208858,Unsustained place
40.630827119617216,-73.88635081339712,0.02740558665004318,0.7465857448136,Dependence
40.67172,-73.850975,0.05481117330008636,0.7489148265385954,Unsustained place
40.74912035294117,-73.9882568627451,0.14000213950701923,0.7818040857336311,Stress / balance
40.64367233766235,-73.90066177922077,0.017743958609682038,0.8259541158742372,Unsustained node
40.64027029629632,-73.90594748148148,0.01370279332502159,0.8140105836651403,Unsustained node
40.824629073529415,-73.91058073529415,0.04110837997506477,0.6811177381335177,Dependence
40.826395739583326,-73.92115583333333,0.14649468412690653,0.6939353939458932,Unsustained place
40.866047,-73.88274400000002,0.09727857179275701,0.749288235425808,Unsustained place
40.759514,-73.99926,0.0,0.7655869193298064,Dependence
40.72374878571429,-74.00612690476191,0.21523941818384218,0.7928424898116427,Stress / balance
40.66396560344828,-73.99773741379309,0.017743958609682038,0.7988756230535772,Unsustained node
40.82052580645162,-73.93071065322577,0.02740558665004318,0.7290526641995385,Dependence
40.66683999999999,-73.78940999999996,0.02740558665004318,0.7547349920030859,Dependence
40.70022,-73.96218999999999,0.12578700773881452,0.7928995136369834,Stress / balance
40.70920807407407,-73.8701691666667,0.06989838693247767,0.7819493752159727,Stress / balance
40.87703236904762,-73.84637821428569,0.0,0.7132434361804474,Dependence
40.88270485217389,-73.88124747826087,0.04514954525972522,0.7841731370641336,Stress / balance
40.87511180110496,-73.90514662983425,0.01370279332502159,0.6473379343949432,Dependence
40.84248336363637,-73.9280221212121,0.02740558665004318,0.675298214929151,Dependence
40.6524740075188,-73.92282809774436,0.0,0.7781355890382097,Unsustained node
40.81528934285713,-73.94372061904761,0.07391415042737429,0.811743744048203,Stress / balance
40.80116042328043,-73.92996174603175,0.02740558665004318,0.6881882566121613,Dependence
40.67948,-73.93291,0.08357577846773542,0.7867756135173908,Stress / balance
40.766556,-73.96294,0.17365272593093697,0.7939563146120092,Stress / balance
40.678236140625,-73.94412412500002,0.05877829089933052,0.7841013116831957,Stress / balance
40.601948,-73.99382,0.03503575635111374,0.8014109773196965,Unsustained node
40.66908763114755,-73.93666114754097,0.017743958609682038,0.8221570769358069,Unsustained node
40.86169748969071,-73.89138054123711,0.15051044762180313,0.7888700342455274,Stress / balance
40.596325,-73.76673000000001,0.05617019181769224,0.7076116004064068,Unsustained place
40.741767,-73.728225,0.038368591545932286,0.6398109338721024,Dependence
40.74860292517006,-73.97602270068028,0.02740558665004318,0.7952073345763842,Unsustained node
40.765137,-73.81944000000001,0.0,0.7990247687222735,Unsustained node
40.588562,-74.14584,0.04110837997506477,0.6032000324852106,Dependence
40.848114,-73.90147399999998,0.08761694375239587,0.8025004279471957,Stress / balance
40.713284252525256,-73.73585681818182,0.0669346691540677,0.7292774176587746,Unsustained place
40.67702408461538,-73.92182984615386,0.06244134300115692,0.7839050811998051,Stress / balance
40.63020999999999,-73.93294,0.017743958609682038,0.7779026821517068,Unsustained node
40.711825125,-73.85972392000002,0.01370279332502159,0.7826666599723355,Unsustained node
40.81136699999999,-73.95402000000001,0.37498584925050826,0.8201169671417814,Stress / balance
40.71679732835821,-73.99772934328358,0.14110498880303354,0.8153098527010754,Stress / balance
40.60962699999998,-74.14955,0.03144675193470363,0.7436717695250309,Dependence
40.75471453846155,-73.98792476923076,0.20721837967244233,0.8019208481613463,Stress / balance
40.845395895027615,-73.92817696132599,0.02740558665004318,0.5877115742456773,Dependence
40.81495375,-73.92882993055555,0.10601159078984189,0.6175081159723412,Unsustained place
40.61847,-74.021225,0.01370279332502159,0.7940909562148469,Unsustained node
40.853813,-73.90733999999999,0.12064299315813974,0.6296102216231874,Unsustained place
40.71444776363635,-73.93525581818183,0.03144675193470363,0.7654522948011523,Dependence
40.7388556346154,-73.98313525,0.0669346691540677,0.8161660405796761,Stress / balance
40.57256920833333,-74.16987600000002,0.01370279332502159,0.7233319090148043,Dependence
40.678394,-73.94692,0.06979893745729754,0.768424121751413,Unsustained place
40.66921295890411,-73.80118039726028,0.0,0.7634900810566663,Dependence
40.67466400000001,-73.97025000000001,0.10131973707741745,0.7903906423843529,Stress / balance
40.669131375000006,-73.9968071875,0.01370279332502159,0.8041845051085694,Unsustained node
40.737662384615376,-73.76846042307693,0.02740558665004318,0.715791076730209,Dependence
40.68011500000001,-73.75324,0.035487917219364076,0.7365557796030745,Dependence
40.86951185,-73.87977849999999,0.052129026533031794,0.7389065135159708,Unsustained place
40.76297736231885,-73.8752847826087,0.04110837997506477,0.8009117680725018,Unsustained node
40.66669671634615,-73.76713776923074,0.0,0.8177371748861693,Unsustained node
40.75727878873239,-73.74763732394369,0.01370279332502159,0.4554674326632256,Dependence
40.71469793939394,-73.94205090909092,0.024723439882988613,0.8398619783247425,Unsustained node
40.71299200000001,-73.7824065079365,0.08761694375239587,0.725376924065583,Unsustained place
40.85536904761904,-73.91821850340136,0.13831290408240549,0.6681119543115039,Unsustained place
40.7376687032967,-73.98106881318681,0.12239653088191804,0.8193391270179319,Stress / balance
40.65415,-73.949936,0.024015109793146715,0.767634422455152,Dependence
40.73916894936708,-73.90118860759495,0.04110837997506477,0.7831949887107414,Unsustained node
40.692458468571424,-73.8108844857143,0.01370279332502159,0.8066371379492391,Unsustained node
40.81573577165355,-73.93967885826773,0.10197042550518146,0.8123217540898914,Stress / balance
40.74087454819278,-73.89961981927712,0.07882628309323308,0.7534613753956801,Unsustained place
40.766705,-73.89023999999999,0.02740558665004318,0.668197520549364,Dependence
40.84516572566372,-73.91496283185842,0.10694019983311816,0.6932894332835,Unsustained place
40.67284844,-73.9675044,0.04110837997506477,0.787745449952327,Unsustained node
40.8061613802817,-73.9091320140845,0.024723439882988613,0.7028154250327286,Dependence
40.72242442696629,-74.00614966011237,0.20421877162587518,0.7896343302793034,Stress / balance
40.89712601923077,-73.88017894230771,0.01370279332502159,0.5648478048615311,Dependence
40.85161999999999,-73.82652999999998,0.0384262332080102,0.7605940832690348,Dependence
40.79791277358489,-73.94005180188677,0.04246739849267065,0.8084797894485162,Stress / balance
40.74617798076924,-73.8989746153846,0.0384262332080102,0.8226849637480202,Unsustained node
40.71702,-73.830505,0.05473712561467006,0.712696504240919,Unsustained place
40.810151029850736,-73.93743125373132,0.10400188384447204,0.7841380182989459,Stress / balance
40.72209500000001,-73.77772000000002,0.03144675193470363,0.6858825064958103,Dependence
40.744846,-73.83568599999998,0.01370279332502159,0.749447937045654,Dependence
40.74884314448669,-73.99219510266158,0.16439536248299996,0.7521172956943879,Unsustained place
40.757355,-73.73887,0.01370279332502159,0.6361785445808315,Dependence
40.72415401098901,-73.99261624175824,0.19190039860822328,0.7847785874130957,Stress / balance
40.870352142857136,-73.90438098214284,0.04803021958629343,0.6841415110908174,Unsustained place
40.67425746086957,-73.99985756521741,0.05885233858474681,0.784270938196141,Stress / balance
40.71572,-73.825745,0.01370279332502159,0.6794618254419731,Dependence
40.75547999999999,-73.74172999999999,0.01370279332502159,0.7349581528508697,Dependence
40.61060336196319,-74.09578877300615,0.027331538964626884,0.5686532886957474,Dependence
40.813173679245295,-73.89844698113208,0.04514954525972522,0.6758053888102469,Unsustained place
40.76470211538461,-73.81099480769231,0.02740558665004318,0.8683828885664133,Unsustained node
40.72964244295303,-73.83378489932888,0.02740558665004318,0.6931443863693951,Dependence
40.64413245000001,-73.95792143333334,0.0,0.8449443844645097,Unsustained node
40.86257044927536,-73.92537636231883,0.05617019181769224,0.8251354935692113,Stress / balance
40.65533355813954,-73.93077390697673,0.028056275077807162,0.8346868898954745,Unsustained node
40.74325905660377,-73.91963047169813,0.11098136511777862,0.7865271200042008,Stress / balance
40.74113070652174,-73.89853273913046,0.06851396662510796,0.7566955272007327,Unsustained place
40.72385253539824,-73.99097431858407,0.18492091733491672,0.7630174778033241,Unsustained place
40.752387736842095,-73.97034122807015,0.11770467716949362,0.7911777392365352,Stress / balance
40.734903820895525,-73.86146477611939,0.05885233858474681,0.7174738063140811,Unsustained place
40.7184668047619,-74.0005786904762,0.21394169172415733,0.788099986681357,Stress / balance
40.69366128915663,-73.85216686746988,0.024723439882988613,0.8134710822024764,Unsustained node
40.75620779577465,-73.97049162676058,0.09459642502570244,0.7884086725269597,Stress / balance
40.62573145161292,-73.95639177419356,0.0,0.8566346753364205,Unsustained node
40.65382521705426,-73.93059955038761,0.017743958609682038,0.8163657444448427,Unsustained node
40.67165271428571,-73.95033861538462,0.024723439882988613,0.8212068928283461,Unsustained node
40.58615919999999,-73.990663,0.0725551319097684,0.6825209075054537,Unsustained place
40.71958,-73.83978,0.06987298514271384,0.7726587389994966,Unsustained place
40.80563432394366,-73.9344021830986,0.17316653889734396,0.7594797501281171,Unsustained place
40.62995622314051,-73.9715652892562,0.017743958609682038,0.8443703081544622,Unsustained node
40.85482,-73.91119999999998,0.07248108422435211,0.6929316488126365,Unsustained place
40.57893924342105,-73.98519769736842,0.0,0.8154909520683657,Unsustained node
40.76339419117648,-73.99274311764707,0.09838142108877133,0.8150085487189132,Stress / balance
40.82643859459459,-73.95047546846848,0.052129026533031794,0.8107490460084559,Stress / balance
40.88861449999999,-73.89074000000001,0.0,0.6041405074880062,Dependence
40.76520920183485,-73.93165803669723,0.06289350386940726,0.8084095106852279,Stress / balance
40.69773414979757,-73.81403463562752,0.037717903118168306,0.7636477195167062,Dependence
40.66576300591716,-73.74641278106509,0.02740558665004318,0.6271063315529757,Dependence
40.84665601652894,-73.89618305785126,0.07659629719442884,0.8202407095099677,Stress / balance
40.67760885714284,-73.73089015873015,0.0,0.7555222003487396,Dependence
40.81968882608694,-73.90157863768115,0.08761694375239587,0.6535806826843678,Unsustained place
40.71699,-73.82402,0.02740558665004318,0.7530398562941503,Dependence
40.86157882882885,-73.91308126126128,0.07946056549765868,0.6576409172540505,Unsustained place
40.74998677886978,-73.99507525798526,0.09452237734028615,0.7386103089994691,Unsustained place
40.63524178160918,-73.92746216091955,0.0,0.8394523942593904,Unsustained node
40.63381393283581,-73.889677880597,0.04514954525972522,0.7881545979523006,Stress / balance
40.75254,-73.85261,0.052129026533031794,0.7429402513352932,Unsustained place
40.72942008653847,-73.98707631730768,0.29831364026784857,0.7775156493234434,Stress / balance
40.67522981249999,-73.97106537499998,0.11234038363538448,0.8141790938288919,Stress / balance
40.752143322033895,-73.97554271186439,0.15076661684339468,0.755182839308826,Unsustained place
40.752718446601946,-73.97917878640774,0.13992809182160293,0.778761006426056,Stress / balance
40.83827240449439,-73.93005321348316,0.01370279332502159,0.5285038879228156,Dependence
40.76426552380953,-73.95559148809521,0.06865485252254368,0.7639865011798876,Unsustained place
40.7611674829932,-73.75544986394557,0.02740558665004318,0.3705009074665228,Dependence
40.638589313432846,-73.92603022388062,0.0,0.7489806625124783,Dependence
40.86267487922706,-73.90906521739129,0.05473712561467006,0.7465629711804669,Unsustained place
40.76754666216216,-73.91202522972972,0.01370279332502159,0.8297094045603116,Unsustained node
40.61597335632183,-73.94482411494255,0.05950302701251079,0.8194702439866042,Stress / balance
40.680240608187134,-73.94657076023393,0.08350173078231912,0.7782664084955413,Stress / balance
40.61461504615384,-73.92803192307694,0.01370279332502159,0.8120139788469228,Unsustained node
40.69600473770493,-73.96954655737706,0.01370279332502159,0.7868480242776756,Unsustained node
40.807601940000005,-73.93718872,0.25157401547762903,0.8226617581603316,Stress / balance
40.736036,-73.99359792045453,0.32607670971747793,0.7963837402407595,Stress / balance
40.709827,-73.83982999999999,0.01370279332502159,0.7017962548541145,Dependence
40.6800369736842,-73.9055219736842,0.10157590629900902,0.7877512307826414,Stress / balance
40.69520378461539,-73.9284323076923,0.0384262332080102,0.7861330781094387,Unsustained node
40.7236253,-74.00477893076923,0.19749545957416015,0.8190518851323068,Stress / balance
40.74906078260871,-73.86932623188403,0.06021135710235269,0.829113779292799,Stress / balance
40.602477999999984,-73.96636000000002,0.01370279332502159,0.8501000245747258,Unsustained node
40.7605994964539,-73.99477998581563,0.06289350386940726,0.8256504945323737,Stress / balance
40.77009408536586,-73.91590909756096,0.052129026533031794,0.7505355654688733,Unsustained place
40.68001660937501,-73.87742812500001,0.07391415042737429,0.772639205760398,Unsustained place
40.76046264383562,-73.82654550684931,0.04514954525972522,0.7923011073492465,Stress / balance
40.66879328499999,-73.93113034999998,0.07391415042737429,0.820653917426491,Stress / balance
40.70559712258064,-73.85821,0.017743958609682038,0.7699776973178996,Dependence
40.59657,-73.90794,0.02740558665004318,0.5010156160968252,Dependence
40.69214862637362,-73.9519304945055,0.035487917219364076,0.7668191446245902,Dependence
40.872143,-73.81869499999999,0.01370279332502159,0.5097460859152061,Dependence
40.72829146892656,-73.83308774011299,0.04110837997506477,0.7586126825071139,Dependence
40.69897,-73.95702,0.08467862776374974,0.8021314756710595,Stress / balance
40.69616513513513,-73.97344304054052,0.01370279332502159,0.7685364367918912,Dependence
40.76385499999999,-73.95324101123596,0.054952059197522087,0.561917678082168,Unsustained place
40.86275563157896,-73.90108030075189,0.11090731743236232,0.8227700459495014,Stress / balance
40.60939427118646,-73.9676730677966,0.03144675193470363,0.8496962936338848,Unsustained node
40.62508614285712,-73.96225796825397,0.06021135710235269,0.8496004562157082,Stress / balance
40.719969870786514,-73.99290544943818,0.14672545155873423,0.825072962461108,Stress / balance
40.71348762686567,-73.91562768656718,0.0,0.7693808937963948,Dependence
40.73479441666667,-73.99074511666664,0.2904893430229337,0.7934059022229165,Stress / balance
40.70123700000001,-73.79464999999999,0.0,0.7790738069720828,Unsustained node
40.634131800000006,-73.92850343749998,0.01370279332502159,0.8258218250429625,Unsustained node
40.75896585227272,-73.9939176590909,0.15751533068487356,0.7969996874295794,Stress / balance
40.68475626595745,-74.00115154255319,0.0,0.7999959456922725,Unsustained node
40.71590178947369,-73.80893266666668,0.028056275077807162,0.7516257537552871,Dependence
40.856479320610696,-73.87250741984732,0.01370279332502159,0.6336322090606199,Dependence
40.835873,-73.8699,0.04514954525972522,0.7864583866331474,Stress / balance
40.68066499999999,-73.95337117948718,0.049446879765977225,0.7750268083081423,Unsustained place
40.81077480434782,-73.95262595652171,0.3177128081368017,0.8507944331810344,Stress / balance
40.662467821192045,-73.84069443708611,0.0,0.7602468032317728,Dependence
40.766630000000006,-73.88903000000003,0.02740558665004318,0.7200698323687634,Dependence
40.84462473563217,-73.90352425287357,0.05481117330008636,0.7586034144458239,Unsustained place
40.83919750485437,-73.94113775728152,0.14666780989665631,0.8332881979525,Stress / balance
40.815802238095245,-73.89539561904762,0.08761694375239587,0.7495718735173613,Unsustained place
40.75891061956522,-73.99970358695653,0.01370279332502159,0.7707488492124429,Dependence
40.75956594186047,-73.83014953488372,0.08089363170068084,0.7809226119440434,Stress / balance
40.74879656140351,-73.75656315789473,0.03144675193470363,0.671346434728858,Dependence
40.82257611594202,-73.88725562318841,0.02740558665004318,0.7288704905267324,Dependence
40.80404660180995,-73.93110959276017,0.04110837997506477,0.6536978960330381,Dependence
40.877040775933615,-73.9061000207469,0.0384262332080102,0.6750554171493628,Dependence
40.8308804074074,-73.87355833333334,0.052129026533031794,0.7920044854776198,Stress / balance
40.65317999999999,-74.00561000000002,0.14488998486610244,0.8063302321897667,Stress / balance
40.69941742857144,-73.95340301190477,0.09838142108877133,0.7901324361601547,Stress / balance
40.67604246944445,-73.90812275555555,0.05617019181769224,0.7862069804051669,Stress / balance
40.599383370370376,-73.9513839814815,0.07097583443872815,0.8380089289228017,Stress / balance
40.818558,-73.92732,0.09524711345346643,0.6338144809242411,Unsustained place
40.749280348387096,-73.7566399870968,0.017743958609682038,0.6716980741011642,Dependence
40.72189491954023,-73.98743294252877,0.14646928233714268,0.8206677621113088,Stress / balance
40.82499000000001,-73.91661999999998,0.08357577846773542,0.6302797925574761,Unsustained place
40.87648306122448,-73.87061673469388,0.06987298514271384,0.7426713969647001,Unsustained place
40.69585004166666,-73.81889848611111,0.03144675193470363,0.8336592708224045,Unsustained node
40.665505207792215,-73.7446987012987,0.02740558665004318,0.5771034512617358,Dependence
40.70907774999999,-73.95678194999999,0.2493683168856004,0.7989264039102957,Stress / balance
40.84543161658031,-73.91398888082901,0.11725251630124328,0.6844388021892502,Unsustained place
40.73093000000001,-73.864586,0.052129026533031794,0.7745988882957152,Unsustained place
40.67872843654822,-73.95301058375634,0.06314967309099881,0.7727800222118966,Unsustained place
40.86157500724638,-73.9247488405797,0.10536090236207792,0.7852513021378857,Stress / balance
40.856743,-73.89527,0.07659629719442884,0.7757244729671646,Unsustained place
40.82780886516854,-73.92592438202246,0.10425805306606359,0.7268435813345774,Unsustained place
40.856404933333344,-73.82639356410257,0.01370279332502159,0.6715797760701439,Dependence
40.84118241176471,-73.94267882352942,0.08645645279430364,0.8045968465917048,Stress / balance
40.744646030769225,-73.94854661538461,0.06314967309099881,0.7805012980359894,Stress / balance
40.654448525210086,-73.92205705882353,0.0,0.7895989351007056,Unsustained node
40.845180000000006,-73.91417,0.11725251630124328,0.6948186864803475,Unsustained place
40.73396821084338,-73.8717869879518,0.07953461318307498,0.7342546945054206,Unsustained place
40.81628396,-73.89609958666664,0.10131973707741745,0.7215058696610835,Unsustained place
40.8476383381295,-73.90098978417264,0.08761694375239587,0.8001796591929302,Stress / balance
40.716133000000006,-73.81849999999999,0.01370279332502159,0.7009124658954946,Dependence
40.74087627737225,-73.72672915328467,0.038368591545932286,0.7488658636519143,Dependence
40.6552711076923,-74.01049707692307,0.01370279332502159,0.7820150656900284,Unsustained node
40.72293,-73.847336,0.0384262332080102,0.7800433449739281,Unsustained node
40.82905990322583,-73.83646793548387,0.04919071054438567,0.48934898163956697,Unsustained place
40.76222009178744,-73.75699357487923,0.02740558665004318,0.6069478265422166,Dependence
40.804886,-73.96248000000003,0.09657024170291512,0.7986944029437153,Stress / balance
40.58375129687501,-73.89368218750002,0.01370279332502159,0.585427672219517,Dependence
40.66407957692308,-73.94818526923078,0.024723439882988613,0.7626481733760772,Dependence
40.67664651376148,-73.91647027522937,0.05885233858474681,0.7840292762431497,Stress / balance
40.88922309433961,-73.83130550943396,0.04246739849267065,0.6271549564528726,Unsustained place
40.84103,-73.94462999999999,0.04803021958629343,0.7210267245430249,Unsustained place
40.82602650847457,-73.86119694915254,0.0,0.7522610890349921,Dependence
40.66718260526316,-73.92274065789475,0.04919071054438567,0.8017902334588277,Stress / balance
40.75328642727271,-73.91247940909093,0.01370279332502159,0.7570292901984426,Dependence
40.74402536585367,-73.92615878048781,0.09165810903705632,0.8080857438932023,Stress / balance
40.78853645614034,-73.9531950877193,0.0835181368056575,0.7802637054858,Stress / balance
40.64213044827586,-73.92935379310345,0.0,0.8462020950724447,Unsustained node
40.86829038888888,-73.90107997222223,0.07947697152099706,0.666644790783188,Unsustained place
40.68714,-73.80796351063827,0.0,0.7931546523956039,Unsustained node
40.77066916853933,-73.73549696629213,0.0725551319097684,0.648484028138411,Unsustained place
40.677193586466174,-73.89721432330825,0.0384262332080102,0.7800427599632889,Unsustained node
40.68182945588235,-73.9498901764706,0.04246739849267065,0.788251511684666,Stress / balance
40.633564000000014,-74.01594999999999,0.02740558665004318,0.7585396910875266,Dependence
40.744644,-73.77040999999998,0.01370279332502159,0.5563153186126824,Dependence
40.65275162251656,-73.88629076821196,0.017743958609682038,0.7623570350473768,Dependence
40.70976341871921,-73.82050034482758,0.06987298514271384,0.7491778678800793,Unsustained place
40.6259927586207,-73.97623489655172,0.06021135710235269,0.8138845670105453,Stress / balance
40.73768141463414,-73.8520508943089,0.06289350386940726,0.7819972501454517,Stress / balance
40.69089996153847,-73.72817611538463,0.017743958609682038,0.7624230078381001,Dependence
40.62248351785714,-73.89648885714284,0.05481117330008636,0.6794742546355588,Unsustained place
40.66550999999998,-73.992775,0.04246739849267065,0.8014378509645084,Stress / balance
40.84795426086957,-73.87140478260869,0.01370279332502159,0.6298445771463481,Dependence
40.83955,-73.91594999999998,0.09459642502570244,0.6883125236820811,Unsustained place
40.83091579166667,-73.92047575000002,0.07659629719442884,0.7394951156040247,Unsustained place
40.74088288135592,-73.83729305084745,0.01370279332502159,0.7340940502355717,Dependence
40.764435000000006,-73.72268999999996,0.02740558665004318,0.7544401679736187,Dependence
40.72294854,-73.8001461,0.0,0.7790413947928722,Unsustained node
40.762940000000015,-73.86067000000001,0.01370279332502159,0.7029767882149311,Dependence
40.75796146031745,-73.98562765079367,0.0384262332080102,0.8002585247382438,Unsustained node
40.76215460553634,-73.96321456747405,0.13233972993363458,0.7992307383835814,Stress / balance
40.58589216438357,-73.93789150684931,0.04514954525972522,0.7484637552053148,Unsustained place
40.65418369354839,-73.91065788709678,0.010312316468125124,0.8188021951033501,Unsustained node
40.69628947674419,-73.97719088372097,0.06289350386940726,0.7202108591629752,Unsustained place
40.66954781538463,-73.94497030769229,0.09569927432171677,0.8185666463272256,Stress / balance
40.83543277966103,-73.92340593220341,0.06987298514271384,0.7075076748873328,Unsustained place
40.681747131313145,-73.96746782828285,0.16155649596953398,0.8108480864646129,Stress / balance
40.66743000000001,-73.76675999999999,0.0,0.7921382610243739,Unsustained node
40.71320315686275,-73.97730215686276,0.05481117330008636,0.6903969319722226,Unsustained place
40.73561333333333,-73.91513720000002,0.0,0.6288915733932041,Dependence
40.699615,-73.78828,0.01370279332502159,0.7531391475465203,Dependence
40.699657,-73.9957,0.18014602017065054,0.8008096240348921,Stress / balance
40.699764,-73.788185,0.01370279332502159,0.7394014359200333,Dependence
40.700073,-73.99454,0.1691253736126835,0.8052929706080716,Stress / balance
40.700256,-73.81493,0.04175906840282875,0.8090080339267234,Stress / balance
40.700413,-73.913704,0.10267875559502335,0.8291604336199401,Stress / balance
40.700516,-73.76141,0.01370279332502159,0.837038107181624,Unsustained node
40.700523,-73.95343,0.1338693383081354,0.8092098561161984,Stress / balance
40.700623,-73.99602,0.1451102638195368,0.7525384503313479,Unsustained place
40.701054,-73.7354,0.0,0.6949636713142691,Dependence
40.701645,-73.95621,0.13791050359279589,0.8126045754011806,Stress / balance
40.701653,-73.75841,0.03144675193470363,0.8201864138725443,Unsustained node
40.701744,-73.95455,0.13791050359279589,0.814148710053074,Stress / balance
40.701786,-73.90234,0.017743958609682038,0.8069412280968389,Unsustained node
40.702282,-73.89631,0.0,0.8322501075432007,Unsustained node
40.702404,-73.898476,0.0,0.8125139550569012,Unsustained node
40.702408,-73.93502,0.03144675193470363,0.7574612220726785,Dependence
40.702625,-73.8794,0.02740558665004318,0.8175130861517106,Unsustained node
40.702698,-73.7835,0.04514954525972522,0.7901202918760087,Stress / balance
40.703094,-73.72996,0.0,0.6520402554429061,Dependence
40.703426,-73.838326,0.01370279332502159,0.7858582549847731,Unsustained node
40.703575,-73.8097,0.04246739849267065,0.8133845130213966,Stress / balance
40.703712,-73.985565,0.08625792523479,0.8226981509598048,Stress / balance
40.703728,-73.80917,0.04246739849267065,0.8071726179831065,Stress / balance
40.703896,-73.732285,0.0,0.8357324602235938,Unsustained node
40.704147,-73.833725,0.01370279332502159,0.7925732447706675,Unsustained node
40.704235,-73.88004,0.01370279332502159,0.8037750025656725,Unsustained node
40.704357,-74.00755,0.13434578648316134,0.8048722183507317,Stress / balance
40.704376,-73.74237,0.0,0.7825884178872784,Unsustained node
40.704456,-73.98752,0.05885233858474681,0.761153700189205,Unsustained place
40.704456,-73.988434,0.05481117330008636,0.7653313024336035,Unsustained place
40.704647,-73.77192,0.01370279332502159,0.8147411103098562,Unsustained node
40.704678,-73.86761,0.01370279332502159,0.7596056427435646,Dependence
40.704712,-73.7558,0.04919071054438567,0.7843589393429965,Stress / balance
40.704746,-73.73614,0.0,0.6782429886790418,Dependence
40.704746,-73.91096,0.05323187582904612,0.8451928057200923,Stress / balance
40.704807,-73.77278,0.01370279332502159,0.814232844659755,Unsustained node
40.704876,-73.95571,0.07391415042737429,0.8108774590452779,Stress / balance
40.704903,-73.88126,0.03144675193470363,0.8036850076630531,Unsustained node
40.704998,-73.752945,0.03144675193470363,0.8217681970016036,Unsustained node
40.705017,-73.87944,0.01370279332502159,0.7767703301057858,Unsustained node
40.705154,-73.962814,0.19676284217754267,0.7916692416148753,Stress / balance
40.705235,-73.883316,0.03144675193470363,0.8106371132058529,Unsustained node
40.705265,-73.95358,0.1271460262564204,0.8169102708627245,Stress / balance
40.705853,-73.746605,0.01370279332502159,0.8443815012502868,Unsustained node
40.706215,-73.898155,0.024723439882988613,0.7843001098190021,Unsustained node
40.706512,-73.833,0.017743958609682038,0.8179783198791477,Unsustained node
40.706543,-73.89947,0.0,0.7732781584737499,Dependence
40.706627,-73.833374,0.017743958609682038,0.8047890925707848,Unsustained node
40.706745,-73.74276,0.0,0.830846784508354,Unsustained node
40.706783,-73.815186,0.0,0.7926838939581693,Unsustained node
40.706802,-73.8984,0.024723439882988613,0.7841212170940157,Unsustained node
40.706806,-73.76299,0.01370279332502159,0.8044954879026829,Unsustained node
40.707302,-73.78152,0.01370279332502159,0.7696025534230296,Dependence
40.707348,-73.82747,0.09730397358252085,0.7683059175675674,Unsustained place
40.707424,-73.771614,0.01370279332502159,0.6747753106270102,Dependence
40.707558,-73.772606,0.01370279332502159,0.7048241380491922,Dependence
40.707645,-73.947845,0.10131973707741745,0.8121563410131357,Stress / balance
40.707687,-73.833755,0.05617019181769224,0.8242430993170328,Stress / balance
40.708214,-73.732925,0.0,0.6783549648446006,Dependence
40.708225,-73.901375,0.0,0.8130599565795171,Unsustained node
40.708424,-73.73683,0.03144675193470363,0.6037165086005443,Dependence
40.708458,-73.96199,0.14242811705248223,0.8304106259149531,Stress / balance
40.708607,-73.75274,0.03144675193470363,0.7822595145079242,Unsustained node
40.708836,-73.94298,0.1024225863734318,0.8056592496564674,Stress / balance
40.708862,-73.93494,0.017743958609682038,0.7918506627553419,Unsustained node
40.708977,-73.91265,0.08467862776374974,0.7692058022861163,Unsustained place
40.709133,-73.746826,0.0,0.6627551769760506,Dependence
40.709766,-73.96617,0.05885233858474681,0.8108227163770367,Stress / balance
40.710094,-73.90029,0.0,0.7672226666889256,Dependence
40.710194,-73.90401,0.017743958609682038,0.7881315499614212,Unsustained node
40.710472,-73.960945,0.21636766926962037,0.7984532566484752,Stress / balance
40.710484,-73.87894,0.0,0.7722492342695042,Dependence
40.710606,-73.89827,0.0,0.8203714104142229,Unsustained node
40.710644,-73.90565,0.05323187582904612,0.7599237102916274,Unsustained place
40.710712,-73.894066,0.01370279332502159,0.7507184105239485,Dependence
40.710728,-73.76165,0.04514954525972522,0.7856436582662922,Stress / balance
40.710808,-73.94486,0.1024225863734318,0.7742142658126178,Unsustained place
40.711063,-73.8993,0.0,0.772646682710714,Dependence
40.711098,-73.776024,0.017743958609682038,0.7881677207240916,Unsustained node
40.711132,-73.76166,0.04514954525972522,0.7821790368528182,Stress / balance
40.711163,-73.90628,0.05323187582904612,0.7549784757343104,Unsustained place
40.711193,-73.79533,0.09165810903705632,0.8190244905446378,Stress / balance
40.711246,-73.98446,0.10465257227223601,0.775658079544545,Unsustained place
40.711422,-73.77622,0.017743958609682038,0.7881637767984658,Unsustained node
40.711445,-73.96414,0.1368330560865454,0.7985628840451,Stress / balance
40.711464,-73.82678,0.04919071054438567,0.7469160839648444,Unsustained place
40.711857,-73.827866,0.04919071054438567,0.7713901923145554,Unsustained place
40.711887,-73.92889,0.0,0.8170217393524983,Unsustained node
40.711914,-73.93498,0.017743958609682038,0.7322810800000498,Dependence
40.712006,-73.74375,0.0,0.7626327415235921,Dependence
40.712055,-73.81189,0.0669346691540677,0.7480939526967938,Unsustained place
40.712166,-73.852516,0.017743958609682038,0.8134483320480694,Unsustained node
40.712254,-73.99922,0.19430097436392246,0.7821591446710752,Stress / balance
40.713284,-73.76545,0.04919071054438567,0.7929318116266075,Stress / balance
40.713306,-73.92302,0.0,0.766778520652445,Dependence
40.713707,-73.76959,0.017743958609682038,0.7915695107160027,Unsustained node
40.713905,-73.910095,0.04919071054438567,0.7973653027177958,Stress / balance
40.713943,-73.94068,0.07391415042737429,0.8235411812149536,Stress / balance
40.713947,-73.88422,0.017743958609682038,0.7859918977494129,Unsustained node
40.713985,-73.9422,0.06719083837565926,0.8457222725881218,Stress / balance
40.714092,-73.8513,0.017743958609682038,0.8444089670875757,Unsustained node
40.714527,-73.79254,0.017743958609682038,0.7824218663385345,Unsustained node
40.714622,-73.79266,0.017743958609682038,0.78703480229933,Unsustained node
40.714638,-73.76131,0.04514954525972522,0.7727210924477603,Unsustained place
40.715263,-73.81982,0.01370279332502159,0.7998745703414392,Unsustained node
40.715435,-73.765015,0.0,0.7541473217533747,Dependence
40.715523,-73.84236,0.03144675193470363,0.7874650583237667,Unsustained node
40.715622,-73.87719,0.01370279332502159,0.8017107451422487,Unsustained node
40.715885,-73.80607,0.028056275077807162,0.7824466033917822,Unsustained node
40.716072,-73.754555,0.01370279332502159,0.8094856008286889,Unsustained node
40.716133,-73.75138,0.01370279332502159,0.6737486248947724,Dependence
40.716198,-73.98754,0.31768740634703785,0.7849810206137897,Stress / balance
40.716198,-73.98944,0.43567365452788687,0.8290514313277593,Stress / balance
40.716694,-73.76059,0.0,0.8493090403807366,Unsustained node
40.717056,-73.95795,0.12375554939952395,0.8175093108861627,Stress / balance
40.717148,-73.805855,0.028056275077807162,0.7122549782002305,Dependence
40.717236,-73.99243,0.3767959141533762,0.8186264309744904,Stress / balance
40.717293,-74.01405,0.12332513992519431,0.7569559290572265,Unsustained place
40.717583,-73.954346,0.11906369568709951,0.8456871896556708,Stress / balance
40.717915,-74.01454,0.10962234660017273,0.7543251551848127,Unsustained place
40.718044,-73.82128,0.01370279332502159,0.7031083688944688,Dependence
40.718376,-73.80374,0.04175906840282875,0.7766188945653987,Unsustained place
40.719406,-73.74239,0.0,0.8220086634113667,Unsustained node
40.719917,-73.75314,0.0,0.8186418727375389,Unsustained node
40.719997,-74.00913,0.06583181985805339,0.7756879167214665,Unsustained place
40.720314,-73.91052,0.0,0.7512121150757038,Dependence
40.720665,-74.009186,0.090555259741042,0.7749035766825476,Unsustained place
40.720905,-73.86113,0.03144675193470363,0.8550986010619268,Unsustained node
40.721016,-73.733765,0.03144675193470363,0.7627098079167021,Dependence
40.721928,-73.74119,0.0,0.7498910944389166,Dependence
40.721973,-73.88011,0.01370279332502159,0.8238210285612065,Unsustained node
40.722107,-73.90375,0.03144675193470363,0.7833561188152132,Unsustained node
40.722275,-73.74156,0.0,0.6863929858926776,Dependence
40.722404,-73.88706,0.03144675193470363,0.8138658030747414,Unsustained node
40.722523,-73.88456,0.03144675193470363,0.740008982535693,Dependence
40.722637,-73.837906,0.04110837997506477,0.7823898700050025,Unsustained node
40.722775,-73.85775,0.04514954525972522,0.7772914163677551,Stress / balance
40.722958,-73.749504,0.017743958609682038,0.6739382748542226,Dependence
40.722958,-73.86691,0.03144675193470363,0.7934082093179327,Unsustained node
40.723095,-74.00593,0.19051597830085357,0.7943584095090539,Stress / balance
40.723183,-73.74978,0.0,0.62372952892255,Dependence
40.723183,-73.94315,0.05885233858474681,0.8102106917643555,Stress / balance
40.723278,-73.815125,0.027331538964626884,0.8070797799235548,Unsustained node
40.723587,-73.95369,0.10536090236207792,0.7672106322227258,Unsustained place
40.723656,-73.93309,0.04110837997506477,0.750044095003015,Dependence
40.723686,-73.87389,0.01370279332502159,0.781804163880144,Unsustained node
40.723698,-73.7406,0.0,0.6917514817970197,Dependence
40.723896,-73.9146,0.0,0.6659395665556893,Dependence
40.723995,-73.80788,0.04919071054438567,0.8383035527808117,Stress / balance
40.724163,-73.8064,0.04919071054438567,0.7999005034282428,Stress / balance
40.724266,-73.99999,0.1193452666984549,0.8352369283605077,Stress / balance
40.724354,-74.005646,0.20421877162587518,0.8165264491693861,Stress / balance
40.724434,-73.98718,0.12872532372746065,0.7751488528836207,Unsustained place
40.724476,-73.758316,0.01370279332502159,0.7196527087696689,Dependence
40.724785,-73.914856,0.0,0.6190710335706604,Dependence
40.724876,-73.89601,0.06851396662510796,0.7795717319277083,Stress / balance
40.724968,-73.95552,0.0669346691540677,0.8065744490961799,Stress / balance
40.724976,-73.73229,0.03144675193470363,0.7026162355573607,Dependence
40.725037,-73.87258,0.0,0.7594647448277598,Dependence
40.725155,-73.74706,0.0,0.5820994162864328,Dependence
40.725235,-73.88163,0.0,0.8081186362044563,Unsustained node
40.725285,-73.81357,0.0,0.7120973534716589,Dependence
40.725395,-73.87838,0.0,0.8114307042925346,Unsustained node
40.725586,-73.82022,0.08360118025749927,0.8104032185477745,Stress / balance
40.725704,-74.0062,0.1246841584428002,0.8074787580611298,Stress / balance
40.725727,-73.87864,0.0,0.8084971331926446,Unsustained node
40.725742,-73.80082,0.0,0.7309286453276238,Dependence
40.725937,-73.80086,0.0,0.6984276851230762,Dependence
40.726025,-73.78532,0.0,0.6472347514187782,Dependence
40.726402,-73.93606,0.01370279332502159,0.7771430424391441,Unsustained node
40.726418,-73.73586,0.017743958609682038,0.6902548967482489,Dependence
40.726418,-73.98438,0.04514954525972522,0.7957804896105993,Stress / balance
40.726624,-74.00776,0.06583181985805339,0.7947456709234558,Stress / balance
40.726707,-73.74752,0.0,0.7377405202040415,Dependence
40.726803,-73.89255,0.11770467716949362,0.748965362767538,Unsustained place
40.726875,-73.89836,0.09591955327515113,0.7424584715319646,Unsustained place
40.726906,-73.90178,0.06851396662510796,0.7733146336877224,Unsustained place
40.727196,-74.006065,0.1644948119581801,0.8029023110763804,Stress / balance
40.727203,-74.00615,0.1644948119581801,0.8041746755547104,Stress / balance
40.727276,-74.0017,0.247814421204324,0.8114846396666724,Stress / balance
40.727516,-73.951454,0.06989838693247767,0.8310825443663078,Stress / balance
40.727577,-74.00883,0.02740558665004318,0.8001638294136247,Unsustained node
40.727695,-73.98367,0.0806374624790893,0.813979419027653,Stress / balance
40.727737,-74.00406,0.28219948912767373,0.7830105599633826,Stress / balance
40.727806,-73.74743,0.0,0.7221462627247248,Dependence
40.727806,-73.77645,0.01370279332502159,0.6709643330109529,Dependence
40.728325,-73.88562,0.03144675193470363,0.7649023101990797,Dependence
40.728336,-73.72851,0.01370279332502159,0.6438039257541915,Dependence
40.728714,-74.0033,0.29858442921974987,0.7881475443597892,Stress / balance
40.729126,-73.90504,0.01370279332502159,0.7484087663396132,Dependence
40.729443,-73.94419,0.0,0.7540667366519281,Dependence
40.729847,-73.88909,0.04919071054438567,0.7833169016316652,Stress / balance
40.730156,-73.99607,0.10796900144371618,0.7993422036861841,Stress / balance
40.730362,-73.73886,0.03144675193470363,0.6550125075740545,Dependence
40.730556,-73.70872,0.0,0.6605467272159827,Dependence
40.730717,-73.95646,0.12202741346550947,0.8516603904845792,Stress / balance
40.730915,-73.882744,0.04514954525972522,0.7650376630524482,Unsustained place
40.731007,-73.94927,0.0,0.7399305031555781,Dependence
40.731388,-73.900154,0.01370279332502159,0.8161862864137197,Unsustained node
40.732132,-73.73246,0.055461861727850344,0.6424880133670731,Unsustained place
40.732147,-73.98857,0.39293546708331484,0.8420670291740316,Stress / balance
40.732475,-73.798584,0.03144675193470363,0.7012210594912676,Dependence
40.732735,-73.74522,0.0,0.7055493347814245,Dependence
40.732944,-73.847015,0.03144675193470363,0.7537149259178223,Dependence
40.732975,-73.899124,0.04514954525972522,0.7933530890238852,Stress / balance
40.733006,-73.775764,0.04110837997506477,0.670433793460635,Dependence
40.733337,-73.983185,0.16480628771251077,0.8018078769297682,Stress / balance
40.733818,-73.75804,0.03144675193470363,0.5973354186857366,Dependence
40.733887,-73.880875,0.04919071054438567,0.7329833028170258,Unsustained place
40.734165,-73.997215,0.1671029110398184,0.7875388250005089,Stress / balance
40.734318,-73.85548,0.07659629719442884,0.8506705500599597,Stress / balance
40.734375,-73.99391,0.19857506476428585,0.8201297429265858,Stress / balance
40.734413,-73.876366,0.017743958609682038,0.7923694584452277,Unsustained node
40.734417,-73.84993,0.04919071054438567,0.8434344959498369,Stress / balance
40.734497,-73.88315,0.03144675193470363,0.7577758979676902,Dependence
40.734573,-73.99632,0.19857506476428585,0.7880920049063217,Stress / balance
40.734756,-73.80025,0.0,0.6596386954981573,Dependence
40.735313,-73.99199,0.2454138454486248,0.7880080783671467,Stress / balance
40.735546,-73.75886,0.04514954525972522,0.6160943066158577,Unsustained place
40.735603,-73.77516,0.05481117330008636,0.7043062032465626,Unsustained place
40.735832,-73.71168,0.017743958609682038,0.7086430479882948,Dependence
40.735928,-73.95467,0.017743958609682038,0.8210039391747932,Unsustained node
40.736446,-73.84843,0.01370279332502159,0.7522211535818026,Dependence
40.736473,-73.92098,0.017743958609682038,0.7646707051945204,Dependence
40.736504,-73.71886,0.0,0.6936731507596714,Dependence
40.736908,-73.99789,0.2992710079156711,0.8226454693190922,Stress / balance
40.737465,-73.95354,0.03144675193470363,0.7724040434461718,Dependence
40.737583,-73.70444,0.0,0.8051175067186972,Unsustained node
40.737778,-73.78925,0.0,0.6479155801657551,Dependence
40.737892,-73.80469,0.01370279332502159,0.6793593251295592,Dependence
40.738003,-73.98324,0.0943402558041109,0.8145960972967489,Stress / balance
40.738255,-73.89172,0.03144675193470363,0.7462323075696146,Dependence
40.738697,-73.85898,0.02740558665004318,0.7576159735529352,Dependence
40.738842,-73.72068,0.0,0.6547876027453674,Dependence
40.739002,-73.8209,0.035487917219364076,0.7903936163870737,Unsustained node
40.739105,-73.769035,0.02740558665004318,0.7080465134302123,Dependence
40.739193,-73.8901,0.017743958609682038,0.6761926951428088,Dependence
40.739708,-73.90642,0.010312316468125124,0.7416769657194631,Dependence
40.739807,-73.701324,0.02740558665004318,0.6986748195954547,Dependence
40.739944,-73.8753,0.04514954525972522,0.7754336482379971,Unsustained place
40.740013,-73.73355,0.03432742626127184,0.7425088727292238,Dependence
40.740143,-73.9307,0.017743958609682038,0.7988960029932154,Unsustained node
40.740173,-73.81124,0.03144675193470363,0.819204736724371,Unsustained node
40.740532,-73.87635,0.04514954525972522,0.7866366857806324,Stress / balance
40.740723,-73.97402,0.13155735215837638,0.6914482185761798,Unsustained place
40.741497,-73.721664,0.01370279332502159,0.7086488610936801,Dependence
40.741688,-73.824554,0.03144675193470363,0.7726162876943774,Dependence
40.741745,-73.88856,0.01370279332502159,0.7616953392018337,Dependence
40.741863,-73.78414,0.14245351884224605,0.7638151513981404,Unsustained place
40.741894,-73.826775,0.03144675193470363,0.8025445984630889,Unsustained node
40.741974,-73.75471,0.01370279332502159,0.7009177146899331,Dependence
40.742203,-73.99876,0.2107472065139197,0.8148384173154488,Stress / balance
40.742275,-73.95317,0.08357577846773542,0.7759475505711101,Unsustained place
40.742584,-73.86018,0.11208421441379293,0.8239143844523829,Stress / balance
40.742687,-73.86194,0.07659629719442884,0.8270095495130672,Stress / balance
40.742912,-73.89204,0.017743958609682038,0.8246450574462506,Unsustained node
40.742985,-73.89161,0.017743958609682038,0.8274461451890699,Unsustained node
40.743275,-73.85807,0.06289350386940726,0.7485915879824053,Unsustained place
40.743366,-73.89299,0.03144675193470363,0.8056678547605425,Unsustained node
40.743702,-73.99681,0.20294644695595415,0.8200271928469154,Stress / balance
40.743904,-73.820045,0.03144675193470363,0.8007500112491708,Unsustained node
40.744026,-73.86583,0.04919071054438567,0.7897022495968901,Stress / balance
40.744045,-73.88167,0.08018530161083895,0.7782925894966086,Stress / balance
40.744217,-74.00355,0.11208421441379293,0.7826141997123818,Stress / balance
40.744503,-73.708046,0.01370279332502159,0.7094164343820691,Dependence
40.744766,-73.864265,0.04514954525972522,0.7701727645008601,Unsustained place
40.744793,-73.8158,0.02740558665004318,0.743670184771158,Dependence
40.745235,-74.00419,0.11208421441379293,0.794363176565288,Stress / balance
40.745277,-73.91135,0.1246841584428002,0.8087370674898984,Stress / balance
40.745644,-73.87051,0.0,0.7742603373364905,Dependence
40.745743,-73.994446,0.09452237734028615,0.8070742562274363,Stress / balance
40.745945,-73.95175,0.07946056549765868,0.7998106940098235,Stress / balance
40.746056,-73.87351,0.01370279332502159,0.813670763300216,Unsustained node
40.746098,-73.94378,0.17008987292411698,0.759548854068062,Unsustained place
40.746185,-73.78101,0.01370279332502159,0.7264926433444434,Dependence
40.746185,-73.90194,0.06314967309099881,0.8381672882990804,Stress / balance
40.746204,-73.9967,0.24802194453026308,0.7560904480199399,Unsustained place
40.746254,-73.75126,0.0,0.6998978350311723,Dependence
40.746258,-73.900925,0.06314967309099881,0.8487243577044323,Stress / balance
40.746258,-73.99967,0.23145488290201166,0.7331391761925068,Unsustained place
40.746674,-73.753975,0.0,0.7112506253406046,Dependence
40.746693,-73.83288,0.01370279332502159,0.8107457834177819,Unsustained node
40.747005,-73.90675,0.10400188384447204,0.8122931065315673,Stress / balance
40.747204,-73.816925,0.02740558665004318,0.749308291054683,Dependence
40.747322,-73.924515,0.04514954525972522,0.732866184436328,Unsustained place
40.747803,-73.99855,0.14237947115682978,0.7253770516618486,Unsustained place
40.748047,-73.73047,0.06909060736745563,0.6700314082543041,Unsustained place
40.748352,-73.70846,0.037717903118168306,0.7245131873618261,Dependence
40.748466,-73.92528,0.04514954525972522,0.7249511349633998,Unsustained place
40.748714,-73.95295,0.0861838775493737,0.7569587122499781,Unsustained place
40.748913,-73.76107,0.0,0.667783841125026,Dependence
40.749344,-73.81337,0.01370279332502159,0.7631814915876742,Dependence
40.749413,-73.82031,0.1161253796984534,0.7254997789444247,Unsustained place
40.749687,-73.78785,0.0,0.6992621219757846,Dependence
40.750256,-73.7096,0.04803021958629343,0.7190154991417168,Unsustained place
40.750393,-73.81086,0.01370279332502159,0.7900252023172583,Unsustained node
40.750412,-73.811005,0.01370279332502159,0.7843802563538103,Unsustained node
40.750557,-73.7024,0.02740558665004318,0.6934736872085142,Dependence
40.751167,-73.72707,0.03144675193470363,0.6737958802166322,Dependence
40.751358,-73.938774,0.08761694375239587,0.8006160378219529,Stress / balance
40.751896,-73.79221,0.0,0.79106739790146,Unsustained node
40.752285,-73.88004,0.04514954525972522,0.813631797712785,Stress / balance
40.752613,-73.7923,0.0,0.7696464828963605,Dependence
40.752903,-73.827126,0.12736630520985476,0.763760758281248,Unsustained place
40.753014,-73.97385,0.05617019181769224,0.7818716905831138,Stress / balance
40.753017,-73.870514,0.01370279332502159,0.8132926376359398,Unsustained node
40.753662,-73.85505,0.08357577846773542,0.7838432415031114,Stress / balance
40.753677,-73.97342,0.06583181985805339,0.7954882026328611,Stress / balance
40.753765,-73.89356,0.035487917219364076,0.8250343510814421,Unsustained node
40.754036,-73.97722,0.06314967309099881,0.7717071778210872,Unsustained place
40.754177,-73.96495,0.08625792523479,0.8003608880037176,Stress / balance
40.754353,-73.988846,0.16879214646443214,0.7986903678888435,Stress / balance
40.754368,-73.70569,0.08012765994876103,0.6519062009079953,Unsustained place
40.754574,-73.92806,0.05617019181769224,0.8488189093792088,Stress / balance
40.754726,-73.90842,0.05617019181769224,0.7678844003149404,Unsustained place
40.754795,-73.72444,0.03144675193470363,0.76295419249375,Dependence
40.754814,-73.78534,0.0,0.6706034954951271,Dependence
40.755054,-73.75152,0.02740558665004318,0.7265359789263228,Dependence
40.755287,-73.79713,0.017743958609682038,0.7495747520280421,Dependence
40.755424,-73.87778,0.0806374624790893,0.8185025597374525,Stress / balance
40.755463,-73.88155,0.07659629719442884,0.8379658461517646,Stress / balance
40.755684,-73.89881,0.04919071054438567,0.7844948977292268,Stress / balance
40.755974,-73.96722,0.07659629719442884,0.8041003662614216,Stress / balance
40.756298,-73.91455,0.05617019181769224,0.8221838461595824,Stress / balance
40.756596,-73.771736,0.04919071054438567,0.7531020126074184,Unsustained place
40.756775,-73.89129,0.04919071054438567,0.8152221825655845,Stress / balance
40.757065,-73.73241,0.035487917219364076,0.6286763247905223,Dependence
40.757175,-73.89806,0.03144675193470363,0.870253678214022,Unsustained node
40.757355,-73.859245,0.04919071054438567,0.8241534500827732,Stress / balance
40.757374,-73.999825,0.0384262332080102,0.7761990781449281,Dependence
40.757435,-73.82495,0.05885233858474681,0.7581727426906589,Unsustained place
40.757843,-73.99905,0.0384262332080102,0.7415866290316955,Dependence
40.758102,-73.80146,0.0,0.775222626915772,Dependence
40.758324,-73.803314,0.0,0.8042240588429473,Unsustained node
40.758343,-73.88871,0.0,0.829119377171796,Unsustained node
40.758568,-73.97921,0.07953461318307498,0.8264070982210039,Stress / balance
40.759182,-73.84479,0.01370279332502159,0.7664441581412196,Dependence
40.759212,-73.87462,0.07659629719442884,0.8575090803045596,Stress / balance
40.760338,-73.89477,0.04919071054438567,0.7481445149976949,Unsustained place
40.760376,-73.866196,0.01370279332502159,0.8161547617679142,Unsustained node
40.760983,-73.88351,0.01370279332502159,0.775380438937735,Dependence
40.761555,-73.81428,0.05617019181769224,0.8260611082967269,Stress / balance
40.761684,-73.80004,0.024723439882988613,0.7675905248721082,Dependence
40.761692,-73.803215,0.0384262332080102,0.7923445428114035,Unsustained node
40.761707,-73.859634,0.01370279332502159,0.7810070843067674,Unsustained node
40.761707,-73.99442,0.06289350386940726,0.8048528191078164,Stress / balance
40.761772,-73.870346,0.05885233858474681,0.8285028365894931,Stress / balance
40.761776,-73.870346,0.05885233858474681,0.8285028365894931,Stress / balance
40.762043,-73.96971,0.06719083837565926,0.8284900557064885,Stress / balance
40.762054,-73.89618,0.03144675193470363,0.7324109345569989,Dependence
40.762215,-73.99948,0.01370279332502159,0.7532695932656663,Dependence
40.762455,-73.98066,0.24809599221567938,0.7953192875225772,Stress / balance
40.762474,-73.9283,0.024723439882988613,0.8211608529157485,Unsustained node
40.762676,-73.91708,0.03144675193470363,0.7837777352076116,Unsustained node
40.763416,-73.82012,0.0,0.739066341482068,Dependence
40.763424,-73.940544,0.06289350386940726,0.8353200546505972,Stress / balance
40.763584,-73.91637,0.017743958609682038,0.8021155960308135,Unsustained node
40.763737,-73.91845,0.0,0.7488380934696227,Dependence
40.763878,-73.92052,0.0,0.8084503917915855,Unsustained node
40.763935,-73.93824,0.04514954525972522,0.839945668901624,Stress / balance
40.763996,-73.728806,0.01370279332502159,0.7671790315996048,Dependence
40.764015,-73.78636,0.017743958609682038,0.6805017056043745,Dependence
40.764153,-73.72454,0.04110837997506477,0.7838851459407556,Unsustained node
40.764187,-73.920296,0.0,0.8213166643499357,Unsustained node
40.764538,-73.92736,0.017743958609682038,0.7765839030370753,Dependence
40.764725,-73.87071,0.04514954525972522,0.786165616541928,Stress / balance
40.764984,-73.83337,0.02740558665004318,0.7916070917749409,Unsustained node
40.765026,-73.9632,0.0978552125351047,0.8008650734505425,Stress / balance
40.765347,-73.8354,0.0,0.6583020165840787,Dependence
40.765465,-73.87467,0.04514954525972522,0.8618928806183204,Stress / balance
40.766582,-73.95908,0.1647898816891724,0.8101322113889899,Stress / balance
40.766712,-73.79368,0.01370279332502159,0.7876135514429371,Unsustained node
40.766712,-73.86848,0.03144675193470363,0.7617426134834899,Dependence
40.766724,-73.83636,0.0,0.7879411794437735,Unsustained node
40.766747,-73.86924,0.03144675193470363,0.7528998587592933,Dependence
40.767376,-73.76758,0.017743958609682038,0.7245696131317058,Dependence
40.767612,-73.927826,0.028056275077807162,0.8026537420531938,Unsustained node
40.768326,-73.80762,0.01370279332502159,0.7584546970849715,Dependence
40.769012,-73.97286,0.03144675193470363,0.7490566392330162,Dependence
40.769337,-73.87747,0.01370279332502159,0.7672050117607009,Dependence
40.769352,-73.77198,0.03144675193470363,0.6994508213002101,Dependence
40.769676,-73.907265,0.03144675193470363,0.8032134745926649,Unsustained node
40.769848,-73.82043,0.0,0.8075444717424405,Unsustained node
40.770245,-73.959694,0.11487443503160646,0.8202208638278357,Stress / balance
40.770382,-73.95605,0.06021135710235269,0.8100425343427218,Stress / balance
40.770607,-73.77971,0.04919071054438567,0.7261205086014337,Unsustained place
40.771145,-73.89882,0.03144675193470363,0.8161247860936767,Unsustained node
40.771225,-73.98759,0.2673586993306223,0.7461801506411692,Unsustained place
40.771286,-73.73251,0.01370279332502159,0.6677982646509617,Dependence
40.771732,-73.77101,0.04514954525972522,0.7266476818859011,Unsustained place
40.771935,-73.75124,0.0,0.642336242581312,Dependence
40.772053,-73.95204,0.04919071054438567,0.8058016648901756,Stress / balance
40.772427,-73.75198,0.0,0.6276015958746007,Dependence
40.772472,-73.737305,0.07659629719442884,0.6478571280439764,Unsustained place
40.772957,-73.91901,0.05481117330008636,0.8003770382843558,Stress / balance
40.773113,-73.78433,0.04919071054438567,0.6739983314517368,Unsustained place
40.773125,-73.82749,0.0,0.726926171373865,Dependence
40.773155,-73.956764,0.017743958609682038,0.8298479481872857,Unsustained node
40.773956,-73.919044,0.05481117330008636,0.8148794476021743,Stress / balance
40.774292,-73.79146,0.0,0.7723720026414993,Dependence
40.775074,-73.78828,0.01370279332502159,0.7434371019709332,Dependence
40.775112,-73.945175,0.04919071054438567,0.7877060790490132,Stress / balance
40.775234,-73.89514,0.02740558665004318,0.7931857006098355,Unsustained node
40.775494,-73.74792,0.0,0.6721210595425684,Dependence
40.775604,-73.81279,0.05481117330008636,0.8521958356957618,Stress / balance
40.775604,-73.91136,0.04246739849267065,0.7877549775393309,Stress / balance
40.775757,-73.97702,0.05617019181769224,0.7901331404922323,Stress / balance
40.776203,-73.91758,0.017743958609682038,0.8127777375090695,Unsustained node
40.776318,-73.8037,0.01370279332502159,0.7402141277965767,Dependence
40.776543,-73.90938,0.06021135710235269,0.7945379067056384,Stress / balance
40.776546,-73.81874,0.0725551319097684,0.8005554361109904,Stress / balance
40.777042,-73.909584,0.06021135710235269,0.7957182624293014,Stress / balance
40.777153,-73.92087,0.05481117330008636,0.7723791573071594,Unsustained place
40.777218,-73.97524,0.0384262332080102,0.7934820761805979,Unsustained node
40.777905,-73.97995,0.06583181985805339,0.79844505634871,Stress / balance
40.777954,-73.92201,0.02740558665004318,0.7594923932744956,Dependence
40.778996,-73.80334,0.02740558665004318,0.8172430056001655,Unsustained node
40.779224,-73.97378,0.02740558665004318,0.7680389684637692,Dependence
40.779354,-73.91117,0.035487917219364076,0.7826252556041347,Unsustained node
40.779865,-73.97331,0.052129026533031794,0.7475717866990601,Unsustained place
40.780468,-73.952774,0.14943300011555266,0.8054320469858354,Stress / balance
40.780605,-73.95611,0.14785370264451242,0.8296573235453353,Stress / balance
40.781277,-73.95853,0.0669346691540677,0.8080940577726465,Stress / balance
40.781998,-73.81411,0.0,0.7900535541162008,Unsustained node
40.782215,-73.80776,0.04514954525972522,0.813649909318529,Stress / balance
40.782856,-73.910736,0.0,0.7286514258043723,Dependence
40.782986,-73.95202,0.11208421441379293,0.8176403433540508,Stress / balance
40.783222,-73.83772,0.01370279332502159,0.7616893399088231,Dependence
40.783474,-73.80557,0.05885233858474681,0.7777103232117678,Stress / balance
40.783497,-73.91164,0.0,0.7437939129128711,Dependence
40.784042,-73.85032,0.03144675193470363,0.7678436398617873,Dependence
40.784122,-73.7816,0.035487917219364076,0.7346837510757882,Dependence
40.785255,-73.916016,0.01370279332502159,0.7257566139122101,Dependence
40.785812,-73.840225,0.03144675193470363,0.819656864076125,Unsustained node
40.785927,-73.818405,0.04514954525972522,0.7822816039187215,Stress / balance
40.786083,-73.796455,0.02740558665004318,0.7825579901393007,Unsustained node
40.786232,-73.82014,0.04514954525972522,0.7667698897740972,Unsustained place
40.787437,-73.83114,0.02740558665004318,0.7607266411609748,Dependence
40.787727,-73.84592,0.05885233858474681,0.7270708879220698,Unsustained place
40.788742,-73.94785,0.08357577846773542,0.7729768128345672,Unsustained place
40.788784,-73.947945,0.08357577846773542,0.777921868858482,Stress / balance
40.789406,-73.84452,0.01370279332502159,0.7803121846775986,Unsustained node
40.789505,-73.8086,0.03144675193470363,0.7514951883816403,Dependence
40.789577,-73.96767,0.1161253796984534,0.8036609705392762,Stress / balance
40.789703,-73.97579,0.10940206764673835,0.8382854238295346,Stress / balance
40.791264,-73.94803,0.10131973707741745,0.7704821673725418,Unsustained place
40.791435,-73.85044,0.01370279332502159,0.7170874924577955,Dependence
40.791527,-73.84176,0.017743958609682038,0.754600256400599,Dependence
40.791622,-73.844536,0.0,0.7777825624447451,Unsustained node
40.792686,-73.93941,0.0806374624790893,0.8064525187850362,Stress / balance
40.792713,-73.96931,0.1271460262564204,0.8123806253398356,Stress / balance
40.793003,-73.96995,0.10940206764673835,0.8079647378401821,Stress / balance
40.793076,-73.96808,0.0806374624790893,0.8051309581571304,Stress / balance
40.795265,-73.847664,0.01370279332502159,0.6301948553659942,Dependence
40.795708,-73.94663,0.12310486097175995,0.8025193966751507,Stress / balance
40.797375,-73.81917,0.0,0.6910783170385538,Dependence
40.798332,-73.9488,0.11208421441379293,0.7657222973338503,Unsustained place
40.800247,-73.91051,0.0,0.6732292082005773,Dependence
40.802387,-73.90776,0.0,0.6672071323842618,Dependence
40.804348,-73.948006,0.0669346691540677,0.812011071193266,Stress / balance
40.804638,-73.91444,0.11098136511777862,0.6782693306283375,Unsustained place
40.804756,-73.93429,0.15946374557232237,0.7709754676012752,Unsustained place
40.804813,-73.8849,0.01370279332502159,0.6593646826001224,Dependence
40.805305,-73.95751,0.06583181985805339,0.8331671104318628,Stress / balance
40.805393,-73.90972,0.01370279332502159,0.6755769789014928,Dependence
40.806015,-73.94338,0.07391415042737429,0.7546518839799824,Unsustained place
40.806976,-73.9278,0.07659629719442884,0.8145791052086536,Stress / balance
40.807514,-73.91239,0.04514954525972522,0.6497634862708281,Unsustained place
40.807796,-73.850685,0.01370279332502159,0.6996509439789559,Dependence
40.809032,-73.954506,0.3612830559254866,0.8171064230536388,Stress / balance
40.809097,-73.88602,0.01370279332502159,0.7506653669394403,Dependence
40.809307,-73.9039,0.01370279332502159,0.6871999902791771,Dependence
40.809803,-73.88093,0.01370279332502159,0.7457640595195392,Dependence
40.809895,-73.892044,0.0,0.754896896117753,Dependence
40.811184,-73.85773,0.05481117330008636,0.8006397876725373,Stress / balance
40.811295,-73.90732,0.1161253796984534,0.6540072627601217,Unsustained place
40.811302,-73.9182,0.14353096634849657,0.5586969555497647,Unsustained place
40.811363,-73.92614,0.11906369568709951,0.7483380061844648,Unsustained place
40.811417,-73.88184,0.01370279332502159,0.7214892883631875,Dependence
40.812195,-73.85891,0.05885233858474681,0.8273308719548906,Stress / balance
40.813133,-73.857506,0.0806374624790893,0.8171082717667513,Stress / balance
40.813297,-73.85822,0.09838142108877133,0.8093808920216221,Stress / balance
40.813473,-73.917625,0.11605133201303709,0.6456571188739726,Unsustained place
40.814075,-73.89484,0.024723439882988613,0.7799050980198307,Unsustained node
40.814312,-73.959305,0.07953461318307498,0.7895077015349629,Stress / balance
40.814377,-73.94361,0.08761694375239587,0.8106996638751187,Stress / balance
40.814533,-73.903656,0.11208421441379293,0.6296506940899665,Unsustained place
40.814716,-73.893524,0.05617019181769224,0.7758408777637309,Unsustained place
40.814846,-73.95758,0.13680765429678154,0.7780193965233801,Stress / balance
40.815006,-73.84525,0.01370279332502159,0.8072621397956906,Unsustained node
40.6834961909091,-73.97584231818182,0.12629934618199762,0.8128124670864848,Stress / balance
40.7456849139785,-73.97212392473119,0.10688255817104025,0.7782518926385951,Stress / balance
40.7605492962963,-73.9569777777778,0.051420696443189896,0.7492187951686938,Unsustained place
40.66199774626865,-73.91959032835821,0.0,0.820370851109482,Unsustained node
40.71118382570806,-73.72822847494552,0.05481117330008636,0.7285400803158549,Unsustained place
40.861862,-73.91282,0.07946056549765868,0.6576409172540505,Unsustained place
40.65483033230769,-74.00713730461537,0.09838142108877133,0.7881775168306474,Stress / balance
40.734536690265486,-73.72276646017701,0.01370279332502159,0.7975827403097765,Unsustained node
40.69619634,-73.97528485999999,0.06289350386940726,0.7649026246735614,Unsustained place
40.67193200000002,-73.85164999999996,0.05481117330008636,0.7219729097226749,Unsustained place
40.70449867256637,-73.8174059882006,0.04246739849267065,0.753598072749305,Unsustained place
40.668495096774194,-73.92560478005865,0.03144675193470363,0.7812199570758113,Unsustained node
40.84534208888889,-73.90227147407406,0.06583181985805339,0.7898043039463933,Stress / balance
40.86508875229357,-73.87189880733942,0.01370279332502159,0.6573920603703731,Dependence
40.67494061885246,-73.8019261885246,0.01370279332502159,0.7971393281650141,Unsustained node
40.63800592307691,-74.02136087912086,0.07659629719442884,0.7961792146828282,Stress / balance
40.75096460483871,-73.94026887096774,0.052129026533031794,0.7870071620920135,Stress / balance
40.67158500000001,-73.99842999999997,0.052129026533031794,0.7487579350150344,Unsustained place
40.81022044117648,-73.9512098039216,0.2274137176173512,0.8383343217071143,Stress / balance
40.86174534693876,-73.9118144489796,0.07946056549765868,0.6517954514194082,Unsustained place
40.74107461764705,-73.7257979411765,0.038368591545932286,0.7378191454994906,Dependence
40.73038612972972,-73.9138243783784,0.0,0.4296804206847303,Dependence
40.84109787654321,-73.86446214814815,0.01370279332502159,0.7959862343535957,Unsustained node
40.64089596774195,-73.94849830645161,0.04246739849267065,0.8394226565068866,Stress / balance
40.78424193333333,-73.94707195238097,0.2100134746343139,0.7737211094871093,Unsustained place
40.65932750000001,-73.92725733720934,0.08871979304841021,0.8286903478326816,Stress / balance
40.67818136301369,-73.89749039726028,0.052129026533031794,0.7804111764220103,Stress / balance
40.75521676811596,-73.94124498550727,0.024723439882988613,0.8127316084324749,Unsustained node
40.643818147541005,-74.01885106557376,0.07724698562219284,0.8119819951649332,Stress / balance
40.59726834482758,-73.99867820689654,0.02740558665004318,0.7883779317510339,Unsustained node
40.696978605042005,-73.93521810084037,0.06987298514271384,0.7876135516124501,Stress / balance
40.74942163888889,-73.98381897916666,0.01370279332502159,0.8172299581376211,Unsustained node
40.67983,-73.95830000000002,0.08089363170068084,0.7975372074787046,Stress / balance
40.70922126428572,-73.95905017142857,0.2001776063412147,0.7971740830527307,Stress / balance
40.849213,-73.92378333333335,0.04110837997506477,0.5910587817150796,Dependence
40.57982472619049,-73.97622260714283,0.024723439882988613,0.7706899678108404,Dependence
40.7144592923077,-73.83130384615384,0.09720452410734072,0.762505861747925,Unsustained place
40.705186913333335,-73.95913530666665,0.21046563550256425,0.7855131070651598,Stress / balance
40.71974579268293,-73.99215048780486,0.14672545155873423,0.8180225882773999,Stress / balance
40.835724,-73.92129000000001,0.08761694375239587,0.7199895665286336,Unsustained place
40.7816611,-73.83366399999998,0.0,0.7571942509027274,Dependence
40.79039023469388,-73.95186204081631,0.09722093013067909,0.7412370781747154,Unsustained place
40.64808208510637,-73.91470765957446,0.01370279332502159,0.7721761305160526,Dependence
40.600702190476206,-74.01001961904764,0.02740558665004318,0.7173494216827954,Dependence
40.73330714423077,-73.86673329326923,0.02740558665004318,0.7069105562182154,Dependence
40.83323859016394,-73.8282374535519,0.0669346691540677,0.6664379494018389,Unsustained place
40.75457999999999,-73.99915,0.07953461318307498,0.7680759155496439,Unsustained place
40.741426571428576,-73.8229357142857,0.017743958609682038,0.7936350654234712,Unsustained node
40.67659210447761,-73.89037283582088,0.04246739849267065,0.8142720081219608,Stress / balance
40.764680000000006,-73.9643,0.052779714960795775,0.8123827095033346,Stress / balance
40.832763999999976,-73.94582999999997,0.06575777217263709,0.7615339648526745,Unsustained place
40.69842816243655,-73.96231626903554,0.09996071855981159,0.7898888084217648,Stress / balance
40.682724467741934,-73.97649255645162,0.13731999273996465,0.8420969403918376,Stress / balance
40.83450700000001,-73.91772000000003,0.07391415042737429,0.6476862632854619,Unsustained place
40.75532896610169,-73.84324988135596,0.0384262332080102,0.7357670261190009,Dependence
40.838008103448274,-73.87328695402299,0.04110837997506477,0.5813220895027552,Dependence
40.663347629737615,-73.93159926822159,0.017743958609682038,0.8157140396024726,Unsustained node
40.58061810769231,-73.9856482923077,0.0,0.744907484692654,Dependence
40.824932,-73.82430999999998,0.0,0.7215343626079426,Dependence
40.6420138076923,-73.89884853846154,0.035487917219364076,0.8228712085578737,Unsustained node
40.67704425675676,-73.9526837837838,0.01370279332502159,0.808600768024756,Unsustained node
40.82615752380951,-73.92028285714281,0.13279189080188492,0.6936751289467574,Unsustained place
40.791558515625,-73.94469782812499,0.10536090236207792,0.7861679816764429,Stress / balance
40.71682399999999,-73.82019000000001,0.01370279332502159,0.7003520759869847,Dependence
40.82760651908397,-73.8500426335878,0.06289350386940726,0.8134307554073675,Stress / balance
40.72956000000001,-73.87144999999997,0.0,0.7443017611383926,Dependence
40.66573723181818,-73.75557665000001,0.017743958609682038,0.7183368349794246,Dependence
40.74252299999999,-73.94924,0.08787311297398742,0.7017103708913308,Unsustained place
40.74217,-73.80443600000002,0.01370279332502159,0.7491499228124798,Dependence
40.68341970588234,-74.0017986470588,0.017743958609682038,0.7983434098386903,Unsustained node
40.825422958904106,-73.92348260273974,0.12470956023256403,0.7028979164565942,Unsustained place
40.67611617241379,-73.92190937931035,0.037717903118168306,0.766940222029156,Dependence
40.65318894736842,-73.96621915789476,0.02740558665004318,0.758178412436735,Dependence
40.65829512711865,-73.93108584745765,0.0916004673749784,0.8026988747040615,Stress / balance
40.85408105263159,-73.91922631578947,0.10131973707741745,0.6505795927149873,Unsustained place
40.608433,-74.15544,0.01370279332502159,0.6744477829445491,Dependence
40.77751426923077,-73.95494846153846,0.14381253735985194,0.8167504459407755,Stress / balance
40.76263905172414,-73.83953934482759,0.01370279332502159,0.5446797068355858,Dependence
40.6212146,-74.02200120000002,0.02740558665004318,0.753096825247954,Dependence
40.66711382203388,-73.83465519067795,0.04246739849267065,0.7585844419208975,Unsustained place
40.75926137724551,-73.98477378443114,0.0384262332080102,0.8247538335699585,Unsustained node
40.81877266216217,-73.95604905405406,0.06289350386940726,0.7788131222021878,Stress / balance
40.75729564210526,-73.98600721052632,0.1577714999064651,0.7954156527123953,Stress / balance
40.846151578512405,-73.93235547933882,0.04110837997506477,0.7969781671174506,Unsustained node
40.723346676056345,-73.93931881690142,0.04514954525972522,0.7965320742523246,Stress / balance
40.796615714285714,-73.97606473684212,0.06851396662510796,0.7433418821052203,Unsustained place
40.744923,-73.83709,0.01370279332502159,0.7641842670958245,Dependence
40.73747784172663,-73.93388545323742,0.0,0.7416542115284087,Dependence
40.84743733333333,-73.89968161111112,0.08357577846773542,0.7962905002027774,Stress / balance
40.80505003389832,-73.93900489830506,0.13008434224506654,0.7934785773064114,Stress / balance
40.684128794117655,-73.97751544117646,0.16582842868602216,0.8413639471684884,Stress / balance
40.607682549295774,-74.0871505633803,0.0,0.7283930665029774,Dependence
40.85945031775701,-73.91592206542055,0.08214271226471324,0.5974100697140293,Unsustained place
40.67927600000001,-73.92906000000002,0.10131973707741745,0.7664962943604646,Unsustained place
40.865379146198826,-73.87041049707601,0.02740558665004318,0.6988505252987302,Dependence
40.740988551724136,-73.99419810344827,0.1684365277676604,0.8134920437821277,Stress / balance
40.673588,-73.73351000000001,0.035487917219364076,0.7650231188420299,Dependence
40.62156,-74.16849,0.01370279332502159,0.7643816509227809,Dependence
40.71272700000001,-73.72898999999997,0.06583181985805339,0.7410402562925202,Unsustained place
40.71420575925926,-73.92815333333336,0.0,0.8023046234273492,Unsustained node
40.66525692513368,-73.73952780748662,0.02740558665004318,0.7036818592688713,Dependence
40.75766686486487,-73.99482743243242,0.024723439882988613,0.7319790542246267,Dependence
40.83380823076925,-73.86276282051284,0.07953461318307498,0.8014530243912991,Stress / balance
40.70537000000001,-73.775826,0.01370279332502159,0.747866778946305,Dependence
40.70068058095239,-73.94186428571429,0.11559917114478674,0.811641481786018,Stress / balance
40.58523999999999,-74.093414,0.01370279332502159,0.6971587302219449,Dependence
40.88060926213593,-73.88365449514565,0.04873854967613533,0.792136241764698,Stress / balance
40.60820102112676,-73.92071193661971,0.02740558665004318,0.7343771355298367,Dependence
40.82103591836735,-73.89164852040814,0.06583181985805339,0.8175724264965166,Stress / balance
40.65430457142858,-73.91762558441559,0.0,0.8150688089081294,Unsustained node
40.64663999999999,-73.92459892405067,0.12016654498311383,0.8299262074028854,Stress / balance
40.74334466666666,-73.77560770833334,0.06289350386940726,0.7041759267107499,Unsustained place
40.6553,-73.90318,0.02740558665004318,0.7917387683495193,Unsustained node
40.669704,-73.94773999999997,0.10267875559502335,0.8011353000727163,Stress / balance
40.65190414399999,-73.86538224,0.01370279332502159,0.7804384847741832,Unsustained node
40.805705376623386,-73.94063224675325,0.10940206764673835,0.807139302639458,Stress / balance
40.81801200000001,-73.92519000000001,0.07346198955912395,0.5773861943763454,Unsustained place
40.831917333333344,-73.93522915873014,0.052129026533031794,0.6699908947671828,Unsustained place
40.81914493103448,-73.93718675862068,0.08761694375239587,0.8117402811872513,Stress / balance
40.75871498477158,-73.82974033502539,0.0986375903103629,0.7749477484850322,Unsustained place
40.752141320895525,-73.97773254477613,0.12629934618199762,0.7459968780884633,Unsustained place
40.760822,-73.99832,0.03144675193470363,0.7949770176831183,Unsustained node
40.82620577105264,-73.85960899999999,0.01370279332502159,0.7510533177673941,Dependence
40.75888158038147,-73.99230974114441,0.2521371575003398,0.8053396708440691,Stress / balance
40.75575270422535,-73.96479357746479,0.07659629719442884,0.7942026581431939,Stress / balance
40.809745256038646,-73.90307149758455,0.01370279332502159,0.6667153983187543,Dependence
40.71511479518072,-73.7735515180723,0.0,0.7814068136809484,Unsustained node
40.817399710982656,-73.92275673410406,0.10465257227223601,0.6346251520728845,Unsustained place
40.79388562105264,-73.9705028368421,0.09165810903705632,0.8192229167852751,Stress / balance
40.66578223529412,-73.74825058823532,0.0,0.6233195784624095,Dependence
40.84495638650307,-73.92636044171779,0.06851396662510796,0.4688213324825258,Unsustained place
40.73618581967213,-73.71366775409834,0.0,0.7672917147002726,Dependence
40.74608163054187,-73.97494426600987,0.10400188384447204,0.7795510273797824,Stress / balance
40.73594000000001,-73.85887000000001,0.05885233858474681,0.7192816771711086,Unsustained place
40.632435,-73.88818000000002,0.02740558665004318,0.7641079546919173,Dependence
40.749638,-73.99905,0.0861838775493737,0.7596296576636565,Unsustained place
40.69405534020619,-73.82798697938145,0.03144675193470363,0.7940718615310929,Unsustained node
40.75917820114943,-73.96832197126436,0.10536090236207792,0.7891995890964882,Stress / balance
40.86444298089171,-73.91896596815288,0.10536090236207792,0.8234654302080812,Stress / balance
40.87831780487805,-73.87019226829267,0.0384262332080102,0.7178017224194277,Dependence
40.86039533333334,-73.88891952380955,0.22552744734519176,0.7615417884022001,Unsustained place
40.85876,-73.89735999999999,0.04919071054438567,0.807152918565293,Stress / balance
40.80275605084746,-73.93357781779665,0.08690861366255398,0.7701834415451584,Unsustained place
40.73644420930233,-73.85621872093023,0.07659629719442884,0.7870990102398561,Stress / balance
40.63516432631579,-73.9286149473684,0.0,0.8329724730462816,Unsustained node
40.71757802314815,-73.9993294837963,0.16178726340136168,0.7977188962498831,Stress / balance
40.75928768656718,-73.98088197014927,0.06583181985805339,0.8108090784793354,Stress / balance
40.721985,-73.84522999999999,0.10832462014048788,0.7942813778283333,Stress / balance
40.7622842903226,-73.98611814516126,0.14775425316933227,0.771214972076354,Unsustained place
40.76053673399014,-73.95835955665022,0.04110837997506477,0.7676815173312501,Dependence
40.8240311574803,-73.9447592913386,0.06987298514271384,0.8502550289212304,Stress / balance
40.78804094827586,-73.9443394137931,0.12239653088191804,0.7449096984018423,Unsustained place
40.84483971681416,-73.90546265486725,0.06851396662510796,0.6501152729632074,Unsustained place
40.570877,-74.16984,0.01370279332502159,0.7391575506719633,Dependence
40.61939873863636,-73.96957434090906,0.01370279332502159,0.8184354655904242,Unsustained node
40.70796266666666,-73.83714577777776,0.01370279332502159,0.7882253045965631,Unsustained node
40.6654579004975,-73.72985515422884,0.01370279332502159,0.6568610847064194,Dependence
40.76887562222223,-73.90689085185184,0.03144675193470363,0.7968694711000645,Unsustained node
40.81809831496065,-73.96146914960627,0.06851396662510796,0.7886656322629217,Stress / balance
40.60984271705426,-73.92252075581396,0.01370279332502159,0.7718708952722999,Dependence
40.6860835106383,-73.9826669219858,0.1024225863734318,0.8145883695037335,Stress / balance
40.828405271604936,-73.84393055555557,0.0,0.7190819584257321,Dependence
40.877796707142856,-73.86806285,0.0768524664160204,0.7471245165058638,Unsustained place
40.675624403409095,-73.89874225,0.06314967309099881,0.757135055681328,Unsustained place
40.87654163513513,-73.90444943243241,0.0,0.6846799126370823,Dependence
40.81031848837208,-73.94363346511629,0.0725551319097684,0.8087371060844942,Stress / balance
40.65316999999997,-73.86687499999995,0.024015109793146715,0.7722090653243467,Dependence
40.675677094117646,-73.89774948235296,0.06314967309099881,0.7753755665391372,Unsustained place
40.8450024859155,-73.90929733802818,0.0898469296512001,0.6535035733465392,Unsustained place
40.70729935714287,-73.7512064489796,0.03144675193470363,0.7928315332778846,Unsustained node
40.69119112650602,-73.9978036746988,0.04110837997506477,0.7755526368892609,Dependence
40.666261482014384,-73.79172870503596,0.01370279332502159,0.6849145929227949,Dependence
40.826424,-73.85868000000002,0.01370279332502159,0.7623877322501498,Dependence
40.5793315959596,-74.16938020202019,0.13979677386495534,0.7316271725282077,Unsustained place
40.66493010526316,-73.82226747368422,0.02740558665004318,0.7353593654590835,Dependence
40.74882500000001,-73.96983999999998,0.09996071855981159,0.7389126189198366,Unsustained place
40.692533482142856,-73.9909810892857,0.3050942225907949,0.756301328565444,Unsustained place
40.67951008280254,-73.94963163694267,0.0849347969853413,0.7916837126842085,Stress / balance
40.75144726271188,-74.00143316101695,0.09029909051945044,0.7368476532699221,Unsustained place
40.76158200799999,-73.97077928,0.05617019181769224,0.8240649651424983,Stress / balance
40.79379801257861,-73.94012849685532,0.0806374624790893,0.7900089526759289,Stress / balance
40.84828875409836,-73.88314400000004,0.08625792523479,0.760484703312676,Unsustained place
40.68045427058823,-73.8213406470588,0.017743958609682038,0.8385310676832938,Unsustained node
40.771038,-73.83413000000003,0.06989838693247767,0.7791753334984128,Stress / balance
40.694840000000006,-73.98391000000001,0.0943402558041109,0.7898768475683636,Stress / balance
40.68008807017544,-73.94397315789473,0.07248108422435211,0.7649146038959134,Unsustained place
40.66895495767197,-73.93389921693121,0.04246739849267065,0.8115871804679837,Stress / balance
40.626457,-73.91799999999999,0.02740558665004318,0.8074121519818731,Unsustained node
40.87906118055556,-73.87437958333332,0.04514954525972522,0.7893726529188447,Stress / balance
40.67043000000001,-73.92818499999998,0.07391415042737429,0.8498681879284218,Stress / balance
40.76436199999999,-73.96162000000001,0.11273490284155693,0.7839112405723165,Stress / balance
40.66563,-73.73920999999999,0.02740558665004318,0.7091126349904011,Dependence
40.73776514373089,-73.9349691590214,0.0,0.7238325430179512,Dependence
40.77861837500001,-73.98162056818181,0.1327664890121211,0.7840050155557511,Stress / balance
40.856035431034485,-73.90079603448277,0.10131973707741745,0.7486530226916397,Unsustained place
40.6672756357616,-73.76998174834436,0.0,0.7424468433176541,Dependence
40.80469883127572,-73.91243082304527,0.06987298514271384,0.6763854314703809,Unsustained place
40.76261470967742,-73.9543653548387,0.05834253605441855,0.714632066444049,Unsustained place
40.84084215131579,-73.87264961842104,0.052129026533031794,0.6743609996694819,Unsustained place
40.82519429752067,-73.86771170247934,0.0,0.745806386432139,Dependence
40.85398980645161,-73.89103087096775,0.08690861366255398,0.8040005483926529,Stress / balance
40.768828785123965,-73.94899110743802,0.05885233858474681,0.7276657983642315,Unsustained place
40.6693678888889,-73.89524555555556,0.0669346691540677,0.8407563756386688,Stress / balance
40.8946551372549,-73.86135284313723,0.07275365946928204,0.7382451053676404,Unsustained place
40.82415080745342,-73.87449688198757,0.09838142108877133,0.7030887518617022,Unsustained place
40.62770832692307,-73.89021634615384,0.02740558665004318,0.6314505642048514,Dependence
40.69478979310345,-73.9824603448276,0.06851396662510796,0.7641354523829761,Unsustained place
40.61273599999999,-74.01172000000001,0.03144675193470363,0.8165949167308303,Unsustained node
40.70166,-73.96146399999999,0.14353096634849657,0.7836021278484714,Stress / balance
40.69388684873952,-73.72689336134457,0.0,0.6994470174481092,Dependence
40.806453984375,-73.94223804687499,0.0806374624790893,0.7830786362280414,Stress / balance
40.76220816666667,-73.98988606060607,0.11208421441379293,0.8239992314340896,Stress / balance
40.64715600000001,-74.01529940298508,0.0384262332080102,0.8168505755708757,Unsustained node
40.828125986301366,-73.93489106164382,0.06583181985805339,0.7242450243059041,Unsustained place
40.7589121768868,-73.98857169575471,0.32607670971747793,0.7783512397128656,Stress / balance
40.65290118085106,-73.9593794361702,0.05885233858474681,0.8058750934713808,Stress / balance
40.71886545238095,-73.97482819047619,0.0669346691540677,0.7230978358171284,Unsustained place
40.74690808724832,-73.9856673489933,0.0861838775493737,0.8097041578439391,Stress / balance
40.84386898,-73.92737472,0.05481117330008636,0.3955588733941118,Unsustained place
40.83647466037736,-73.87371844339623,0.02740558665004318,0.6822486014725857,Dependence
40.85736490909092,-73.84656829545456,0.06909060736745563,0.7615375666187341,Unsustained place
40.64600396261682,-74.01647172897196,0.0384262332080102,0.7865549434937653,Unsustained node
40.729221185185175,-73.87894851851853,0.01370279332502159,0.7217794161126609,Dependence
40.86831658461538,-73.83318043076923,0.0,0.6797006773900139,Dependence
40.69499308333332,-73.95249802083333,0.03144675193470363,0.7849283892219644,Unsustained node
40.72773251569506,-73.90673943946189,0.02740558665004318,0.7406339697333632,Dependence
40.765265515625,-73.81516296874997,0.01370279332502159,0.8316782818258592,Unsustained node
40.74613,-73.83605,0.01370279332502159,0.7733104770273237,Dependence
40.74708224999999,-73.98132867391305,0.08350173078231912,0.8059213571235486,Stress / balance
40.695377,-73.94921,0.08357577846773542,0.8020893433693859,Stress / balance
40.88065325806453,-73.87761774193548,0.06981534348063592,0.8043760282002337,Stress / balance
40.69162226223092,-73.99925870841486,0.06583181985805339,0.7719835140685032,Unsustained place
40.82816636486487,-73.9311325,0.01370279332502159,0.6994633055588833,Dependence
40.84872741772151,-73.93234620253166,0.08761694375239587,0.8639039951785955,Stress / balance
40.74842327152317,-73.9845333642384,0.052129026533031794,0.8114070576022756,Stress / balance
40.85267399999999,-73.91910326315792,0.11906369568709951,0.6641324824229656,Unsustained place
40.74668185294118,-73.97449441176474,0.08690861366255398,0.7873943847989625,Stress / balance
40.64257328467153,-73.87653872262776,0.02740558665004318,0.7107869191358013,Dependence
40.78317512,-73.97835150666668,0.10536090236207792,0.8171406227468009,Stress / balance
40.75350776106195,-73.98085514159293,0.10418400538064729,0.8122831158480392,Stress / balance
40.620914,-73.9753,0.0384262332080102,0.713776975983745,Dependence
40.71285848780487,-73.90605012195122,0.05323187582904612,0.7757532126321033,Unsustained place
40.67033608791208,-73.9975389010989,0.0,0.7944070214595027,Unsustained node
40.75218,-73.85200999999999,0.01370279332502159,0.7252465049853836,Dependence
40.76123960655739,-73.96388461065575,0.15751533068487356,0.753120835670511,Unsustained place
40.87356,-73.81852999999998,0.01370279332502159,0.5097460859152061,Dependence
40.82010184210527,-73.95508092105263,0.11502253040243905,0.7962206072286523,Stress / balance
40.58357308496732,-73.98413556862745,0.01370279332502159,0.754514436894146,Dependence
40.77227793043479,-73.94533869565218,0.04175906840282875,0.8320143337511993,Stress / balance
40.65383560162602,-74.0081744796748,0.09838142108877133,0.801723008704964,Stress / balance
40.677917,-73.93861000000001,0.08018530161083895,0.7603979168093709,Unsustained place
40.80946660714286,-73.92924547857143,0.05885233858474681,0.7259503398302976,Unsustained place
40.86553755172413,-73.86237741379308,0.01370279332502159,0.6904432443107704,Dependence
40.6642185595238,-73.91910297619049,0.04919071054438567,0.8372273298462451,Stress / balance
40.815098,-73.821144,0.01370279332502159,0.7222240313282158,Dependence
40.815166,-73.90641,0.1327664890121211,0.6127910792839948,Unsustained place
40.815247,-73.959915,0.07953461318307498,0.7989193284620567,Stress / balance
40.815475,-73.90033,0.0806374624790893,0.6369227122548621,Unsustained place
40.815536,-73.888664,0.04110837997506477,0.7524931585469861,Dependence
40.816406,-73.90513,0.14646928233714268,0.581257337624017,Unsustained place
40.816406,-73.92778,0.05975919623410235,0.6204912866671977,Unsustained place
40.816875,-73.8142,0.0,0.7078812376106811,Dependence
40.817314,-73.8445,0.0,0.7481169604739825,Dependence
40.818367,-73.91099,0.12578700773881452,0.6652571408107959,Unsustained place
40.818386,-73.824196,0.01370279332502159,0.6955878940868239,Dependence
40.818546,-73.80596,0.0,0.6252517864280779,Dependence
40.818546,-73.851585,0.04110837997506477,0.7704037197670517,Dependence
40.818672,-73.86669,0.0,0.7535709508607008,Dependence
40.818737,-73.945915,0.10536090236207792,0.8556731133518706,Stress / balance
40.818794,-73.89864,0.07659629719442884,0.7302818915210656,Unsustained place
40.819004,-73.81583,0.0,0.6611101267116408,Dependence
40.819214,-73.84662,0.01370279332502159,0.7574096967815054,Dependence
40.820854,-73.85801,0.15161329691781747,0.8064916204174226,Stress / balance
40.821262,-73.814606,0.01370279332502159,0.5381857218882578,Dependence
40.821846,-73.899475,0.15344876361044926,0.6642361577084657,Unsustained place
40.822224,-73.90113,0.06289350386940726,0.6156403946276984,Unsustained place
40.822285,-73.87772,0.05323187582904612,0.7690033365813789,Unsustained place
40.822388,-73.893906,0.090555259741042,0.5907876778019643,Unsustained place
40.822914,-73.845795,0.0,0.8627441170275698,Unsustained node
40.823086,-73.856186,0.08871979304841021,0.7841306733577195,Stress / balance
40.823093,-73.92144,0.17232097330590945,0.722593563828295,Unsustained place
40.823177,-73.842705,0.0,0.7219218510046436,Dependence
40.823208,-73.9105,0.09996071855981159,0.7116718894416203,Unsustained place
40.824192,-73.87817,0.0669346691540677,0.7111860994662198,Unsustained place
40.824482,-73.90161,0.0806374624790893,0.6932611085816948,Unsustained place
40.824608,-73.82422,0.0,0.7225731482866354,Dependence
40.824734,-73.94854,0.12310486097175995,0.844476823244929,Stress / balance
40.826263,-73.95213,0.06987298514271384,0.8101419724995746,Stress / balance
40.826775,-73.89496,0.07659629719442884,0.6173996336150152,Unsustained place
40.826893,-73.88263,0.02740558665004318,0.7627696530952583,Dependence
40.827263,-73.90124,0.1338693383081354,0.6316633206388157,Unsustained place
40.827374,-73.94671,0.05323187582904612,0.8459540688753511,Stress / balance
40.827488,-73.84558,0.01370279332502159,0.7508952261684588,Dependence
40.827953,-73.87244,0.06583181985805339,0.7982331112609717,Stress / balance
40.827957,-73.81366,0.0,0.6444615545966644,Dependence
40.828175,-73.85141,0.0669346691540677,0.8103512177194961,Stress / balance
40.828236,-73.887405,0.09727857179275701,0.6410095381867622,Unsustained place
40.828365,-73.817215,0.07097583443872815,0.6565793474906889,Unsustained place
40.828655,-73.90186,0.13047886145123896,0.6422956547314613,Unsustained place
40.828903,-73.925316,0.10425805306606359,0.6778676425692782,Unsustained place
40.830013,-73.82463,0.017743958609682038,0.6758517201702078,Dependence
40.830215,-73.916954,0.0806374624790893,0.6943272596559165,Unsustained place
40.830517,-73.876755,0.18331621807411264,0.7716127362067907,Unsustained place
40.830986,-73.82343,0.017743958609682038,0.6901483112891493,Dependence
40.831112,-73.86427,0.02740558665004318,0.8255565734777175,Unsustained node
40.831215,-73.85628,0.01370279332502159,0.6892102053997138,Dependence
40.831306,-73.8672,0.0384262332080102,0.7892956115702021,Unsustained node
40.831646,-73.88848,0.0943402558041109,0.6512934642338393,Unsustained place
40.831703,-73.858116,0.052129026533031794,0.7190091296102714,Unsustained place
40.831768,-73.8169,0.0,0.6229609529661337,Dependence
40.831806,-73.94353,0.11494848271702275,0.8029496918632116,Stress / balance
40.831993,-73.90541,0.11835536559725761,0.6479294525300083,Unsustained place
40.832066,-73.94009,0.08357577846773542,0.8340193318972667,Stress / balance
40.832577,-73.87724,0.1338693383081354,0.7601494768859373,Unsustained place
40.833275,-73.90666,0.10061140698757556,0.6089621393550444,Unsustained place
40.833282,-73.910095,0.04919071054438567,0.7196156419360423,Unsustained place
40.834106,-73.93914,0.04514954525972522,0.8151704229375601,Stress / balance
40.834343,-73.816666,0.0,0.6667098906161619,Dependence
40.834656,-73.94749,0.10686615214770186,0.7104916231226654,Unsustained place
40.834923,-73.82063,0.0,0.7047754642036556,Dependence
40.835236,-73.92996,0.01370279332502159,0.6284051273772088,Dependence
40.835407,-73.841866,0.0,0.7118075539852169,Dependence
40.836178,-73.90417,0.0806374624790893,0.5986078669794064,Unsustained place
40.838074,-73.83333,0.024015109793146715,0.8404072688229246,Unsustained node
40.838745,-73.88258,0.10131973707741745,0.7319903882523339,Unsustained place
40.838764,-73.901566,0.06289350386940726,0.6801504980617269,Unsustained place
40.838963,-73.90484,0.07659629719442884,0.7345724183080297,Unsustained place
40.839695,-73.91478,0.0384262332080102,0.7139226990965384,Dependence
40.839703,-73.87163,0.08357577846773542,0.72404717097172,Unsustained place
40.839714,-73.87187,0.08357577846773542,0.7141353884566038,Unsustained place
40.840076,-73.88495,0.09996071855981159,0.779279762075592,Stress / balance
40.840088,-73.883514,0.08625792523479,0.7127454638380051,Unsustained place
40.840267,-73.84488,0.05617019181769224,0.6887900711268659,Unsustained place
40.840435,-73.83703,0.06916465505287193,0.7140912099335688,Unsustained place
40.840702,-73.78407,0.0,0.6514269892961099,Dependence
40.841175,-73.8701,0.02740558665004318,0.5883239188134662,Dependence
40.841274,-73.90268,0.07659629719442884,0.5644988303592331,Unsustained place
40.841503,-73.86696,0.03144675193470363,0.7314545709670847,Dependence
40.841736,-73.8977,0.03144675193470363,0.6646698530399704,Dependence
40.841854,-73.88042,0.08357577846773542,0.5938058880012798,Unsustained place
40.841984,-73.89201,0.14915142910419726,0.7894582723900493,Stress / balance
40.842022,-73.89118,0.13544863577917565,0.7771451579911869,Stress / balance
40.842026,-73.83703,0.10759088826088214,0.7483105750090018,Unsustained place
40.842182,-73.85105,0.010312316468125124,0.6461732721530085,Dependence
40.842323,-73.78559,0.01370279332502159,0.62870984908016,Dependence
40.842674,-73.92188,0.06851396662510796,0.6724681535580744,Unsustained place
40.842724,-73.939964,0.10490874149382758,0.832588505178133,Stress / balance
40.843006,-73.85529,0.0,0.7443725409964617,Dependence
40.843014,-73.8852,0.09996071855981159,0.7498668310948469,Unsustained place
40.843517,-73.83295,0.017743958609682038,0.7881447982397413,Unsustained node
40.843662,-73.91754,0.07953461318307498,0.6139172624130815,Unsustained place
40.843945,-73.8858,0.11770467716949362,0.7988892230545541,Stress / balance
40.844177,-73.94144,0.055461861727850344,0.82406042699376,Stress / balance
40.844307,-73.8933,0.10400188384447204,0.7532706931804304,Unsustained place
40.844925,-73.85381,0.0,0.6213804000996878,Dependence
40.845215,-73.82645,0.04919071054438567,0.7054332188219193,Unsustained place
40.845215,-73.82894,0.06289350386940726,0.7998437916884463,Stress / balance
40.845394,-73.850914,0.0,0.5718784423152323,Dependence
40.845722,-73.859886,0.01370279332502159,0.6408406007645532,Dependence
40.845924,-73.78601,0.02740558665004318,0.6309021355167572,Dependence
40.846016,-73.853584,0.0,0.5849402272149763,Dependence
40.846157,-73.851105,0.03144675193470363,0.6110018600606147,Dependence
40.847065,-73.8916,0.03144675193470363,0.8084351196193983,Unsustained node
40.847473,-73.93739,0.09459642502570244,0.852599059807748,Stress / balance
40.847824,-73.8663,0.07391415042737429,0.6758811899166302,Unsustained place
40.847965,-73.78329,0.024723439882988613,0.6260079811740669,Dependence
40.847977,-73.8297,0.06987298514271384,0.7936819466141678,Stress / balance
40.848637,-73.8645,0.0,0.6114199359564232,Dependence
40.848957,-73.86024,0.01370279332502159,0.690393244355893,Dependence
40.849213,-73.90576,0.05617019181769224,0.7252546641327794,Unsustained place
40.849915,-73.89747,0.03144675193470363,0.7620670394345584,Dependence
40.850273,-73.83213,0.01370279332502159,0.8232822983320262,Unsustained node
40.850574,-73.85384,0.03144675193470363,0.6723733965890746,Dependence
40.851353,-73.93385,0.09569927432171677,0.86633762562553,Stress / balance
40.851902,-73.9369,0.09165810903705632,0.7959282246231804,Stress / balance
40.851986,-73.93178,0.1161253796984534,0.8520778103732759,Stress / balance
40.852077,-73.93289,0.07097583443872815,0.8550751992079877,Stress / balance
40.852417,-73.88277,0.02740558665004318,0.8145634429427244,Unsustained node
40.852783,-73.84266,0.05826848836900225,0.693074439995629,Unsustained place
40.853226,-73.93142,0.09165810903705632,0.8557632194663102,Stress / balance
40.853466,-73.84288,0.04795617190087713,0.7010803388638004,Unsustained place
40.853676,-73.885666,0.03144675193470363,0.7784421796094698,Unsustained node
40.853794,-73.852936,0.0,0.8064450104027004,Unsustained node
40.854145,-73.83102,0.02740558665004318,0.7692847002538062,Dependence
40.854366,-73.86871,0.03144675193470363,0.7048830929099685,Dependence
40.854393,-73.83503,0.05481117330008636,0.6852895346168925,Unsustained place
40.854664,-73.85707,0.0,0.6672631708204908,Dependence
40.855618,-73.829575,0.01370279332502159,0.7320407273017202,Dependence
40.855988,-73.88961,0.051420696443189896,0.8312716645273142,Stress / balance
40.855995,-73.86075,0.05617019181769224,0.6324185986758014,Unsustained place
40.856014,-73.86194,0.05617019181769224,0.6154734799363327,Unsustained place
40.856136,-73.89235,0.06916465505287193,0.8471925467715522,Stress / balance
40.856464,-73.9351,0.12578700773881452,0.6913437758516142,Unsustained place
40.856518,-73.85463,0.02740558665004318,0.7869501699727701,Unsustained node
40.856594,-73.90047,0.08761694375239587,0.7903113192009941,Stress / balance
40.857265,-73.8452,0.06909060736745563,0.7754374095159636,Unsustained place
40.857437,-73.84815,0.051346648757773596,0.7413525940235581,Unsustained place
40.857605,-73.93778,0.0943402558041109,0.6583775219968155,Unsustained place
40.857765,-73.86862,0.052129026533031794,0.7708691152583742,Unsustained place
40.858395,-73.85337,0.052129026533031794,0.7462492933215734,Unsustained place
40.859898,-73.91985,0.04110837997506477,0.778753846763286,Unsustained node
40.860165,-73.91028,0.07248108422435211,0.7008104176630658,Unsustained place
40.861057,-73.85266,0.024723439882988613,0.8498439714211616,Unsustained node
40.861774,-73.848236,0.0,0.7228404432967701,Dependence
40.861824,-73.90576,0.03144675193470363,0.7435346802102258,Dependence
40.861885,-73.86848,0.03144675193470363,0.6895262064907443,Dependence
40.861916,-73.86168,0.08871979304841021,0.7307117316125309,Unsustained place
40.862793,-73.907,0.01370279332502159,0.7130728285810506,Dependence
40.863052,-73.8594,0.03144675193470363,0.7770509312178451,Unsustained node
40.863186,-73.83986,0.01370279332502159,0.6677656722573694,Dependence
40.863865,-73.90423,0.024015109793146715,0.7624619393244818,Dependence
40.864857,-73.92572,0.10131973707741745,0.8483801367306523,Stress / balance
40.864975,-73.92541,0.11502253040243905,0.8440957531691171,Stress / balance
40.865784,-73.89301,0.06987298514271384,0.7835985923146869,Stress / balance
40.865902,-73.85576,0.0,0.6503923952384216,Dependence
40.866493,-73.91813,0.08089363170068084,0.833040569249206,Stress / balance
40.867107,-73.92283,0.13680765429678154,0.8006148316307106,Stress / balance
40.867516,-73.90824,0.024015109793146715,0.5102550137254804,Dependence
40.867764,-73.86049,0.03144675193470363,0.7275742610117752,Dependence
40.867836,-73.84698,0.024723439882988613,0.6333661337921945,Dependence
40.867916,-73.92046,0.10131973707741745,0.8464404090065348,Stress / balance
40.868416,-73.926346,0.04919071054438567,0.7730348965928945,Unsustained place
40.869007,-73.8975,0.14084881958144202,0.6563077392398688,Unsustained place
40.869835,-73.84291,0.06843991893969166,0.6775963305134469,Unsustained place
40.869938,-73.85563,0.01370279332502159,0.7067995685078345,Dependence
40.870083,-73.88564,0.04919071054438567,0.8093754016025902,Stress / balance
40.870163,-73.88877,0.035487917219364076,0.7987289873343896,Unsustained node
40.871258,-73.91748,0.06583181985805339,0.8011566564767979,Stress / balance
40.871803,-73.891815,0.024723439882988613,0.7423226831175026,Dependence
40.871895,-73.919075,0.04110837997506477,0.7982770624732611,Unsustained node
40.872055,-73.869354,0.052129026533031794,0.6575066368158592,Unsustained place
40.872097,-73.83598,0.03144675193470363,0.6393989506910486,Dependence
40.872707,-73.87779,0.08357577846773542,0.8446639333045854,Stress / balance
40.874027,-73.888054,0.0986375903103629,0.8075447666927484,Stress / balance
40.874878,-73.85302,0.017743958609682038,0.6764513544936062,Dependence
40.874943,-73.88346,0.01370279332502159,0.7665983343234253,Dependence
40.874966,-73.884155,0.01370279332502159,0.7740870414423365,Dependence
40.875126,-73.87518,0.0943402558041109,0.8040987674108606,Stress / balance
40.875256,-73.84342,0.01370279332502159,0.6611823884354245,Dependence
40.875305,-73.867805,0.0725551319097684,0.7670966541223022,Unsustained place
40.876236,-73.85124,0.017743958609682038,0.6735244718099591,Dependence
40.876884,-73.867096,0.052129026533031794,0.7548894056625194,Unsustained place
40.876984,-73.873215,0.08357577846773542,0.7336014091213204,Unsustained place
40.877777,-73.86549,0.05617019181769224,0.7109000939994956,Unsustained place
40.879097,-73.83247,0.0,0.7345462569846337,Dependence
40.879143,-73.87647,0.04175906840282875,0.7797878519507034,Stress / balance
40.879612,-73.9145,0.0806374624790893,0.6183346823660418,Unsustained place
40.880093,-73.87342,0.06987298514271384,0.7826083904739423,Stress / balance
40.880142,-73.91741,0.05885233858474681,0.6756553243658865,Unsustained place
40.880676,-73.86439,0.04514954525972522,0.6253698333896489,Unsustained place
40.880825,-73.85158,0.017743958609682038,0.6558791675020297,Dependence
40.880848,-73.86095,0.04919071054438567,0.5918433560256632,Unsustained place
40.880943,-73.89749,0.02740558665004318,0.7084860691804139,Dependence
40.881565,-73.840004,0.04246739849267065,0.6998559601409842,Unsustained place
40.882282,-73.83823,0.017743958609682038,0.7054705729808299,Dependence
40.882393,-73.86171,0.09165810903705632,0.6085655780181547,Unsustained place
40.883045,-73.86666,0.03144675193470363,0.6935287496896043,Dependence
40.883068,-73.910614,0.01370279332502159,0.7105656630111264,Dependence
40.883183,-73.86161,0.04246739849267065,0.6161795445337845,Unsustained place
40.883232,-73.89682,0.05885233858474681,0.7403828585874064,Unsustained place
40.883606,-73.91558,0.04110837997506477,0.6603336814304809,Dependence
40.883614,-73.84779,0.0,0.695044574072901,Dependence
40.884125,-73.854095,0.017743958609682038,0.6546419472791734,Dependence
40.884716,-73.90087,0.11090731743236232,0.7132415331492891,Unsustained place
40.885235,-73.86023,0.04246739849267065,0.6413936179012731,Unsustained place
40.885246,-73.860275,0.04246739849267065,0.6413936179012731,Unsustained place
40.885696,-73.82004,0.01370279332502159,0.5568036986688334,Dependence
40.885834,-73.90277,0.09720452410734072,0.6784625591907758,Unsustained place
40.886223,-73.80823,0.01370279332502159,0.5372767344399726,Dependence
40.886322,-73.90224,0.11090731743236232,0.6964856806971345,Unsustained place
40.886616,-73.81012,0.01370279332502159,0.538295449201759,Dependence
40.886845,-73.82523,0.0,0.5780867527408217,Dependence
40.887882,-73.81244,0.03144675193470363,0.559314597940668,Dependence
40.888092,-73.8614,0.06987298514271384,0.6009319688614849,Unsustained place
40.888573,-73.862915,0.05617019181769224,0.6111690049077849,Unsustained place
40.888687,-73.84018,0.01370279332502159,0.6857447344533295,Dependence
40.889885,-73.82009,0.0,0.7038184042688179,Dependence
40.890327,-73.857994,0.0,0.6293497911528441,Dependence
40.891163,-73.83108,0.0,0.6404471747204133,Dependence
40.891438,-73.86147,0.04175906840282875,0.6186765555458222,Unsustained place
40.894115,-73.84604,0.017743958609682038,0.6719758672369123,Dependence
40.894234,-73.840385,0.0,0.6716228636429875,Dependence
40.894394,-73.90018,0.03144675193470363,0.6066874912729057,Dependence
40.894577,-73.844315,0.017743958609682038,0.6858469763719903,Dependence
40.895927,-73.84386,0.05323187582904612,0.7266454094127968,Unsustained place
40.895935,-73.853966,0.0,0.7414743279279188,Dependence
40.896408,-73.852615,0.024723439882988613,0.7062221475672353,Dependence
40.897892,-73.84654,0.035487917219364076,0.6311121879723292,Dependence
40.899456,-73.85186,0.04246739849267065,0.6798936160331988,Unsustained place
40.900925,-73.85375,0.03144675193470363,0.6662177503451865,Dependence
40.901924,-73.86561,0.09838142108877133,0.6308338575673036,Unsustained place
40.903553,-73.905235,0.06851396662510796,0.6797499029031686,Unsustained place
40.904423,-73.85478,0.052129026533031794,0.6374064306149531,Unsustained place
40.905018,-73.8505,0.024723439882988613,0.6540695761974935,Dependence
40.905033,-73.9064,0.02740558665004318,0.6962219655826184,Dependence
40.906784,-73.899445,0.01370279332502159,0.7060925079624583,Dependence
40.909813,-73.901405,0.05323187582904612,0.6554557011867337,Unsustained place
40.910484,-73.90216,0.017743958609682038,0.6792243629883888,Dependence
40.75610346031747,-73.74653920634918,0.01370279332502159,0.5853046137405862,Dependence
40.59909676,-73.90496439999998,0.01370279332502159,0.4865211476891173,Dependence
40.88471233333333,-73.8157275,0.01370279332502159,0.37126015482644265,Dependence
40.76461232,-73.75870024,0.02740558665004318,0.6328583288908998,Dependence
40.798256,-73.82744000000001,0.01370279332502159,0.7301298892372424,Dependence
40.79800999999999,-73.827065,0.01370279332502159,0.7362080977824541,Dependence
40.80470000000001,-73.83140999999999,0.01370279332502159,0.7038351201969895,Dependence
40.79237204424778,-73.79326601769912,0.01370279332502159,0.6565582146275737,Dependence
40.74727200000001,-73.96673000000001,0.02740558665004318,0.6582401717523632,Dependence
40.54115,-74.23754,0.017743958609682038,0.5237064530900103,Dependence
40.75492930941705,-73.74543569506726,0.01370279332502159,0.6220432149268762,Dependence
40.879196,-73.817566,0.01370279332502159,0.5697459973175792,Dependence
40.903065,-73.888115,0.0,0.32253833705507706,Dependence
40.87169,-73.81971,0.01370279332502159,0.39209965941260294,Dependence
